{"moduleName":null,"summaries":[{"symbol":{"__symbol":0,"members":[]},"metadata":{"__symbolic":"class","extends":{"__symbol":1,"members":[]},"members":{"merchantName":[{"__symbolic":"property","decorators":[{"__symbolic":"call","expression":{"__symbol":2,"members":[]},"arguments":[{"id":"merchantName_18dfd3c7_41rb","name":"{{merchantName_18dfd3c7_41rb}}","binding":"merchantName","updateOn":"blur","defaultI18nValue":"供货商名称","validRules":[{"type":"matches","constraints":[""]}]}]}]}],"merchantType":[{"__symbolic":"property","decorators":[{"__symbolic":"call","expression":{"__symbol":2,"members":[]},"arguments":[{"id":"merchantType_66413d1f_oewx","name":"{{merchantType_66413d1f_oewx}}","binding":"merchantType","updateOn":"change","defaultI18nValue":"供货商类型"}]}]}],"email":[{"__symbolic":"property","decorators":[{"__symbolic":"call","expression":{"__symbol":2,"members":[]},"arguments":[{"id":"email_da5e2824_7pod","name":"{{email_da5e2824_7pod}}","binding":"email","updateOn":"blur","defaultI18nValue":"邮箱","validRules":[{"type":"matches","constraints":[""]}]}]}]}],"telephone":[{"__symbolic":"property","decorators":[{"__symbolic":"call","expression":{"__symbol":2,"members":[]},"arguments":[{"id":"telephone_51dc64ef_b1um","name":"{{telephone_51dc64ef_b1um}}","binding":"telephone","updateOn":"blur","defaultI18nValue":"联系电话","validRules":[{"type":"matches","constraints":[""]}]}]}]}],"remark":[{"__symbolic":"property","decorators":[{"__symbolic":"call","expression":{"__symbol":2,"members":[]},"arguments":[{"id":"remark_755c8e46_xc4s","name":"{{remark_755c8e46_xc4s}}","binding":"remark","updateOn":"blur","defaultI18nValue":"备注","validRules":[{"type":"matches","constraints":[""]}]}]}]}],"name":[{"__symbolic":"property","decorators":[{"__symbolic":"call","expression":{"__symbol":2,"members":[]},"arguments":[{"id":"name_c0bd885f_2fj5","name":"{{name_c0bd885f_2fj5}}","binding":"name","updateOn":"blur","defaultI18nValue":"负责人姓名","validRules":[{"type":"matches","constraints":[""]}]}]}]}]}},"type":{"summaryKind":3,"type":{"reference":{"__symbol":0,"members":[]},"diDeps":[],"lifecycleHooks":[1]}}}],"symbols":[{"__symbol":0,"name":"DetailFormComponentViewmodelForm","filePath":"./detailformcomponentviewmodelform"},{"__symbol":1,"name":"Form","filePath":"@farris/devkit"},{"__symbol":2,"name":"NgFormControl","filePath":"@farris/devkit"}]}