{"moduleName":null,"summaries":[{"symbol":{"__symbol":0,"members":[]},"metadata":{"__symbolic":"class","extends":{"__symbol":1,"members":[]},"members":{"code":[{"__symbolic":"property","decorators":[{"__symbolic":"call","expression":{"__symbol":2,"members":[]},"arguments":[{"id":"code_830abdc2_xmf5","name":"{{code_830abdc2_xmf5}}","binding":"code","updateOn":"blur","defaultI18nValue":"编号"}]}]}],"name":[{"__symbolic":"property","decorators":[{"__symbolic":"call","expression":{"__symbol":2,"members":[]},"arguments":[{"id":"name_62f6f967_ljy5","name":"{{name_62f6f967_ljy5}}","binding":"name","updateOn":"blur","defaultI18nValue":"名称"}]}]}],"remark":[{"__symbolic":"property","decorators":[{"__symbolic":"call","expression":{"__symbol":2,"members":[]},"arguments":[{"id":"remark_794148b9_im8m","name":"{{remark_794148b9_im8m}}","binding":"remark","updateOn":"blur","defaultI18nValue":"备注"}]}]}],"state":[{"__symbolic":"property","decorators":[{"__symbolic":"call","expression":{"__symbol":2,"members":[]},"arguments":[{"id":"state_1d83bcc3_y84z","name":"{{state_1d83bcc3_y84z}}","binding":"state","updateOn":"blur","defaultI18nValue":"状态"}]}]}],"gender":[{"__symbolic":"property","decorators":[{"__symbolic":"call","expression":{"__symbol":2,"members":[]},"arguments":[{"id":"gender_58ff12cc_9oof","name":"{{gender_58ff12cc_9oof}}","binding":"gender","updateOn":"change","defaultI18nValue":"性别"}]}]}],"countryOrArea":[{"__symbolic":"property","decorators":[{"__symbolic":"call","expression":{"__symbol":2,"members":[]},"arguments":[{"id":"countryOrArea_ae921ab7_77jq","name":"{{countryOrArea_ae921ab7_77jq}}","binding":"countryOrArea","updateOn":"blur","defaultI18nValue":"所属国家或地区"}]}]}],"location":[{"__symbolic":"property","decorators":[{"__symbolic":"call","expression":{"__symbol":2,"members":[]},"arguments":[{"id":"location_f268b1fe_gq8r","name":"{{location_f268b1fe_gq8r}}","binding":"location","updateOn":"blur","defaultI18nValue":"常驻地"}]}]}],"postID":[{"__symbolic":"property","decorators":[{"__symbolic":"call","expression":{"__symbol":2,"members":[]},"arguments":[{"id":"postID_5b850216_8sgi","name":"{{postID_5b850216_8sgi}}","binding":"postID","updateOn":"blur","defaultI18nValue":"职级"}]}]}],"category":[{"__symbolic":"property","decorators":[{"__symbolic":"call","expression":{"__symbol":2,"members":[]},"arguments":[{"id":"category_351d2443_g9il","name":"{{category_351d2443_g9il}}","binding":"category","updateOn":"blur","defaultI18nValue":"人员类别"}]}]}],"telephone_PhoneNumber":[{"__symbolic":"property","decorators":[{"__symbolic":"call","expression":{"__symbol":2,"members":[]},"arguments":[{"id":"telephone_PhoneNumber_d8210a21_g82b","name":"{{telephone_PhoneNumber_d8210a21_g82b}}","binding":"telephone.phoneNumber","updateOn":"blur","defaultI18nValue":"联系电话"}]}]}],"mailbox_Email":[{"__symbolic":"property","decorators":[{"__symbolic":"call","expression":{"__symbol":2,"members":[]},"arguments":[{"id":"mailbox_Email_977b95f3_b1dh","name":"{{mailbox_Email_977b95f3_b1dh}}","binding":"mailbox.email","updateOn":"blur","defaultI18nValue":"邮箱"}]}]}],"organization_Organization_Name":[{"__symbolic":"property","decorators":[{"__symbolic":"call","expression":{"__symbol":2,"members":[]},"arguments":[{"id":"organization_Organization_ShortName_58a39191_yswj","name":"{{organization_Organization_ShortName_58a39191_yswj}}","binding":"organization.organization_Name","updateOn":"blur","defaultI18nValue":"组织"}]}]}]}},"type":{"summaryKind":3,"type":{"reference":{"__symbol":0,"members":[]},"diDeps":[],"lifecycleHooks":[1]}}}],"symbols":[{"__symbol":0,"name":"BasicFormViewmodelForm","filePath":"./basicformviewmodelform"},{"__symbol":1,"name":"Form","filePath":"@farris/devkit"},{"__symbol":2,"name":"NgFormControl","filePath":"@farris/devkit"}]}