{"moduleName":null,"summaries":[{"symbol":{"__symbol":0,"members":[]},"metadata":{"__symbolic":"class","extends":{"__symbol":1,"members":[]},"members":{"schoolName":[{"__symbolic":"property","decorators":[{"__symbolic":"call","expression":{"__symbol":2,"members":[]},"arguments":[{"id":"schoolName","name":"{{schoolName_03445c2d_x1dt}}","binding":"schoolName","updateOn":"blur","defaultI18nValue":"学校名称"}]}]}],"timeInterval":[{"__symbolic":"property","decorators":[{"__symbolic":"call","expression":{"__symbol":2,"members":[]},"arguments":[{"id":"timeInterval","name":"{{timeInterval_f0c2cb3d_oajz}}","binding":"timeInterval","updateOn":"blur","defaultI18nValue":"时间区间"}]}]}],"studyType":[{"__symbolic":"property","decorators":[{"__symbolic":"call","expression":{"__symbol":2,"members":[]},"arguments":[{"id":"studyType","name":"{{studyType_afaddce9_ov6q}}","binding":"studyType","updateOn":"blur","defaultI18nValue":"学习形式"}]}]}],"education":[{"__symbolic":"property","decorators":[{"__symbolic":"call","expression":{"__symbol":2,"members":[]},"arguments":[{"id":"education","name":"{{education_a617eb0b_1ggh}}","binding":"education","updateOn":"blur","defaultI18nValue":"学历"}]}]}],"major":[{"__symbolic":"property","decorators":[{"__symbolic":"call","expression":{"__symbol":2,"members":[]},"arguments":[{"id":"major","name":"{{major_e7f1b580_qr7r}}","binding":"major","updateOn":"blur","defaultI18nValue":"专业"}]}]}],"eduSystem":[{"__symbolic":"property","decorators":[{"__symbolic":"call","expression":{"__symbol":2,"members":[]},"arguments":[{"id":"eduSystem","name":"{{eduSystem_3417c999_2vup}}","binding":"eduSystem","updateOn":"blur","defaultI18nValue":"学制"}]}]}],"degree":[{"__symbolic":"property","decorators":[{"__symbolic":"call","expression":{"__symbol":2,"members":[]},"arguments":[{"id":"degree","name":"{{degree_553e6f70_81mn}}","binding":"degree","updateOn":"blur","defaultI18nValue":"学位"}]}]}],"isFirstDegree":[{"__symbolic":"property","decorators":[{"__symbolic":"call","expression":{"__symbol":2,"members":[]},"arguments":[{"id":"isFirstDegree","name":"{{isFirstDegree_6e18be6a_uqsh}}","binding":"isFirstDegree","updateOn":"change","defaultI18nValue":"是否第一学历"}]}]}],"isHighest":[{"__symbolic":"property","decorators":[{"__symbolic":"call","expression":{"__symbol":2,"members":[]},"arguments":[{"id":"isHighest","name":"{{isHighest_f326b212_0hiz}}","binding":"isHighest","updateOn":"change","defaultI18nValue":"是否最高学历"}]}]}]}},"type":{"summaryKind":3,"type":{"reference":{"__symbol":0,"members":[]},"diDeps":[],"lifecycleHooks":[1]}}}],"symbols":[{"__symbol":0,"name":"Eduinfo5n7mComponentViewmodelForm","filePath":"./eduinfo5n7mcomponentviewmodelform"},{"__symbol":1,"name":"Form","filePath":"@farris/devkit"},{"__symbol":2,"name":"NgFormControl","filePath":"@farris/devkit"}]}