{"moduleName":null,"summaries":[{"symbol":{"__symbol":0,"members":[]},"metadata":{"__symbolic":"class","extends":{"__symbol":1,"members":[]},"members":{"company":[{"__symbolic":"property","decorators":[{"__symbolic":"call","expression":{"__symbol":2,"members":[]},"arguments":[{"id":"company","name":"{{company_80d1344d_cba8}}","binding":"company","updateOn":"blur","defaultI18nValue":"工作单位"}]}]}],"timeInterval":[{"__symbolic":"property","decorators":[{"__symbolic":"call","expression":{"__symbol":2,"members":[]},"arguments":[{"id":"timeInterval","name":"{{timeInterval_f4f4d93b_4zx8}}","binding":"timeInterval","updateOn":"blur","defaultI18nValue":"时间区间"}]}]}],"position":[{"__symbolic":"property","decorators":[{"__symbolic":"call","expression":{"__symbol":2,"members":[]},"arguments":[{"id":"position","name":"{{position_b9e9c43c_wepj}}","binding":"position","updateOn":"blur","defaultI18nValue":"岗位"}]}]}],"salary":[{"__symbolic":"property","decorators":[{"__symbolic":"call","expression":{"__symbol":2,"members":[]},"arguments":[{"id":"salary","name":"{{salary_e2da012a_z3rc}}","binding":"salary","updateOn":"change","defaultI18nValue":"薪资"}]}]}],"certifier":[{"__symbolic":"property","decorators":[{"__symbolic":"call","expression":{"__symbol":2,"members":[]},"arguments":[{"id":"certifier","name":"{{certifier_04b1f958_8yzf}}","binding":"certifier","updateOn":"blur","defaultI18nValue":"证明人"}]}]}],"telephone":[{"__symbolic":"property","decorators":[{"__symbolic":"call","expression":{"__symbol":2,"members":[]},"arguments":[{"id":"telephone","name":"{{telephone_8210c899_nr8c}}","binding":"telephone","updateOn":"blur","defaultI18nValue":"证明人联系方式"}]}]}]}},"type":{"summaryKind":3,"type":{"reference":{"__symbol":0,"members":[]},"diDeps":[],"lifecycleHooks":[1]}}}],"symbols":[{"__symbol":0,"name":"JobinfoVynnComponentViewmodelForm","filePath":"./jobinfovynncomponentviewmodelform"},{"__symbol":1,"name":"Form","filePath":"@farris/devkit"},{"__symbol":2,"name":"NgFormControl","filePath":"@farris/devkit"}]}