{"moduleName":null,"summaries":[{"symbol":{"__symbol":0,"members":[]},"metadata":{"__symbolic":"class","extends":{"__symbol":1,"members":[]},"members":{"id":[{"__symbolic":"property","decorators":[{"__symbolic":"call","expression":{"__symbol":2,"members":[]},"arguments":[{"originalDataField":"ID","dataField":"id","primary":true,"originalDataFieldType":"String","initValue":"","path":"ID","validRules":[{"type":"required","constraints":[true]},{"type":"maxLength","constraints":[36],"message":"最大长度为36"}]}]}]}],"parentID":[{"__symbolic":"property","decorators":[{"__symbolic":"call","expression":{"__symbol":2,"members":[]},"arguments":[{"originalDataField":"ParentID","dataField":"parentID","originalDataFieldType":"String","initValue":"","path":"ParentID","validRules":[{"type":"required","constraints":[true]},{"type":"maxLength","constraints":[36],"message":"最大长度为36"}]}]}]}],"empolyeeID":[{"__symbolic":"property","decorators":[{"__symbolic":"call","expression":{"__symbol":2,"members":[]},"arguments":[{"originalDataField":"EmpolyeeID","dataField":"empolyeeID","originalDataFieldType":"String","initValue":"","path":"EmpolyeeID","validRules":[{"type":"maxLength","constraints":[36],"message":"最大长度为36"}]}]}]}],"schoolName":[{"__symbolic":"property","decorators":[{"__symbolic":"call","expression":{"__symbol":2,"members":[]},"arguments":[{"originalDataField":"SchoolName","dataField":"schoolName","originalDataFieldType":"String","initValue":"","path":"SchoolName","validRules":[{"type":"maxLength","constraints":[36],"message":"最大长度为36"}]}]}]}],"timeInterval":[{"__symbolic":"property","decorators":[{"__symbolic":"call","expression":{"__symbol":2,"members":[]},"arguments":[{"originalDataField":"TimeInterval","dataField":"timeInterval","originalDataFieldType":"String","initValue":"","path":"TimeInterval","validRules":[{"type":"maxLength","constraints":[36],"message":"最大长度为36"}]}]}]}],"studyType":[{"__symbolic":"property","decorators":[{"__symbolic":"call","expression":{"__symbol":2,"members":[]},"arguments":[{"originalDataField":"StudyType","dataField":"studyType","originalDataFieldType":"String","initValue":"","path":"StudyType","validRules":[{"type":"maxLength","constraints":[36],"message":"最大长度为36"}]}]}]}],"major":[{"__symbolic":"property","decorators":[{"__symbolic":"call","expression":{"__symbol":2,"members":[]},"arguments":[{"originalDataField":"Major","dataField":"major","originalDataFieldType":"String","initValue":"","path":"Major","validRules":[{"type":"maxLength","constraints":[36],"message":"最大长度为36"}]}]}]}],"education":[{"__symbolic":"property","decorators":[{"__symbolic":"call","expression":{"__symbol":2,"members":[]},"arguments":[{"originalDataField":"Education","dataField":"education","originalDataFieldType":"String","initValue":"","path":"Education","validRules":[{"type":"maxLength","constraints":[36],"message":"最大长度为36"}]}]}]}],"eduSystem":[{"__symbolic":"property","decorators":[{"__symbolic":"call","expression":{"__symbol":2,"members":[]},"arguments":[{"originalDataField":"EduSystem","dataField":"eduSystem","originalDataFieldType":"String","initValue":"","path":"EduSystem","validRules":[{"type":"maxLength","constraints":[36],"message":"最大长度为36"}]}]}]}],"degree":[{"__symbolic":"property","decorators":[{"__symbolic":"call","expression":{"__symbol":2,"members":[]},"arguments":[{"originalDataField":"Degree","dataField":"degree","originalDataFieldType":"String","initValue":"","path":"Degree","validRules":[{"type":"maxLength","constraints":[36],"message":"最大长度为36"}]}]}]}],"isFirstDegree":[{"__symbolic":"property","decorators":[{"__symbolic":"call","expression":{"__symbol":2,"members":[]},"arguments":[{"originalDataField":"IsFirstDegree","dataField":"isFirstDegree","originalDataFieldType":"Boolean","initValue":false,"path":"IsFirstDegree"}]}]}],"isHighest":[{"__symbolic":"property","decorators":[{"__symbolic":"call","expression":{"__symbol":2,"members":[]},"arguments":[{"originalDataField":"IsHighest","dataField":"isHighest","originalDataFieldType":"Boolean","initValue":false,"path":"IsHighest"}]}]}]}}}],"symbols":[{"__symbol":0,"name":"EduInfoEntity","filePath":"./eduinfoentity"},{"__symbol":1,"name":"Entity","filePath":"@farris/devkit"},{"__symbol":2,"name":"NgField","filePath":"@farris/devkit"}]}