{"moduleName":null,"summaries":[{"symbol":{"__symbol":0,"members":[]},"metadata":{"__symbolic":"class","extends":{"__symbol":1,"members":[]},"members":{"email":[{"__symbolic":"property","decorators":[{"__symbolic":"call","expression":{"__symbol":2,"members":[]},"arguments":[{"originalDataField":"Email","dataField":"email","originalDataFieldType":"String","initValue":"","path":"Mailbox.Email","validRules":[{"type":"maxLength","constraints":[500],"message":"最大长度为500"}]}]}]}]}}}],"symbols":[{"__symbol":0,"name":"Email977bEntity","filePath":"./email977bentity"},{"__symbol":1,"name":"Entity","filePath":"@farris/devkit"},{"__symbol":2,"name":"NgField","filePath":"@farris/devkit"}]}