{"moduleName":null,"summaries":[{"symbol":{"__symbol":0,"members":[]},"metadata":{"__symbolic":"class","extends":{"__symbol":1,"members":[]},"members":{"id":[{"__symbolic":"property","decorators":[{"__symbolic":"call","expression":{"__symbol":2,"members":[]},"arguments":[{"originalDataField":"ID","dataField":"id","primary":true,"originalDataFieldType":"String","initValue":"","path":"ID","validRules":[{"type":"required","constraints":[true]},{"type":"maxLength","constraints":[36],"message":"最大长度为36"}]}]}]}],"version":[{"__symbolic":"property","decorators":[{"__symbolic":"call","expression":{"__symbol":2,"members":[]},"arguments":[{"originalDataField":"Version","dataField":"version","originalDataFieldType":"DateTime","initValue":"0001-01-01T00:00:00","path":"Version","enableTimeZone":true}]}]}],"code":[{"__symbolic":"property","decorators":[{"__symbolic":"call","expression":{"__symbol":2,"members":[]},"arguments":[{"originalDataField":"Code","dataField":"code","originalDataFieldType":"String","initValue":"","path":"Code","validRules":[{"type":"maxLength","constraints":[1000],"message":"最大长度为1000"}]}]}]}],"name":[{"__symbolic":"property","decorators":[{"__symbolic":"call","expression":{"__symbol":2,"members":[]},"arguments":[{"originalDataField":"Name","dataField":"name","originalDataFieldType":"String","initValue":"","path":"Name","validRules":[{"type":"maxLength","constraints":[1000],"message":"最大长度为1000"}]}]}]}],"remark":[{"__symbolic":"property","decorators":[{"__symbolic":"call","expression":{"__symbol":2,"members":[]},"arguments":[{"originalDataField":"Remark","dataField":"remark","originalDataFieldType":"String","initValue":"","path":"Remark","validRules":[{"type":"maxLength","constraints":[1000],"message":"最大长度为1000"}]}]}]}],"state":[{"__symbolic":"property","decorators":[{"__symbolic":"call","expression":{"__symbol":2,"members":[]},"arguments":[{"originalDataField":"State","dataField":"state","originalDataFieldType":"Enum","defaultValue":"","initValue":"zz","path":"State"}]}]}],"gender":[{"__symbolic":"property","decorators":[{"__symbolic":"call","expression":{"__symbol":2,"members":[]},"arguments":[{"originalDataField":"Gender","dataField":"gender","originalDataFieldType":"Enum","defaultValue":"","initValue":"men","path":"Gender"}]}]}],"countryOrArea":[{"__symbolic":"property","decorators":[{"__symbolic":"call","expression":{"__symbol":2,"members":[]},"arguments":[{"originalDataField":"CountryOrArea","dataField":"countryOrArea","originalDataFieldType":"String","initValue":"","path":"CountryOrArea","validRules":[{"type":"maxLength","constraints":[22],"message":"最大长度为22"}]}]}]}],"location":[{"__symbolic":"property","decorators":[{"__symbolic":"call","expression":{"__symbol":2,"members":[]},"arguments":[{"originalDataField":"Location","dataField":"location","originalDataFieldType":"String","initValue":"","path":"Location","validRules":[{"type":"maxLength","constraints":[22],"message":"最大长度为22"}]}]}]}],"postID":[{"__symbolic":"property","decorators":[{"__symbolic":"call","expression":{"__symbol":2,"members":[]},"arguments":[{"originalDataField":"PostID","dataField":"postID","originalDataFieldType":"String","initValue":"","path":"PostID","validRules":[{"type":"maxLength","constraints":[36],"message":"最大长度为36"}]}]}]}],"category":[{"__symbolic":"property","decorators":[{"__symbolic":"call","expression":{"__symbol":2,"members":[]},"arguments":[{"originalDataField":"Category","dataField":"category","originalDataFieldType":"Enum","defaultValue":"","initValue":"01","path":"Category"}]}]}],"displayName":[{"__symbolic":"property","decorators":[{"__symbolic":"call","expression":{"__symbol":2,"members":[]},"arguments":[{"originalDataField":"DisplayName","dataField":"displayName","originalDataFieldType":"String","initValue":"","path":"DisplayName","validRules":[{"type":"maxLength","constraints":[36],"message":"最大长度为36"}]}]}]}],"secret":[{"__symbolic":"property","decorators":[{"__symbolic":"call","expression":{"__symbol":2,"members":[]},"arguments":[{"originalDataField":"Secret","dataField":"secret","originalDataFieldType":"Enum","defaultValue":"","initValue":"Public","path":"Secret"}]}]}],"eduInfos":[{"__symbolic":"property","decorators":[{"__symbolic":"call","expression":{"__symbol":3,"members":[]},"arguments":[{"dataField":"eduInfos","originalDataField":"","type":{"__symbol":4,"members":[]}}]}]}],"jobInfos":[{"__symbolic":"property","decorators":[{"__symbolic":"call","expression":{"__symbol":3,"members":[]},"arguments":[{"dataField":"jobInfos","originalDataField":"","type":{"__symbol":5,"members":[]}}]}]}],"organization":[{"__symbolic":"property","decorators":[{"__symbolic":"call","expression":{"__symbol":6,"members":[]},"arguments":[{"dataField":"organization","originalDataField":"Organization","type":{"__symbol":7,"members":[]}}]}]}],"telephone":[{"__symbolic":"property","decorators":[{"__symbolic":"call","expression":{"__symbol":6,"members":[]},"arguments":[{"dataField":"telephone","originalDataField":"Telephone","type":{"__symbol":8,"members":[]}}]}]}],"mailbox":[{"__symbolic":"property","decorators":[{"__symbolic":"call","expression":{"__symbol":6,"members":[]},"arguments":[{"dataField":"mailbox","originalDataField":"Mailbox","type":{"__symbol":9,"members":[]}}]}]}]}}}],"symbols":[{"__symbol":0,"name":"EmployeeEntity","filePath":"./employeeentity"},{"__symbol":1,"name":"Entity","filePath":"@farris/devkit"},{"__symbol":2,"name":"NgField","filePath":"@farris/devkit"},{"__symbol":3,"name":"NgList","filePath":"@farris/devkit"},{"__symbol":4,"name":"EduInfoEntity","filePath":"./eduinfoentity"},{"__symbol":5,"name":"JobInfoEntity","filePath":"./jobinfoentity"},{"__symbol":6,"name":"NgObject","filePath":"@farris/devkit"},{"__symbol":7,"name":"Organization96dbEntity","filePath":"./organization96dbentity"},{"__symbol":8,"name":"PhoneNumberD821Entity","filePath":"./phonenumberd821entity"},{"__symbol":9,"name":"Email977bEntity","filePath":"./email977bentity"}]}