{"moduleName":null,"summaries":[{"symbol":{"__symbol":0,"members":[]},"metadata":{"__symbolic":"class","extends":{"__symbol":1,"members":[]},"members":{"id":[{"__symbolic":"property","decorators":[{"__symbolic":"call","expression":{"__symbol":2,"members":[]},"arguments":[{"originalDataField":"ID","dataField":"id","primary":true,"originalDataFieldType":"String","initValue":"","path":"ID","validRules":[{"type":"required","constraints":[true]},{"type":"maxLength","constraints":[36],"message":"最大长度为36"}]}]}]}],"parentID":[{"__symbolic":"property","decorators":[{"__symbolic":"call","expression":{"__symbol":2,"members":[]},"arguments":[{"originalDataField":"ParentID","dataField":"parentID","originalDataFieldType":"String","initValue":"","path":"ParentID","validRules":[{"type":"required","constraints":[true]},{"type":"maxLength","constraints":[36],"message":"最大长度为36"}]}]}]}],"company":[{"__symbolic":"property","decorators":[{"__symbolic":"call","expression":{"__symbol":2,"members":[]},"arguments":[{"originalDataField":"Company","dataField":"company","originalDataFieldType":"String","initValue":"","path":"Company","validRules":[{"type":"maxLength","constraints":[36],"message":"最大长度为36"}]}]}]}],"timeInterval":[{"__symbolic":"property","decorators":[{"__symbolic":"call","expression":{"__symbol":2,"members":[]},"arguments":[{"originalDataField":"TimeInterval","dataField":"timeInterval","originalDataFieldType":"String","initValue":"","path":"TimeInterval","validRules":[{"type":"maxLength","constraints":[36],"message":"最大长度为36"}]}]}]}],"position":[{"__symbolic":"property","decorators":[{"__symbolic":"call","expression":{"__symbol":2,"members":[]},"arguments":[{"originalDataField":"Position","dataField":"position","originalDataFieldType":"String","initValue":"","path":"Position","validRules":[{"type":"maxLength","constraints":[36],"message":"最大长度为36"}]}]}]}],"salary":[{"__symbolic":"property","decorators":[{"__symbolic":"call","expression":{"__symbol":2,"members":[]},"arguments":[{"originalDataField":"Salary","dataField":"salary","originalDataFieldType":"Boolean","initValue":false,"path":"Salary"}]}]}],"certifier":[{"__symbolic":"property","decorators":[{"__symbolic":"call","expression":{"__symbol":2,"members":[]},"arguments":[{"originalDataField":"Certifier","dataField":"certifier","originalDataFieldType":"String","initValue":"","path":"Certifier","validRules":[{"type":"maxLength","constraints":[36],"message":"最大长度为36"}]}]}]}],"telephone":[{"__symbolic":"property","decorators":[{"__symbolic":"call","expression":{"__symbol":2,"members":[]},"arguments":[{"originalDataField":"Telephone","dataField":"telephone","originalDataFieldType":"String","initValue":"","path":"Telephone","validRules":[{"type":"maxLength","constraints":[20],"message":"最大长度为20"}]}]}]}]}}}],"symbols":[{"__symbol":0,"name":"JobInfoEntity","filePath":"./jobinfoentity"},{"__symbol":1,"name":"Entity","filePath":"@farris/devkit"},{"__symbol":2,"name":"NgField","filePath":"@farris/devkit"}]}