{"moduleName":null,"summaries":[{"symbol":{"__symbol":0,"members":[]},"metadata":{"__symbolic":"class","extends":{"__symbol":1,"members":[]},"members":{"organization":[{"__symbolic":"property","decorators":[{"__symbolic":"call","expression":{"__symbol":2,"members":[]},"arguments":[{"originalDataField":"Organization","dataField":"organization","primary":true,"originalDataFieldType":"String","initValue":"","path":"Organization.Organization","validRules":[{"type":"maxLength","constraints":[36],"message":"最大长度为36"}]}]}]}],"organization_Code":[{"__symbolic":"property","decorators":[{"__symbolic":"call","expression":{"__symbol":2,"members":[]},"arguments":[{"originalDataField":"Code","dataField":"organization_Code","originalDataFieldType":"String","initValue":"","path":"Organization.Organization_Code","validRules":[{"type":"maxLength","constraints":[36],"message":"最大长度为36"}]}]}]}],"organization_Name":[{"__symbolic":"property","decorators":[{"__symbolic":"call","expression":{"__symbol":2,"members":[]},"arguments":[{"originalDataField":"Name","dataField":"organization_Name","originalDataFieldType":"String","initValue":"","path":"Organization.Organization_Name","validRules":[{"type":"maxLength","constraints":[36],"message":"最大长度为36"}]}]}]}]}}}],"symbols":[{"__symbol":0,"name":"Organization96dbEntity","filePath":"./organization96dbentity"},{"__symbol":1,"name":"Entity","filePath":"@farris/devkit"},{"__symbol":2,"name":"NgField","filePath":"@farris/devkit"}]}