{"moduleName":null,"summaries":[{"symbol":{"__symbol":0,"members":[]},"metadata":{"__symbolic":"class","extends":{"__symbol":1,"members":[]},"members":{"merchantName":[{"__symbolic":"property","decorators":[{"__symbolic":"call","expression":{"__symbol":2,"members":[]},"arguments":[{"id":"merchantName_d70bde2a_sbmo","name":"{{merchantName_d70bde2a_sbmo}}","binding":"merchantName","updateOn":"blur","defaultI18nValue":"商户名称","validRules":[{"type":"matches","constraints":[""]}]}]}]}],"merchantType":[{"__symbolic":"property","decorators":[{"__symbolic":"call","expression":{"__symbol":2,"members":[]},"arguments":[{"id":"merchantType_b334a325_qyf8","name":"{{merchantType_b334a325_qyf8}}","binding":"merchantType","updateOn":"change","defaultI18nValue":"商户类型"}]}]}],"email":[{"__symbolic":"property","decorators":[{"__symbolic":"call","expression":{"__symbol":2,"members":[]},"arguments":[{"id":"email_e513a78a_8xvs","name":"{{email_e513a78a_8xvs}}","binding":"email","updateOn":"blur","defaultI18nValue":"邮箱","validRules":[{"type":"matches","constraints":[""]}]}]}]}],"telephone":[{"__symbolic":"property","decorators":[{"__symbolic":"call","expression":{"__symbol":2,"members":[]},"arguments":[{"id":"telephone_29593720_eld4","name":"{{telephone_29593720_eld4}}","binding":"telephone","updateOn":"blur","defaultI18nValue":"联系电话","validRules":[{"type":"matches","constraints":[""]}]}]}]}],"remark":[{"__symbolic":"property","decorators":[{"__symbolic":"call","expression":{"__symbol":2,"members":[]},"arguments":[{"id":"remark_a1738acb_mcf6","name":"{{remark_a1738acb_mcf6}}","binding":"remark","updateOn":"blur","defaultI18nValue":"备注","validRules":[{"type":"matches","constraints":[""]}]}]}]}]}},"type":{"summaryKind":3,"type":{"reference":{"__symbol":0,"members":[]},"diDeps":[],"lifecycleHooks":[1]}}}],"symbols":[{"__symbol":0,"name":"DetailFormComponentViewmodelForm","filePath":"./detailformcomponentviewmodelform"},{"__symbol":1,"name":"Form","filePath":"@farris/devkit"},{"__symbol":2,"name":"NgFormControl","filePath":"@farris/devkit"}]}