[{"autoIncre":true,"category":"form","key":"polyfills.js","value":"42ded8affd0946"},{"autoIncre":true,"category":"form","key":"main.js","value":"ddd345a9467081"},{"autoIncre":true,"category":"form","key":"employeecard.js","value":"dc12f49d022474"},{"autoIncre":true,"category":"form","key":"employeelist.js","value":"2787eaa03cd3e9"},{"autoIncre":true,"category":"form","key":"employeeform.js","value":"c62551d1194d97"},{"autoIncre":true,"category":"form","key":"employee.js","value":"b64da6013b0bf4"}]