{
  "AppCode" : "AppOrder",
  "ServiceUnitCode" : "DF",
  "BizobjectCode" : "Merchant",
  "BizobjectID" : "f8f7bbf8-b84e-fbc9-9cf8-b9945a03a13d",
  "ProjectNameSpace" : "Inspur.GS.AppOrder.DF.Merchant.Merchant.Back",
  "SuDeploymentPath" : "apps/apporder/df",
  "MetadataProjectName" : "bo-Merchant-Back",
  "MetadataPackageName" : "Inspur.GS.AppOrder.DF.Merchant.Merchant.Back",
  "SuConfigDeploymentPath" : null,
  "ProjectType" : "backend",
  "ProjectExtendItem" : [ {
    "codelanguage" : "java"
  } ]
}