{"moduleName":null,"summaries":[{"symbol":{"__symbol":0,"members":[]},"metadata":{"__symbolic":"class","extends":{"__symbol":1,"members":[]},"members":{"merchantName":[{"__symbolic":"property","decorators":[{"__symbolic":"call","expression":{"__symbol":2,"members":[]},"arguments":[{"id":"merchantName_e7dc959b_d427","name":"{{merchantName_e7dc959b_d427}}","binding":"merchantName","updateOn":"blur","defaultI18nValue":"商户名称","validRules":[{"type":"required","constraints":[true]}]}]}]}],"merchantCode":[{"__symbolic":"property","decorators":[{"__symbolic":"call","expression":{"__symbol":2,"members":[]},"arguments":[{"id":"merchantCode_f652b306_okho","name":"{{merchantCode_f652b306_okho}}","binding":"merchantCode","updateOn":"blur","defaultI18nValue":"商户编号"}]}]}],"companyType":[{"__symbolic":"property","decorators":[{"__symbolic":"call","expression":{"__symbol":2,"members":[]},"arguments":[{"id":"companyType_3dd5deb3_dlri","name":"{{companyType_3dd5deb3_dlri}}","binding":"companyType","updateOn":"blur","defaultI18nValue":"企业类型","validRules":[{"type":"required","constraints":[true]}]}]}]}],"merchantType":[{"__symbolic":"property","decorators":[{"__symbolic":"call","expression":{"__symbol":2,"members":[]},"arguments":[{"id":"merchantType_bc79da07_02rx","name":"{{merchantType_bc79da07_02rx}}","binding":"merchantType","updateOn":"blur","defaultI18nValue":"商户类型","validRules":[{"type":"required","constraints":[true]}]}]}]}],"realName":[{"__symbolic":"property","decorators":[{"__symbolic":"call","expression":{"__symbol":2,"members":[]},"arguments":[{"id":"realName_5c5a0af4_2ijz","name":"{{realName_5c5a0af4_2ijz}}","binding":"realName","updateOn":"blur","defaultI18nValue":"真实姓名","validRules":[{"type":"required","constraints":[true]}]}]}]}],"fullName":[{"__symbolic":"property","decorators":[{"__symbolic":"call","expression":{"__symbol":2,"members":[]},"arguments":[{"id":"fullName_3ec46fb5_yime","name":"{{fullName_3ec46fb5_yime}}","binding":"fullName","updateOn":"blur","defaultI18nValue":"企业全称"}]}]}],"businessLicense":[{"__symbolic":"property","decorators":[{"__symbolic":"call","expression":{"__symbol":2,"members":[]},"arguments":[{"id":"businessLicense_bc99892e_2yww","name":"{{businessLicense_bc99892e_2yww}}","binding":"businessLicense","updateOn":"blur","defaultI18nValue":"营业执照编码"}]}]}],"email":[{"__symbolic":"property","decorators":[{"__symbolic":"call","expression":{"__symbol":2,"members":[]},"arguments":[{"id":"email_6929e564_fodd","name":"{{email_6929e564_fodd}}","binding":"email","updateOn":"blur","defaultI18nValue":"邮箱"}]}]}],"telephone":[{"__symbolic":"property","decorators":[{"__symbolic":"call","expression":{"__symbol":2,"members":[]},"arguments":[{"id":"telephone_2d279712_wt5c","name":"{{telephone_2d279712_wt5c}}","binding":"telephone","updateOn":"blur","defaultI18nValue":"联系电话","validRules":[{"type":"required","constraints":[true]}]}]}]}]}},"type":{"summaryKind":3,"type":{"reference":{"__symbol":0,"members":[]},"diDeps":[],"lifecycleHooks":[1]}}}],"symbols":[{"__symbol":0,"name":"DetailFormComponentViewmodelForm","filePath":"./detailformcomponentviewmodelform"},{"__symbol":1,"name":"Form","filePath":"@farris/devkit"},{"__symbol":2,"name":"NgFormControl","filePath":"@farris/devkit"}]}