{"moduleName":null,"summaries":[{"symbol":{"__symbol":0,"members":[]},"metadata":{"type":"string"}},{"symbol":{"__symbol":1,"members":[]},"metadata":{"__symbolic":"class","extends":{"__symbol":2,"members":[]},"members":{"rootviewmodelAddItem1":[{"__symbolic":"method","decorators":[{"__symbolic":"call","expression":{"__symbol":3,"members":[]},"arguments":[{"name":"rootviewmodelAddItem1","params":{}}]}]}],"rootviewmodelRemoveItem1":[{"__symbolic":"method","decorators":[{"__symbolic":"call","expression":{"__symbol":3,"members":[]},"arguments":[{"name":"rootviewmodelRemoveItem1","params":{"id":"{DATA~/eduinfo-5n7m-component/eduInfos/id}","successMsg":""},"paramDescriptions":{"id":{"__symbol":0,"members":[]},"successMsg":{"type":""}}}]}]}]}},"type":{"summaryKind":3,"type":{"reference":{"__symbol":1,"members":[]},"diDeps":[],"lifecycleHooks":[1]}}}],"symbols":[{"__symbol":0,"name":"ɵ0","filePath":"./eduinfo5n7mcomponentviewmodel"},{"__symbol":1,"name":"Eduinfo5n7mComponentViewmodel","filePath":"./eduinfo5n7mcomponentviewmodel"},{"__symbol":2,"name":"ViewModel","filePath":"@farris/devkit"},{"__symbol":3,"name":"NgCommand","filePath":"@farris/devkit"}]}