{"moduleName":null,"summaries":[{"symbol":{"__symbol":0,"members":[]},"metadata":{"__symbolic":"class","extends":{"__symbol":1,"members":[]},"members":{"remark":[{"__symbolic":"property","decorators":[{"__symbolic":"call","expression":{"__symbol":2,"members":[]},"arguments":[{"id":"remark_2081e24b_f595","name":"{{remark_2081e24b_f595}}","binding":"remark","updateOn":"blur","defaultI18nValue":"备注","validRules":[{"type":"matches","constraints":[""]}]}]}]}],"state":[{"__symbolic":"property","decorators":[{"__symbolic":"call","expression":{"__symbol":2,"members":[]},"arguments":[{"id":"state_90a44a8c_nlqa","name":"{{state_90a44a8c_nlqa}}","binding":"state","updateOn":"change","defaultI18nValue":"状态"}]}]}],"gender":[{"__symbolic":"property","decorators":[{"__symbolic":"call","expression":{"__symbol":2,"members":[]},"arguments":[{"id":"gender_847aaa49_zmwy","name":"{{gender_847aaa49_zmwy}}","binding":"gender","updateOn":"change","defaultI18nValue":"性别"}]}]}],"category":[{"__symbolic":"property","decorators":[{"__symbolic":"call","expression":{"__symbol":2,"members":[]},"arguments":[{"id":"category_e457e7cc_z0p3","name":"{{category_e457e7cc_z0p3}}","binding":"category","updateOn":"change","defaultI18nValue":"人员类别"}]}]}],"name":[{"__symbolic":"property","decorators":[{"__symbolic":"call","expression":{"__symbol":2,"members":[]},"arguments":[{"id":"name_f613d27e_ijgf","name":"{{name_f613d27e_ijgf}}","binding":"name","updateOn":"blur","defaultI18nValue":"姓名","validRules":[{"type":"matches","constraints":[""]}]}]}]}],"telephone_PhoneNumber":[{"__symbolic":"property","decorators":[{"__symbolic":"call","expression":{"__symbol":2,"members":[]},"arguments":[{"id":"telephone_PhoneNumber_1ea2cd47_7cno","name":"{{telephone_PhoneNumber_1ea2cd47_7cno}}","binding":"telephone.phoneNumber","updateOn":"blur","defaultI18nValue":"手机电话号码","validRules":[{"type":"matches","constraints":[""]}]}]}]}],"mailbox_Email":[{"__symbolic":"property","decorators":[{"__symbolic":"call","expression":{"__symbol":2,"members":[]},"arguments":[{"id":"mailbox_Email_d5421d62_evhf","name":"{{mailbox_Email_d5421d62_evhf}}","binding":"mailbox.email","updateOn":"blur","defaultI18nValue":"邮箱","validRules":[{"type":"matches","constraints":[""]}]}]}]}]}},"type":{"summaryKind":3,"type":{"reference":{"__symbol":0,"members":[]},"diDeps":[],"lifecycleHooks":[1]}}}],"symbols":[{"__symbol":0,"name":"DetailFormComponentViewmodelForm","filePath":"./detailformcomponentviewmodelform"},{"__symbol":1,"name":"Form","filePath":"@farris/devkit"},{"__symbol":2,"name":"NgFormControl","filePath":"@farris/devkit"}]}