{"moduleName":null,"summaries":[{"symbol":{"__symbol":0,"members":[]},"metadata":{"__symbolic":"class","extends":{"__symbol":1,"members":[]},"members":{"LoadCard1":[{"__symbolic":"method","decorators":[{"__symbolic":"call","expression":{"__symbol":2,"members":[]},"arguments":[{"name":"LoadCard1","params":{"currentId":"{DATA~/#{data-grid-component}/id}"},"paramDescriptions":{"currentId":{"type":"string"}}}]}]}],"ChangePage1":[{"__symbolic":"method","decorators":[{"__symbolic":"call","expression":{"__symbol":2,"members":[]},"arguments":[{"name":"ChangePage1","params":{"loadCommandName":"LoadList1","loadCommandFrameId":"root-component"},"paramDescriptions":{"loadCommandName":{"type":"string"},"loadCommandFrameId":{"type":"string"}}}]}]}]}},"type":{"summaryKind":3,"type":{"reference":{"__symbol":0,"members":[]},"diDeps":[],"lifecycleHooks":[1]}}}],"symbols":[{"__symbol":0,"name":"DataGridComponentViewmodel","filePath":"./datagridcomponentviewmodel"},{"__symbol":1,"name":"ViewModel","filePath":"@farris/devkit"},{"__symbol":2,"name":"NgCommand","filePath":"@farris/devkit"}]}