{"moduleName":null,"summaries":[{"symbol":{"__symbol":0,"members":[]},"metadata":{"type":"string"}},{"symbol":{"__symbol":1,"members":[]},"metadata":{"__symbolic":"class","extends":{"__symbol":2,"members":[]},"members":{"LoadList1":[{"__symbolic":"method","decorators":[{"__symbolic":"call","expression":{"__symbol":3,"members":[]},"arguments":[{"name":"LoadList1","params":{"filter":"","sort":""},"paramDescriptions":{"filter":{"type":"string"},"sort":{"type":"string"}}}]}]}],"OpenSidebarAndAdd1":[{"__symbolic":"method","decorators":[{"__symbolic":"call","expression":{"__symbol":3,"members":[]},"arguments":[{"name":"OpenSidebarAndAdd1","params":{"transitionAction":"Create"},"paramDescriptions":{"transitionAction":{"type":"string"}}}]}]}],"OpenSidebarAndEdit1":[{"__symbolic":"method","decorators":[{"__symbolic":"call","expression":{"__symbol":3,"members":[]},"arguments":[{"name":"OpenSidebarAndEdit1","params":{"transitionAction":"Edit"},"paramDescriptions":{"transitionAction":{"type":"string"}}}]}]}],"OpenSidebarAndView1":[{"__symbolic":"method","decorators":[{"__symbolic":"call","expression":{"__symbol":3,"members":[]},"arguments":[{"name":"OpenSidebarAndView1","params":{}}]}]}],"Remove1":[{"__symbolic":"method","decorators":[{"__symbolic":"call","expression":{"__symbol":3,"members":[]},"arguments":[{"name":"Remove1","params":{"currentId":"{DATA~/#{data-grid-component}/id}"},"paramDescriptions":{"currentId":{"type":"string"}}}]}]}],"Add1":[{"__symbolic":"method","decorators":[{"__symbolic":"call","expression":{"__symbol":3,"members":[]},"arguments":[{"name":"Add1","params":{"transitState":"Create"},"paramDescriptions":{"transitState":{"type":"string"}}}]}]}],"Edit1":[{"__symbolic":"method","decorators":[{"__symbolic":"call","expression":{"__symbol":3,"members":[]},"arguments":[{"name":"Edit1","params":{"transitState":"Edit"},"paramDescriptions":{"transitState":{"type":"string"}}}]}]}],"Save1":[{"__symbolic":"method","decorators":[{"__symbolic":"call","expression":{"__symbol":3,"members":[]},"arguments":[{"name":"Save1","params":{"transitState":"Save"},"paramDescriptions":{"transitState":{"type":"string"}}}]}]}],"Cancel1":[{"__symbolic":"method","decorators":[{"__symbolic":"call","expression":{"__symbol":3,"members":[]},"arguments":[{"name":"Cancel1","params":{"transitState":"Cancel"},"paramDescriptions":{"transitState":{"type":"string"}}}]}]}],"AddItem1":[{"__symbolic":"method","decorators":[{"__symbolic":"call","expression":{"__symbol":3,"members":[]},"arguments":[{"name":"AddItem1","params":{}}]}]}],"RemoveItem1":[{"__symbolic":"method","decorators":[{"__symbolic":"call","expression":{"__symbol":3,"members":[]},"arguments":[{"name":"RemoveItem1","params":{"id":""},"paramDescriptions":{"id":{"__symbol":0,"members":[]}}}]}]}],"CheckBeforeClosingSidebar1":[{"__symbolic":"method","decorators":[{"__symbolic":"call","expression":{"__symbol":3,"members":[]},"arguments":[{"name":"CheckBeforeClosingSidebar1","params":{"transitionAction":"Cancel"},"paramDescriptions":{"transitionAction":{"type":"string"}}}]}]}],"CloseSidebar1":[{"__symbolic":"method","decorators":[{"__symbolic":"call","expression":{"__symbol":3,"members":[]},"arguments":[{"name":"CloseSidebar1","params":{}}]}]}]}},"type":{"summaryKind":3,"type":{"reference":{"__symbol":1,"members":[]},"diDeps":[],"lifecycleHooks":[1]}}}],"symbols":[{"__symbol":0,"name":"ɵ0","filePath":"./rootviewmodel"},{"__symbol":1,"name":"RootViewmodel","filePath":"./rootviewmodel"},{"__symbol":2,"name":"ViewModel","filePath":"@farris/devkit"},{"__symbol":3,"name":"NgCommand","filePath":"@farris/devkit"}]}