{"moduleName":null,"summaries":[{"symbol":{"__symbol":0,"members":[]},"metadata":{"__symbolic":"class","extends":{"__symbol":1,"members":[]},"members":{"id":[{"__symbolic":"property","decorators":[{"__symbolic":"call","expression":{"__symbol":2,"members":[]},"arguments":[{"originalDataField":"ID","dataField":"id","primary":true,"originalDataFieldType":"String","initValue":"","path":"ID","validRules":[{"type":"required","constraints":[true]},{"type":"maxLength","constraints":[36],"message":"最大长度为36"}]}]}]}],"version":[{"__symbolic":"property","decorators":[{"__symbolic":"call","expression":{"__symbol":2,"members":[]},"arguments":[{"originalDataField":"Version","dataField":"version","originalDataFieldType":"DateTime","initValue":"0001-01-01T00:00:00","path":"Version","enableTimeZone":true}]}]}],"merchantName":[{"__symbolic":"property","decorators":[{"__symbolic":"call","expression":{"__symbol":2,"members":[]},"arguments":[{"originalDataField":"MerchantName","dataField":"merchantName","originalDataFieldType":"String","initValue":"","path":"MerchantName","validRules":[{"type":"maxLength","constraints":[36],"message":"最大长度为36"}]}]}]}],"merchantCode":[{"__symbolic":"property","decorators":[{"__symbolic":"call","expression":{"__symbol":2,"members":[]},"arguments":[{"originalDataField":"MerchantCode","dataField":"merchantCode","originalDataFieldType":"String","initValue":"","path":"MerchantCode","validRules":[{"type":"maxLength","constraints":[36],"message":"最大长度为36"}]}]}]}],"companyType":[{"__symbolic":"property","decorators":[{"__symbolic":"call","expression":{"__symbol":2,"members":[]},"arguments":[{"originalDataField":"CompanyType","dataField":"companyType","originalDataFieldType":"Enum","defaultValue":"","initValue":"qy","path":"CompanyType"}]}]}],"merchantType":[{"__symbolic":"property","decorators":[{"__symbolic":"call","expression":{"__symbol":2,"members":[]},"arguments":[{"originalDataField":"MerchantType","dataField":"merchantType","originalDataFieldType":"Enum","defaultValue":"","initValue":"rz","path":"MerchantType"}]}]}],"realName":[{"__symbolic":"property","decorators":[{"__symbolic":"call","expression":{"__symbol":2,"members":[]},"arguments":[{"originalDataField":"RealName","dataField":"realName","originalDataFieldType":"String","initValue":"","path":"RealName","validRules":[{"type":"maxLength","constraints":[36],"message":"最大长度为36"}]}]}]}],"fullName":[{"__symbolic":"property","decorators":[{"__symbolic":"call","expression":{"__symbol":2,"members":[]},"arguments":[{"originalDataField":"FullName","dataField":"fullName","originalDataFieldType":"String","initValue":"","path":"FullName","validRules":[{"type":"maxLength","constraints":[50],"message":"最大长度为50"}]}]}]}],"businessLicense":[{"__symbolic":"property","decorators":[{"__symbolic":"call","expression":{"__symbol":2,"members":[]},"arguments":[{"originalDataField":"BusinessLicense","dataField":"businessLicense","originalDataFieldType":"String","initValue":"","path":"BusinessLicense","validRules":[{"type":"maxLength","constraints":[36],"message":"最大长度为36"}]}]}]}],"email":[{"__symbolic":"property","decorators":[{"__symbolic":"call","expression":{"__symbol":2,"members":[]},"arguments":[{"originalDataField":"Email","dataField":"email","originalDataFieldType":"String","initValue":"","path":"Email","validRules":[{"type":"maxLength","constraints":[36],"message":"最大长度为36"}]}]}]}],"telephone":[{"__symbolic":"property","decorators":[{"__symbolic":"call","expression":{"__symbol":2,"members":[]},"arguments":[{"originalDataField":"Telephone","dataField":"telephone","originalDataFieldType":"String","initValue":"","path":"Telephone","validRules":[{"type":"maxLength","constraints":[20],"message":"最大长度为20"}]}]}]}],"remark":[{"__symbolic":"property","decorators":[{"__symbolic":"call","expression":{"__symbol":2,"members":[]},"arguments":[{"originalDataField":"Remark","dataField":"remark","originalDataFieldType":"String","initValue":"","path":"Remark","validRules":[{"type":"maxLength","constraints":[100],"message":"最大长度为100"}]}]}]}],"treeInfo":[{"__symbolic":"property","decorators":[{"__symbolic":"call","expression":{"__symbol":3,"members":[]},"arguments":[{"dataField":"treeInfo","originalDataField":"TreeInfo","hierarchyType":"path","type":{"__symbol":4,"members":[]}}]}]}]}}}],"symbols":[{"__symbol":0,"name":"MerchantEntity","filePath":"./merchantentity"},{"__symbol":1,"name":"Entity","filePath":"@farris/devkit"},{"__symbol":2,"name":"NgField","filePath":"@farris/devkit"},{"__symbol":3,"name":"NgObject","filePath":"@farris/devkit"},{"__symbol":4,"name":"PathHierarchyInfoC108Entity","filePath":"./pathhierarchyinfoc108entity"}]}