{"moduleName":null,"summaries":[{"symbol":{"__symbol":0,"members":[]},"metadata":{"__symbolic":"class","extends":{"__symbol":1,"members":[]},"members":{"path":[{"__symbolic":"property","decorators":[{"__symbolic":"call","expression":{"__symbol":2,"members":[]},"arguments":[{"originalDataField":"Path","dataField":"path","originalDataFieldType":"String","initValue":"","path":"TreeInfo.Path","validRules":[{"type":"maxLength","constraints":[36],"message":"最大长度为36"}]}]}]}],"layer":[{"__symbolic":"property","decorators":[{"__symbolic":"call","expression":{"__symbol":2,"members":[]},"arguments":[{"originalDataField":"Layer","dataField":"layer","originalDataFieldType":"Number","initValue":0,"path":"TreeInfo.Layer"}]}]}],"isDetail":[{"__symbolic":"property","decorators":[{"__symbolic":"call","expression":{"__symbol":2,"members":[]},"arguments":[{"originalDataField":"IsDetail","dataField":"isDetail","originalDataFieldType":"Boolean","initValue":false,"path":"TreeInfo.IsDetail"}]}]}]}}}],"symbols":[{"__symbol":0,"name":"PathHierarchyInfoC108Entity","filePath":"./pathhierarchyinfoc108entity"},{"__symbol":1,"name":"Entity","filePath":"@farris/devkit"},{"__symbol":2,"name":"NgField","filePath":"@farris/devkit"}]}