{"root-component":{"name":""},"root-layout":{"name":""},"page-header":{"name":""},"header-nav":{"name":""},"header-title-container":{"name":""},"page-header-title":{"name":""},"title":{"name":"商户"},"page-header-toolbar":{"name":""},"button-add":{"name":"新增"},"button-edit":{"name":"编辑"},"button-save":{"name":"保存"},"button-cancel":{"name":"取消"},"button-delete":{"name":"删除"},"main-container":{"name":""},"content-splitter":{"name":""},"content-list":{"name":""},"data-grid-component-ref":{"name":""},"content-main":{"name":""},"detail-component-ref":{"name":""},"data-grid-component":{"name":""},"data-grid-section":{"name":""},"Section/data-grid-section/mainTitle":{"name":""},"Section/data-grid-section/subTitle":{"name":""},"dataGrid":{"name":""},"DataGrid/dataGrid/lineNumberTitle":{"name":""},"DataGrid/dataGrid/OperateEditButton":{"name":"编辑"},"DataGrid/dataGrid/OperateDeleteButton":{"name":"删除"},"DataGrid/dataGrid/OperateColumn":{"name":"操作"},"id_0c005673_8bk3":{"name":"主键"},"merchantName_d70bde2a_3lsy":{"name":"商户名称"},"merchantType_b334a325_5azc":{"name":"商户类型"},"GridField/merchantType_b334a325_5azc/enumData/individual":{"name":"个人"},"GridField/merchantType_b334a325_5azc/enumData/enterprise":{"name":"企业"},"detail-form-component":{"name":""},"detail-form-section":{"name":""},"Section/detail-form-section/mainTitle":{"name":"基本信息"},"Section/detail-form-section/subTitle":{"name":""},"detail-form-layout":{"name":""},"merchantName_d70bde2a_sbmo":{"name":"商户名称"},"TextBox/merchantName_d70bde2a_sbmo/placeHolder":{"name":""},"merchantType_b334a325_qyf8":{"name":"商户类型"},"EnumField/merchantType_b334a325_qyf8/placeHolder":{"name":""},"EnumField/merchantType_b334a325_qyf8/enumData/individual":{"name":"个人"},"EnumField/merchantType_b334a325_qyf8/enumData/enterprise":{"name":"企业"},"email_e513a78a_8xvs":{"name":"邮箱"},"TextBox/email_e513a78a_8xvs/placeHolder":{"name":""},"telephone_29593720_eld4":{"name":"联系电话"},"TextBox/telephone_29593720_eld4/placeHolder":{"name":""},"remark_a1738acb_mcf6":{"name":"备注"},"TextBox/remark_a1738acb_mcf6/placeHolder":{"name":""}}