{"module":{"id":"MerchantForm","code":"MerchantForm","name":"商户表单","caption":"商户表单","type":"Module","creator":"wang-xh","creationDate":"2022-09-13T06:21:20.041Z","updateVersion":"191104","showTitle":true,"bootstrap":"tree-card-template","templateId":"tree-card-template","schemas":[{"sourceUri":"api/apporder/df/v1.0/MerchantForm_frm","extendProperties":{"enableStdTimeFormat":true},"name":"商户表单_frm","id":"c1cdeb8e-0bb0-4a98-bddc-ec5af62306e0","code":"MerchantForm_frm","sourceType":"vo","variables":[],"entities":[{"name":"商户","id":"5fbeb1a3-2b91-4103-9639-c2f14815f869","type":{"$type":"EntityType","fields":[{"$type":"SimpleField","refElementId":null,"require":true,"multiLanguage":false,"defaultValue":"","readonly":false,"editor":{"$type":"TextBox"},"bindingPath":"id","bindingField":"id","name":"主键","id":"f884934b-360a-4b6d-a5eb-fe71abe205ba","type":{"$type":"StringType","length":36,"name":"String","displayName":"字符串"},"path":"ID","label":"id","originalId":"f884934b-360a-4b6d-a5eb-fe71abe205ba","code":"ID"},{"$type":"SimpleField","refElementId":null,"require":false,"multiLanguage":false,"defaultValue":"","readonly":false,"editor":{"$type":"DateBox","format":"'yyyy-MM-dd'"},"bindingPath":"version","bindingField":"version","name":"版本","id":"75c06172-45c9-4e55-94a4-a35bee6d53c3","type":{"$type":"DateTimeType","name":"DateTime","displayName":"日期时间"},"path":"Version","label":"version","originalId":"75c06172-45c9-4e55-94a4-a35bee6d53c3","code":"Version"},{"$type":"SimpleField","refElementId":null,"require":false,"multiLanguage":false,"defaultValue":"","readonly":false,"editor":{"$type":"TextBox"},"bindingPath":"merchantName","bindingField":"merchantName","name":"商户名称","id":"e7dc959b-63f9-4f8c-939a-21083634843c","type":{"$type":"StringType","length":36,"name":"String","displayName":"字符串"},"path":"MerchantName","label":"merchantName","originalId":"e7dc959b-63f9-4f8c-939a-21083634843c","code":"MerchantName"},{"$type":"SimpleField","refElementId":null,"require":false,"multiLanguage":false,"defaultValue":"","readonly":false,"editor":{"$type":"TextBox"},"bindingPath":"merchantCode","bindingField":"merchantCode","name":"商户编号","id":"f652b306-9a75-4e67-8a95-1caa660f2270","type":{"$type":"StringType","length":36,"name":"String","displayName":"字符串"},"path":"MerchantCode","label":"merchantCode","originalId":"f652b306-9a75-4e67-8a95-1caa660f2270","code":"MerchantCode"},{"$type":"SimpleField","refElementId":null,"require":false,"multiLanguage":false,"defaultValue":"","readonly":false,"editor":{"$type":"EnumField"},"bindingPath":"companyType","bindingField":"companyType","name":"企业类型","id":"3dd5deb3-f963-40f4-9aa3-7f9361f10807","type":{"$type":"EnumType","valueType":{"$type":"StringType","length":20,"name":"String","displayName":"字符串"},"enumValues":[{"name":"企业","value":"qy"},{"name":"个体工商户","value":"gt"},{"name":"个人","value":"gr"}],"name":"Enum","displayName":"枚举"},"path":"CompanyType","label":"companyType","originalId":"3dd5deb3-f963-40f4-9aa3-7f9361f10807","code":"CompanyType"},{"$type":"SimpleField","refElementId":null,"require":false,"multiLanguage":false,"defaultValue":"","readonly":false,"editor":{"$type":"EnumField"},"bindingPath":"merchantType","bindingField":"merchantType","name":"商户类型","id":"bc79da07-3f2e-42b0-9789-f0b2620a1003","type":{"$type":"EnumType","valueType":{"$type":"StringType","length":20,"name":"String","displayName":"字符串"},"enumValues":[{"name":"入驻商户","value":"rz"},{"name":"经销商","value":"jx"}],"name":"Enum","displayName":"枚举"},"path":"MerchantType","label":"merchantType","originalId":"bc79da07-3f2e-42b0-9789-f0b2620a1003","code":"MerchantType"},{"$type":"SimpleField","refElementId":null,"require":false,"multiLanguage":false,"defaultValue":"","readonly":false,"editor":{"$type":"TextBox"},"bindingPath":"realName","bindingField":"realName","name":"真实姓名","id":"5c5a0af4-f653-4041-b102-cfab80c9a4ac","type":{"$type":"StringType","length":36,"name":"String","displayName":"字符串"},"path":"RealName","label":"realName","originalId":"5c5a0af4-f653-4041-b102-cfab80c9a4ac","code":"RealName"},{"$type":"SimpleField","refElementId":null,"require":false,"multiLanguage":false,"defaultValue":"","readonly":false,"editor":{"$type":"TextBox"},"bindingPath":"fullName","bindingField":"fullName","name":"企业全称","id":"3ec46fb5-cd06-4eb9-b2e0-364a10c49a32","type":{"$type":"StringType","length":50,"name":"String","displayName":"字符串"},"path":"FullName","label":"fullName","originalId":"3ec46fb5-cd06-4eb9-b2e0-364a10c49a32","code":"FullName"},{"$type":"SimpleField","refElementId":null,"require":false,"multiLanguage":false,"defaultValue":"","readonly":false,"editor":{"$type":"TextBox"},"bindingPath":"businessLicense","bindingField":"businessLicense","name":"营业执照编码","id":"bc99892e-6e53-442f-b931-ab4294121620","type":{"$type":"StringType","length":36,"name":"String","displayName":"字符串"},"path":"BusinessLicense","label":"businessLicense","originalId":"bc99892e-6e53-442f-b931-ab4294121620","code":"BusinessLicense"},{"$type":"SimpleField","refElementId":null,"require":false,"multiLanguage":false,"defaultValue":"","readonly":false,"editor":{"$type":"TextBox"},"bindingPath":"email","bindingField":"email","name":"邮箱","id":"6929e564-cb5e-4659-99f7-c76c0d1f7e4b","type":{"$type":"StringType","length":36,"name":"String","displayName":"字符串"},"path":"Email","label":"email","originalId":"6929e564-cb5e-4659-99f7-c76c0d1f7e4b","code":"Email"},{"$type":"SimpleField","refElementId":null,"require":false,"multiLanguage":false,"defaultValue":"","readonly":false,"editor":{"$type":"TextBox"},"bindingPath":"telephone","bindingField":"telephone","name":"联系电话","id":"2d279712-e714-4885-8c06-a5ddb020be39","type":{"$type":"StringType","length":20,"name":"String","displayName":"字符串"},"path":"Telephone","label":"telephone","originalId":"2d279712-e714-4885-8c06-a5ddb020be39","code":"Telephone"},{"$type":"SimpleField","refElementId":null,"require":false,"multiLanguage":false,"defaultValue":"","readonly":false,"editor":{"$type":"TextBox"},"bindingPath":"remark","bindingField":"remark","name":"备注","id":"2ccdd9ac-2f7f-49dd-a196-300af4f59f2d","type":{"$type":"StringType","length":100,"name":"String","displayName":"字符串"},"path":"Remark","label":"remark","originalId":"2ccdd9ac-2f7f-49dd-a196-300af4f59f2d","code":"Remark"},{"$type":"ComplexField","bindingPath":"treeInfo","bindingField":"treeInfo","name":"分级码分级信息","id":"c1084e73-9039-4c33-8200-5c726cdd33bf","type":{"$type":"HierarchyType","name":"PathHierarchyInfoC108","fields":[{"$type":"SimpleField","refElementId":"","require":false,"multiLanguage":false,"defaultValue":"","readonly":false,"editor":{"$type":"TextBox"},"bindingPath":"treeInfo.path","bindingField":"treeInfo_Path","name":"分级码","id":"c1084e73-890d-437e-bc5a-344d583e3fa8","type":{"$type":"StringType","length":36,"name":"String","displayName":"字符串"},"path":"TreeInfo.Path","label":"path","originalId":"a614192a-890d-437e-bc5a-344d583e3fa8","code":"Path"},{"$type":"SimpleField","refElementId":"","require":false,"multiLanguage":false,"defaultValue":"","readonly":false,"editor":{"$type":"NumericBox"},"bindingPath":"treeInfo.layer","bindingField":"treeInfo_Layer","name":"级数","id":"c1084e73-8147-4d67-95fa-9a4438d17092","type":{"$type":"NumericType","length":0,"name":"Number","displayName":"数字","precision":0},"path":"TreeInfo.Layer","label":"layer","originalId":"47a7321b-8147-4d67-95fa-9a4438d17092","code":"Layer"},{"$type":"SimpleField","refElementId":"","require":false,"multiLanguage":false,"defaultValue":"","readonly":false,"editor":{"$type":"CheckBox"},"bindingPath":"treeInfo.isDetail","bindingField":"treeInfo_IsDetail","name":"是否明细","id":"c1084e73-5cfd-4d47-be11-5fc771b58852","type":{"$type":"BooleanType","name":"Boolean","displayName":"布尔"},"path":"TreeInfo.IsDetail","label":"isDetail","originalId":"65e4346d-5cfd-4d47-be11-5fc771b58852","code":"IsDetail"}],"displayName":"分级码分级信息"},"path":"TreeInfo","label":"treeInfo","originalId":"c1084e73-9039-4c33-8200-5c726cdd33bf","code":"TreeInfo"}],"entities":[],"primary":"id","name":"Merchant","displayName":"商户"},"label":"merchants","code":"Merchant"}],"eapiId":"5f88f4a7-ee63-4e00-8cd3-8c5f90c85355"}],"states":[],"contents":[],"stateMachines":[{"id":"MerchantForm_state_machine","name":"商户表单状态机","uri":"0ff3df1b-69c8-4e80-a67a-68f83117772f"}],"viewmodels":[{"id":"root-viewmodel","code":"root-viewmodel","name":"商户","fields":[],"stateMachine":"MerchantForm_state_machine","serviceRefs":[],"commands":[],"states":[],"bindTo":"/","enableUnifiedSession":false},{"id":"tree-grid-component-viewmodel","code":"tree-grid-component-viewmodel","name":"商户","fields":[{"type":"Form","id":"e7dc959b-63f9-4f8c-939a-21083634843c","fieldName":"merchantName","groupId":null,"groupName":null,"updateOn":"blur"},{"type":"Form","id":"f652b306-9a75-4e67-8a95-1caa660f2270","fieldName":"merchantCode","groupId":null,"groupName":null,"updateOn":"blur"}],"commands":[{"id":"b10de35a-6f79-49ed-8e5e-72959ce73c61","code":"LoadTree1","name":"加载树数据","params":[],"handlerName":"LoadTree","cmpId":"8fe977a1-2b32-4f0f-a6b3-2657c4d03574","extensions":[],"isInvalid":false},{"id":"aa2caeda-76f9-477a-b68d-914d14a1a336","code":"LoadCard1","name":"加载卡片数据","params":[],"handlerName":"LoadCard","cmpId":"8fe977a1-2b32-4f0f-a6b3-2657c4d03574","extensions":[],"isInvalid":false},{"id":"cf10f2eb-547d-4e6e-9385-b25a6e0959a9","code":"AddSibling1","name":"新增兄弟节点","params":[],"handlerName":"AddSibling","cmpId":"8fe977a1-2b32-4f0f-a6b3-2657c4d03574","extensions":[],"isInvalid":false},{"id":"59390923-6f53-42ee-9c2c-a95ff9a89550","code":"AddChild1","name":"新增子节点","params":[],"handlerName":"AddChild","cmpId":"8fe977a1-2b32-4f0f-a6b3-2657c4d03574","extensions":[],"isInvalid":false},{"id":"428cc625-c8b8-45a5-9465-59da516474f7","code":"Remove1","name":"删除节点","params":[],"handlerName":"Remove","cmpId":"8fe977a1-2b32-4f0f-a6b3-2657c4d03574","extensions":[],"isInvalid":false}],"serviceRefs":[],"states":[],"bindTo":"/","parent":"root-viewmodel","enableValidation":false,"pagination":{"enable":false}},{"id":"detail-form-component-viewmodel","code":"detail-form-component-viewmodel","name":"商户","fields":[{"type":"Form","id":"e7dc959b-63f9-4f8c-939a-21083634843c","fieldName":"merchantName","groupId":"8d8f5081-8774-4b3a-95e3-6691ebc9dc4f","groupName":"基本信息","updateOn":"blur","fieldSchema":{"require":true}},{"type":"Form","id":"f652b306-9a75-4e67-8a95-1caa660f2270","fieldName":"merchantCode","groupId":"8d8f5081-8774-4b3a-95e3-6691ebc9dc4f","groupName":"基本信息","updateOn":"blur"},{"type":"Form","id":"3dd5deb3-f963-40f4-9aa3-7f9361f10807","fieldName":"companyType","groupId":"8d8f5081-8774-4b3a-95e3-6691ebc9dc4f","groupName":"基本信息","updateOn":"blur","fieldSchema":{"editor":{"$type":"RadioGroup"},"name":"企业类型","require":true,"readonly":false}},{"type":"Form","id":"bc79da07-3f2e-42b0-9789-f0b2620a1003","fieldName":"merchantType","groupId":"8d8f5081-8774-4b3a-95e3-6691ebc9dc4f","groupName":"基本信息","updateOn":"blur","fieldSchema":{"editor":{"$type":"RadioGroup"},"name":"商户类型","require":true,"readonly":false}},{"type":"Form","id":"5c5a0af4-f653-4041-b102-cfab80c9a4ac","fieldName":"realName","groupId":"8d8f5081-8774-4b3a-95e3-6691ebc9dc4f","groupName":"基本信息","updateOn":"blur","fieldSchema":{"require":true}},{"type":"Form","id":"3ec46fb5-cd06-4eb9-b2e0-364a10c49a32","fieldName":"fullName","groupId":"a2e8970f-edfe-47ae-8908-e856ee041426","groupName":"企业信息","updateOn":"blur"},{"type":"Form","id":"bc99892e-6e53-442f-b931-ab4294121620","fieldName":"businessLicense","groupId":"a2e8970f-edfe-47ae-8908-e856ee041426","groupName":"企业信息","updateOn":"blur"},{"type":"Form","id":"6929e564-cb5e-4659-99f7-c76c0d1f7e4b","fieldName":"email","groupId":"03175dc4-7c95-4f69-8551-99cc8a757293","groupName":"管理员","updateOn":"blur"},{"type":"Form","id":"2d279712-e714-4885-8c06-a5ddb020be39","fieldName":"telephone","groupId":"03175dc4-7c95-4f69-8551-99cc8a757293","groupName":"管理员","valueChanging":"","valueChanged":"","updateOn":"blur","fieldSchema":{"require":true}}],"commands":[{"id":"fdac76be-212d-4cb0-adbd-e83dddf2194b","code":"Edit1","name":"编辑","params":[],"handlerName":"Edit","cmpId":"8fe977a1-2b32-4f0f-a6b3-2657c4d03574","extensions":[],"isInvalid":false},{"id":"1f064bb2-975a-4306-8813-39aeced57bc6","code":"Save1","name":"保存","params":[],"handlerName":"Save","cmpId":"8fe977a1-2b32-4f0f-a6b3-2657c4d03574","extensions":[],"isInvalid":false},{"id":"7dc22d95-586d-4a3a-9493-dc077d059e3b","code":"Cancel1","name":"取消","params":[],"handlerName":"Cancel","cmpId":"8fe977a1-2b32-4f0f-a6b3-2657c4d03574","extensions":[],"isInvalid":false}],"serviceRefs":[],"states":[],"bindTo":"/","parent":"root-viewmodel","enableValidation":true}],"components":[{"id":"root-component","type":"Component","componentType":"Frame","viewModel":"root-viewmodel","onInit":"","contents":[{"id":"root-layout","type":"ContentContainer","appearance":{"class":"f-page f-page-navigate f-page-is-tree-card"},"size":null,"contents":[{"id":"page-header","type":"ContentContainer","appearance":{"class":"f-page-header"},"size":null,"contents":[{"id":"header-nav","type":"ContentContainer","appearance":{"class":"f-page-header-base"},"size":null,"contents":[{"id":"header-title-container","type":"ContentContainer","appearance":{"class":"f-title"},"size":null,"contents":[{"id":"page-header-title","type":"HtmlTemplate","html":"<span class=\"f-title-icon f-text-orna-dict\"><i class=\"f-icon f-icon-page-title-dictionary\"></i></span><h4 class=\"f-title-text\">商户表单</h4>"}],"visible":true,"isScrollspyContainer":false},{"id":"page-header-toolbar","type":"ToolBar","appearance":{"class":"col-7 f-toolbar"},"size":null,"items":[{"id":"button-addSibling","type":"ToolBarItem","appearance":{"class":"btn-primary"},"disable":"!viewModel.stateMachine['canAdd']","text":"新增同级","visible":true,"click":"root-viewmodel.tree-grid-component-viewmodel.AddSibling1","items":[],"usageMode":"button","modalConfig":null},{"id":"button-addChild","type":"ToolBarItem","appearance":null,"disable":"!viewModel.stateMachine['canAdd']","text":"新增子级","visible":true,"click":"root-viewmodel.tree-grid-component-viewmodel.AddChild1","items":[],"usageMode":"button","modalConfig":null},{"id":"button-edit","type":"ToolBarItem","appearance":null,"disable":"!viewModel.stateMachine['canEdit']","text":"编辑","visible":true,"click":"root-viewmodel.detail-form-component-viewmodel.Edit1","items":[],"usageMode":"button","modalConfig":null},{"id":"button-save","type":"ToolBarItem","appearance":null,"disable":"!viewModel.stateMachine['canSave']","text":"保存","visible":true,"click":"root-viewmodel.detail-form-component-viewmodel.Save1","items":[],"usageMode":"button","modalConfig":null},{"id":"button-cancel","type":"ToolBarItem","appearance":null,"disable":"!viewModel.stateMachine['canCancel']","text":"取消","visible":true,"click":"root-viewmodel.detail-form-component-viewmodel.Cancel1","items":[],"usageMode":"button","modalConfig":null},{"id":"button-delete","type":"ToolBarItem","appearance":null,"disable":"!viewModel.stateMachine['canRemove']","text":"删除","visible":true,"click":"root-viewmodel.tree-grid-component-viewmodel.Remove1","items":[],"usageMode":"button","modalConfig":null}],"visible":true,"buttonSize":"default","popDirection":"default"}],"visible":true,"isScrollspyContainer":false}],"visible":true,"isScrollspyContainer":false},{"id":"main-container","type":"ContentContainer","appearance":{"class":"f-page-main"},"size":null,"contents":[{"id":"content-splitter","type":"Splitter","appearance":{"class":"f-page-content"},"size":null,"contents":[{"id":"content-tree","type":"SplitterPane","appearance":{"class":"f-col-w6 f-page-content-nav"},"size":null,"resizable":true,"resizeHandlers":"e","contents":[{"id":"tree-grid-component-ref","type":"ComponentRef","component":"tree-grid-component","visible":true}],"visible":true},{"id":"content-main","type":"SplitterPane","appearance":{"class":"f-page-content-main"},"size":null,"contents":[{"id":"detail-component-ref","type":"ComponentRef","component":"detail-form-component","visible":true}],"visible":true,"resizable":false,"resizeHandlers":""}],"visible":true,"orientation":"horizontal"}],"visible":true,"isScrollspyContainer":false}],"visible":true,"isScrollspyContainer":false}],"appearance":null,"visible":true,"afterViewInit":null},{"id":"tree-grid-component","type":"Component","componentType":"dataGrid","viewModel":"tree-grid-component-viewmodel","appearance":{"class":"f-struct-wrapper  f-utils-fill-flex-column"},"onInit":"LoadTree1","contents":[{"id":"tree-grid-section","type":"Section","appearance":{"class":"f-section-treegrid f-section-in-nav"},"size":null,"visible":true,"mainTitle":"","subTitle":"","headerClass":"","titleClass":"","extendedHeaderAreaClass":"","toolbarClass":"","extendedAreaClass":"","contentTemplateClass":"","fill":true,"expanded":true,"enableMaximize":true,"enableAccordion":true,"accordionMode":"default","showHeader":false,"headerTemplate":"","titleTemplate":"","extendedHeaderAreaTemplate":"","toolbarTemplate":"","extendedAreaTemplate":"","contents":[{"id":"treeGrid","type":"TreeGrid","controlSource":"Farris","appearance":{"class":"f-component-treetable"},"size":null,"dataSource":"merchants","idField":"id","udtField":"treeInfo","fieldEditable":false,"editable":false,"fields":[{"id":"merchantCode_f652b306_i1m8","type":"TreeGridField","controlSource":"Farris","caption":"商户编号","captionTemplate":null,"dataField":"merchantCode","binding":{"type":"Form","path":"merchantCode","field":"f652b306-9a75-4e67-8a95-1caa660f2270"},"appearance":null,"size":null,"displayTemplate":null,"editor":null,"draggable":false,"frozen":false,"sortable":false,"sortOrder":null,"resizeable":true,"localization":false,"colTemplate":"","visible":true,"path":"merchantCode","dataType":"string","format":"","textAlign":"left","hAlign":"left","vAlign":"middle","formatter":{"type":"none"},"styler":null,"localizationType":"Date"},{"id":"merchantName_e7dc959b_yzju","type":"TreeGridField","controlSource":"Farris","caption":"商户名称","captionTemplate":null,"dataField":"merchantName","binding":{"type":"Form","path":"merchantName","field":"e7dc959b-63f9-4f8c-939a-21083634843c"},"appearance":null,"size":null,"displayTemplate":null,"editor":null,"draggable":false,"frozen":false,"sortable":false,"sortOrder":null,"resizeable":true,"localization":false,"colTemplate":"","visible":true,"path":"merchantName","dataType":"string","format":"","textAlign":"left","hAlign":"left","vAlign":"middle","formatter":{"type":"none"},"styler":null,"localizationType":"Date"}],"fixedHeader":true,"fit":true,"focusedItem":null,"focusedIndex":null,"identifyField":null,"multiSelect":false,"selectable":null,"itemTemplate":null,"toolBar":null,"sortable":false,"sort":null,"summary":null,"expendAll":null,"expandLevel":null,"parentField":null,"onSelectionChange":"LoadCard1","disable":"viewModel.stateMachine['editable']","expandNode":null,"rowClass":null,"cellClass":null,"nowrap":true,"virtualized":false,"showBorder":false,"showHeader":true,"showCheckbox":false,"showAllCheckbox":false,"checkOnSelect":true,"selectOnCheck":true,"cascadeCheck":true,"cascadeDown":true,"cascadeUp":true,"keepSelect":true,"onlySelectSelf":true,"striped":true,"styler":null,"showIcon":false,"useIconFromData":false,"leafIcon":null,"expandIcon":null,"collapseIcon":null,"headerWrap":false,"paginationForChildren":false,"fitColumns":true,"autoWidth":false,"visible":true,"resizableColumns":true,"checkAll":null,"unCheckAll":null,"nodeChecked":null,"nodeUnChecked":null,"showGotoInput":false,"pagination":false}],"isScrollSpyItem":false,"toolbar":{"type":"SectionToolbar","position":"inHead","contents":[]}}],"visible":true,"afterViewInit":null},{"id":"detail-form-component","type":"Component","componentType":"form-col-1","viewModel":"detail-form-component-viewmodel","onInit":"","appearance":{"class":"f-struct-wrapper"},"contents":[{"id":"detail-form-section","type":"Section","appearance":{"class":"f-section-form f-section-in-main"},"visible":true,"mainTitle":"基本信息","subTitle":"","headerClass":"","titleClass":"","extendedHeaderAreaClass":"","toolbarClass":"","extendedAreaClass":"","contentTemplateClass":"","fill":false,"expanded":true,"enableMaximize":false,"enableAccordion":false,"accordionMode":"default","showHeader":true,"headerTemplate":"","titleTemplate":"","extendedHeaderAreaTemplate":"","toolbarTemplate":"","extendedAreaTemplate":"","contents":[{"id":"detail-form-layout","type":"Form","appearance":{"class":"f-form-layout farris-form farris-form-controls-inline"},"size":null,"contents":[{"id":"8d8f5081-8774-4b3a-95e3-6691ebc9dc4f","type":"FieldSet","title":"基本信息","appearance":{"class":"col-12 px-0"},"size":null,"collapse":false,"expandText":"","collapseText":"","contentTemplate":null,"headerTemplate":null,"contents":[{"id":"companyType_3dd5deb3_dlri","type":"RadioGroup","titleSourceType":"static","title":"企业类型","binding":{"type":"Form","path":"companyType","field":"3dd5deb3-f963-40f4-9aa3-7f9361f10807","fullPath":"CompanyType"},"placeHolder":"","enumData":[{"name":"企业","value":"qy"},{"name":"个体工商户","value":"gt"},{"name":"个人","value":"gr"}],"isHorizontal":true,"readonly":"!viewModel.stateMachine['editable']","require":true,"disable":false,"appearance":{"class":"col-12"},"size":null,"holdPlace":false,"linkedLabelEnabled":false,"linkedLabelClick":null,"visible":true,"tabindex":0,"hasDefaultFocus":false,"focusState":null,"titleWidth":null,"dataSourceType":"static","textField":"name","valueField":"value","path":"companyType","isRTControl":false,"isTextArea":true,"updateOn":"blur"},{"id":"merchantType_bc79da07_02rx","type":"RadioGroup","titleSourceType":"static","title":"商户类型","binding":{"type":"Form","path":"merchantType","field":"bc79da07-3f2e-42b0-9789-f0b2620a1003","fullPath":"MerchantType"},"placeHolder":"","enumData":[{"name":"入驻商户","value":"rz"},{"name":"经销商","value":"jx"}],"isHorizontal":true,"readonly":"!viewModel.stateMachine['editable']","require":true,"disable":false,"appearance":{"class":"col-12"},"size":null,"holdPlace":false,"linkedLabelEnabled":false,"linkedLabelClick":null,"visible":true,"tabindex":0,"hasDefaultFocus":false,"focusState":null,"titleWidth":null,"dataSourceType":"static","textField":"name","valueField":"value","path":"merchantType","isRTControl":false,"isTextArea":true,"updateOn":"blur"},{"id":"merchantCode_f652b306_okho","type":"TextBox","titleSourceType":"static","title":"商户编号","appearance":{"class":"col-12"},"size":null,"binding":{"type":"Form","path":"merchantCode","field":"f652b306-9a75-4e67-8a95-1caa660f2270"},"readonly":"!viewModel.stateMachine['editable']","require":false,"disable":false,"placeHolder":"","format":null,"validation":null,"value":null,"maxLength":36,"linkedLabelEnabled":false,"linkedLabelClick":null,"visible":true,"holdPlace":false,"isTextArea":true,"isPassword":false,"tabindex":-1,"hasDefaultFocus":false,"focusState":null,"titleWidth":null,"enableTips":true,"path":"merchantCode","enableAppend":false,"inputAppendType":"button","inputAppendDisabled":false},{"id":"merchantName_e7dc959b_d427","type":"TextBox","titleSourceType":"static","title":"商户名称","appearance":{"class":"col-12"},"size":null,"binding":{"type":"Form","path":"merchantName","field":"e7dc959b-63f9-4f8c-939a-21083634843c"},"readonly":"!viewModel.stateMachine['editable']","require":true,"disable":false,"placeHolder":"","format":null,"validation":null,"value":null,"maxLength":36,"linkedLabelEnabled":false,"linkedLabelClick":null,"visible":true,"holdPlace":false,"isTextArea":true,"isPassword":false,"tabindex":-1,"hasDefaultFocus":false,"focusState":null,"titleWidth":null,"enableTips":true,"path":"merchantName","enableAppend":false,"inputAppendType":"button","inputAppendDisabled":false,"updateOn":"blur"},{"id":"realName_5c5a0af4_2ijz","type":"TextBox","titleSourceType":"static","title":"真实姓名","appearance":{"class":"col-12"},"size":null,"binding":{"type":"Form","path":"realName","field":"5c5a0af4-f653-4041-b102-cfab80c9a4ac"},"readonly":"!viewModel.stateMachine['editable']","require":true,"disable":false,"placeHolder":"","format":null,"validation":null,"value":null,"maxLength":36,"linkedLabelEnabled":false,"linkedLabelClick":null,"visible":true,"holdPlace":false,"isTextArea":true,"isPassword":false,"tabindex":-1,"hasDefaultFocus":false,"focusState":null,"titleWidth":null,"enableTips":true,"path":"realName","enableAppend":false,"inputAppendType":"button","inputAppendDisabled":false,"updateOn":"blur"}],"sectionCollapseVisible":false,"isScrollSpyItem":false,"visible":true},{"id":"a2e8970f-edfe-47ae-8908-e856ee041426","type":"FieldSet","title":"企业信息","appearance":{"class":"col-12 px-0"},"size":null,"collapse":false,"expandText":"","collapseText":"","contentTemplate":null,"headerTemplate":null,"contents":[{"id":"fullName_3ec46fb5_yime","type":"TextBox","titleSourceType":"static","title":"企业全称","appearance":{"class":"col-12"},"size":null,"binding":{"type":"Form","path":"fullName","field":"3ec46fb5-cd06-4eb9-b2e0-364a10c49a32"},"readonly":"!viewModel.stateMachine['editable']","require":false,"disable":false,"placeHolder":"","format":null,"validation":null,"value":null,"maxLength":50,"linkedLabelEnabled":false,"linkedLabelClick":null,"visible":true,"holdPlace":false,"isTextArea":true,"isPassword":false,"tabindex":-1,"hasDefaultFocus":false,"focusState":null,"titleWidth":null,"enableTips":true,"path":"fullName","enableAppend":false,"inputAppendType":"button","inputAppendDisabled":false},{"id":"businessLicense_bc99892e_2yww","type":"TextBox","titleSourceType":"static","title":"营业执照编码","appearance":{"class":"col-12"},"size":null,"binding":{"type":"Form","path":"businessLicense","field":"bc99892e-6e53-442f-b931-ab4294121620"},"readonly":"!viewModel.stateMachine['editable']","require":false,"disable":false,"placeHolder":"","format":null,"validation":null,"value":null,"maxLength":36,"linkedLabelEnabled":false,"linkedLabelClick":null,"visible":true,"holdPlace":false,"isTextArea":true,"isPassword":false,"tabindex":-1,"hasDefaultFocus":false,"focusState":null,"titleWidth":null,"enableTips":true,"path":"businessLicense","enableAppend":false,"inputAppendType":"button","inputAppendDisabled":false}],"sectionCollapseVisible":false,"isScrollSpyItem":false,"visible":true},{"id":"03175dc4-7c95-4f69-8551-99cc8a757293","type":"FieldSet","title":"管理员","appearance":{"class":"col-12 px-0"},"size":null,"collapse":false,"expandText":"","collapseText":"","contentTemplate":null,"headerTemplate":null,"contents":[{"id":"telephone_2d279712_wt5c","type":"TextBox","titleSourceType":"static","title":"联系电话","appearance":{"class":"col-12 col-md-12 col-xl-12 col-el-12"},"size":null,"binding":{"type":"Form","path":"telephone","field":"2d279712-e714-4885-8c06-a5ddb020be39","fullPath":"Telephone"},"readonly":"!viewModel.stateMachine['editable']","require":true,"disable":false,"placeHolder":"","format":null,"validation":null,"value":null,"maxLength":20,"linkedLabelEnabled":false,"linkedLabelClick":null,"visible":true,"holdPlace":false,"isTextArea":true,"isPassword":false,"tabindex":-1,"hasDefaultFocus":false,"focusState":null,"titleWidth":null,"enableTips":true,"path":"telephone","enableAppend":false,"inputAppendType":"button","inputAppendDisabled":false,"updateOn":"blur","fieldValueChanging":"","fieldValueChanged":""},{"id":"email_6929e564_fodd","type":"TextBox","titleSourceType":"static","title":"邮箱","appearance":{"class":"col-12"},"size":null,"binding":{"type":"Form","path":"email","field":"6929e564-cb5e-4659-99f7-c76c0d1f7e4b"},"readonly":"!viewModel.stateMachine['editable']","require":false,"disable":false,"placeHolder":"","format":null,"validation":null,"value":null,"maxLength":36,"linkedLabelEnabled":false,"linkedLabelClick":null,"visible":true,"holdPlace":false,"isTextArea":true,"isPassword":false,"tabindex":-1,"hasDefaultFocus":false,"focusState":null,"titleWidth":null,"enableTips":true,"path":"email","enableAppend":false,"inputAppendType":"button","inputAppendDisabled":false}],"sectionCollapseVisible":false,"isScrollSpyItem":false,"visible":true}],"controlsInline":true,"formAutoIntl":true,"visible":true}],"isScrollSpyItem":false,"toolbar":{"type":"SectionToolbar","position":"inHead","contents":[]}}],"visible":true,"afterViewInit":null}],"webcmds":[{"id":"8fe977a1-2b32-4f0f-a6b3-2657c4d03574","path":"/projects/packages/Inspur.GS.Gsp.Web.WebCmp/webcmd","name":"TreeCardController.webcmd","refedHandlers":[{"host":"b10de35a-6f79-49ed-8e5e-72959ce73c61","handler":"LoadTree"},{"host":"aa2caeda-76f9-477a-b68d-914d14a1a336","handler":"LoadCard"},{"host":"cf10f2eb-547d-4e6e-9385-b25a6e0959a9","handler":"AddSibling"},{"host":"59390923-6f53-42ee-9c2c-a95ff9a89550","handler":"AddChild"},{"host":"428cc625-c8b8-45a5-9465-59da516474f7","handler":"Remove"},{"host":"fdac76be-212d-4cb0-adbd-e83dddf2194b","handler":"Edit"},{"host":"1f064bb2-975a-4306-8813-39aeced57bc6","handler":"Save"},{"host":"7dc22d95-586d-4a3a-9493-dc077d059e3b","handler":"Cancel"}]}],"serviceRefs":[],"projectName":"bo-merchant-front","showType":"page","toolbar":{"items":{},"configs":{}},"expressions":[],"metadataId":"ece2754b-3333-4000-98df-8c2e4ec5fa1c","actions":[{"sourceComponent":{"id":"button-addSibling","viewModelId":"tree-grid-component-viewmodel","map":[{"event":{"label":"click","name":"点击事件"},"targetComponent":{"id":"tree-grid-component","viewModelId":"tree-grid-component-viewmodel"},"command":{"id":"cf10f2eb-547d-4e6e-9385-b25a6e0959a9","label":"AddSibling1","name":"新增兄弟节点","handlerName":"AddSibling","params":[],"cmpId":"8fe977a1-2b32-4f0f-a6b3-2657c4d03574"},"controller":{"id":"8fe977a1-2b32-4f0f-a6b3-2657c4d03574","label":"TreeCardController","name":"树卡控制器"}}]}},{"sourceComponent":{"id":"button-addChild","viewModelId":"tree-grid-component-viewmodel","map":[{"event":{"label":"click","name":"点击事件"},"targetComponent":{"id":"tree-grid-component","viewModelId":"tree-grid-component-viewmodel"},"command":{"id":"59390923-6f53-42ee-9c2c-a95ff9a89550","label":"AddChild1","name":"新增子节点","handlerName":"AddChild","params":[],"cmpId":"8fe977a1-2b32-4f0f-a6b3-2657c4d03574"},"controller":{"id":"8fe977a1-2b32-4f0f-a6b3-2657c4d03574","label":"TreeCardController","name":"树卡控制器"}}]}},{"sourceComponent":{"id":"button-edit","viewModelId":"detail-form-component-viewmodel","map":[{"event":{"label":"click","name":"点击事件"},"targetComponent":{"id":"detail-form-component","viewModelId":"detail-form-component-viewmodel"},"command":{"id":"fdac76be-212d-4cb0-adbd-e83dddf2194b","label":"Edit1","name":"编辑","handlerName":"Edit","params":[],"cmpId":"8fe977a1-2b32-4f0f-a6b3-2657c4d03574"},"controller":{"id":"8fe977a1-2b32-4f0f-a6b3-2657c4d03574","label":"TreeCardController","name":"树卡控制器"}}]}},{"sourceComponent":{"id":"button-save","viewModelId":"detail-form-component-viewmodel","map":[{"event":{"label":"click","name":"点击事件"},"targetComponent":{"id":"detail-form-component","viewModelId":"detail-form-component-viewmodel"},"command":{"id":"1f064bb2-975a-4306-8813-39aeced57bc6","label":"Save1","name":"保存","handlerName":"Save","params":[],"cmpId":"8fe977a1-2b32-4f0f-a6b3-2657c4d03574"},"controller":{"id":"8fe977a1-2b32-4f0f-a6b3-2657c4d03574","label":"TreeCardController","name":"树卡控制器"}}]}},{"sourceComponent":{"id":"button-cancel","viewModelId":"detail-form-component-viewmodel","map":[{"event":{"label":"click","name":"点击事件"},"targetComponent":{"id":"detail-form-component","viewModelId":"detail-form-component-viewmodel"},"command":{"id":"7dc22d95-586d-4a3a-9493-dc077d059e3b","label":"Cancel1","name":"取消","handlerName":"Cancel","params":[],"cmpId":"8fe977a1-2b32-4f0f-a6b3-2657c4d03574"},"controller":{"id":"8fe977a1-2b32-4f0f-a6b3-2657c4d03574","label":"TreeCardController","name":"树卡控制器"}}]}},{"sourceComponent":{"id":"button-delete","viewModelId":"tree-grid-component-viewmodel","map":[{"event":{"label":"click","name":"点击事件"},"targetComponent":{"id":"tree-grid-component","viewModelId":"tree-grid-component-viewmodel"},"command":{"id":"428cc625-c8b8-45a5-9465-59da516474f7","label":"Remove1","name":"删除节点","handlerName":"Remove","params":[],"cmpId":"8fe977a1-2b32-4f0f-a6b3-2657c4d03574"},"controller":{"id":"8fe977a1-2b32-4f0f-a6b3-2657c4d03574","label":"TreeCardController","name":"树卡控制器"}}]}},{"sourceComponent":{"id":"treeGrid","viewModelId":"tree-grid-component-viewmodel","map":[{"event":{"label":"onSelectionChange","name":"行切换事件"},"targetComponent":{"id":"tree-grid-component","viewModelId":"tree-grid-component-viewmodel"},"command":{"id":"aa2caeda-76f9-477a-b68d-914d14a1a336","label":"LoadCard1","name":"加载卡片数据","handlerName":"LoadCard","params":[],"cmpId":"8fe977a1-2b32-4f0f-a6b3-2657c4d03574"},"controller":{"id":"8fe977a1-2b32-4f0f-a6b3-2657c4d03574","label":"TreeCardController","name":"树卡控制器"}}]}},{"sourceComponent":{"id":"tree-grid-component","viewModelId":"tree-grid-component-viewmodel","map":[{"event":{"label":"onInit","name":"初始化事件"},"targetComponent":{"id":"tree-grid-component","viewModelId":"tree-grid-component-viewmodel"},"command":{"id":"b10de35a-6f79-49ed-8e5e-72959ce73c61","label":"LoadTree1","name":"加载树数据","handlerName":"LoadTree","params":[],"cmpId":"8fe977a1-2b32-4f0f-a6b3-2657c4d03574"},"controller":{"id":"8fe977a1-2b32-4f0f-a6b3-2657c4d03574","label":"TreeCardController","name":"树卡控制器"}}]}}]},"options":{"enableTextArea":true,"renderMode":"compile"}}