{"commands":{"7c48ef46-339c-42d4-8365-a21236c63044":{"application":null,"serviceUnit":null,"version":null,"Code":"ListCardController","Name":"列卡控制器","Id":"7c48ef46-339c-42d4-8365-a21236c63044","Description":null,"Commands":[{"dict":null,"uri":null,"kind":"DefaultOperation","extensionKeys":null,"Code":"loadList","Name":"加载列表数据","Description":null,"Id":"e573d6a2-8261-9ad4-c9f1-2e59af53302d","Items":[{"itemId":"39a63da5-e912-d502-fb51-887a2f152c4conClosing","itemType":0,"itemName":"关闭前事件","Id":"993aeb7d-c6c8-672a-39ce-76fb412b93b0","Code":"onClosing","Name":"onClosing","ComponentId":"d909a196-e816-4219-ac72-bdbc38b75088","ComponentCode":"NavigationMiddlewareService","ComponentName":"NavigationMiddlewareService","ComponentPath":"Gsp/Web/WebCmp/bo-webcmp/webcmp","MethodId":"39a63da5-e912-d502-fb51-887a2f152c4c","MethodCode":"onClosing","MethodName":"关闭前事件","IsReplaced":false,"IsBeforeExpansion":false,"IsAfterExpansion":false,"ParamConfigs":[],"Type":0,"Content":{"itemId":"39a63da5-e912-d502-fb51-887a2f152c4conClosing","itemType":0,"itemName":"关闭前事件","Id":"993aeb7d-c6c8-672a-39ce-76fb412b93b0","Code":"onClosing","Name":"onClosing","ComponentId":"d909a196-e816-4219-ac72-bdbc38b75088","ComponentCode":"NavigationMiddlewareService","ComponentName":"NavigationMiddlewareService","ComponentPath":"Gsp/Web/WebCmp/bo-webcmp/webcmp","MethodId":"39a63da5-e912-d502-fb51-887a2f152c4c","MethodCode":"onClosing","MethodName":"关闭前事件","IsReplaced":false,"IsBeforeExpansion":false,"IsAfterExpansion":false,"ParamConfigs":[]}},{"itemId":"ea4f7678-5fdc-e2a5-0c0f-a02563a47309load","itemType":0,"itemName":"加载数据","Id":"3697122f-1132-37ec-e360-6357f6c0391b","Code":"load","Name":"load","ComponentId":"6daf2f0e-395b-4064-b128-05020a31aa7b","ComponentCode":"ListDataService","ComponentName":"ListDataService","ComponentPath":"Gsp/Web/WebCmp/bo-webcmp/webcmp/data-services","MethodId":"ea4f7678-5fdc-e2a5-0c0f-a02563a47309","MethodCode":"load","MethodName":"加载数据","IsReplaced":false,"IsBeforeExpansion":false,"IsAfterExpansion":false,"ParamConfigs":[{"ParamCode":"filter","ParamName":"过滤条件","ParamExpress":"{COMMAND~/params/filter}"},{"ParamCode":"sort","ParamName":"排序条件","ParamExpress":"{COMMAND~/params/sort}"}],"Type":0,"Content":{"itemId":"ea4f7678-5fdc-e2a5-0c0f-a02563a47309load","itemType":0,"itemName":"加载数据","Id":"3697122f-1132-37ec-e360-6357f6c0391b","Code":"load","Name":"load","ComponentId":"6daf2f0e-395b-4064-b128-05020a31aa7b","ComponentCode":"ListDataService","ComponentName":"ListDataService","ComponentPath":"Gsp/Web/WebCmp/bo-webcmp/webcmp/data-services","MethodId":"ea4f7678-5fdc-e2a5-0c0f-a02563a47309","MethodCode":"load","MethodName":"加载数据","IsReplaced":false,"IsBeforeExpansion":false,"IsAfterExpansion":false,"ParamConfigs":[{"ParamCode":"filter","ParamName":"过滤条件","ParamExpress":"{COMMAND~/params/filter}"},{"ParamCode":"sort","ParamName":"排序条件","ParamExpress":"{COMMAND~/params/sort}"}]}}],"Parameters":[{"dict":null,"required":null,"defaultValue":null,"constraint":null,"kind":"DefaultParameter","controlType":null,"helpInfo":null,"paramConstraint":null,"enumCollection":[],"extensionKeys":null,"Code":"filter","Name":"过滤条件","Description":"可选，根据“过滤条件编辑器”编辑而得","ParameterType":"string","controlSource":{"type":"FilterEditor","context":null},"Id":"4e0be8f8-b32e-a3f7-60ab-f94f3ac130e7","IsRetVal":false,"EditorType":null},{"dict":null,"required":null,"defaultValue":null,"constraint":null,"kind":"DefaultParameter","controlType":null,"helpInfo":null,"paramConstraint":null,"enumCollection":[],"extensionKeys":null,"Code":"sort","Name":"排序条件","Description":"可选，根据“排序条件编辑器”编辑而得","ParameterType":"string","controlSource":{"type":"SortEditor","context":null},"Id":"86395dd9-1487-814a-2c37-862921f8190a","IsRetVal":false,"EditorType":null}]},{"dict":null,"uri":null,"kind":"DefaultOperation","extensionKeys":null,"Code":"loadCard","Name":"加载卡片数据","Description":null,"Id":"d1054fa5-d18e-c22c-ed3f-2f13b4692702","Items":[{"itemId":"b445143d-13c9-0a26-f17e-66d579c3cf04update","itemType":0,"itemName":"更新数据","Id":"044da014-8de1-4dc1-d5f7-d6de952e1b98","Code":"update","Name":"update","ComponentId":"47f87143-231b-4d0f-b675-e3bb87ba3ba6","ComponentCode":"CardDataService","ComponentName":"CardDataService","ComponentPath":"Gsp/Web/WebCmp/bo-webcmp/webcmp/data-services","MethodId":"b445143d-13c9-0a26-f17e-66d579c3cf04","MethodCode":"update","MethodName":"更新数据","IsReplaced":false,"IsBeforeExpansion":false,"IsAfterExpansion":false,"ParamConfigs":[],"Type":0,"Content":{"itemId":"b445143d-13c9-0a26-f17e-66d579c3cf04update","itemType":0,"itemName":"更新数据","Id":"044da014-8de1-4dc1-d5f7-d6de952e1b98","Code":"update","Name":"update","ComponentId":"47f87143-231b-4d0f-b675-e3bb87ba3ba6","ComponentCode":"CardDataService","ComponentName":"CardDataService","ComponentPath":"Gsp/Web/WebCmp/bo-webcmp/webcmp/data-services","MethodId":"b445143d-13c9-0a26-f17e-66d579c3cf04","MethodCode":"update","MethodName":"更新数据","IsReplaced":false,"IsBeforeExpansion":false,"IsAfterExpansion":false,"ParamConfigs":[]}}],"Parameters":[]},{"dict":null,"uri":null,"kind":"DefaultOperation","extensionKeys":null,"Code":"add","Name":"新增一条数据","Description":null,"Id":"6b9556d9-f510-2484-07b8-e1e190f03169","Items":[{"itemId":"2872ac48-93b3-b6ac-21c9-38c7857859f1append","itemType":0,"itemName":"追加数据","Id":"c315e91a-a6df-a2dc-d5b5-60ff752fcf5a","Code":"append","Name":"append","ComponentId":"6daf2f0e-395b-4064-b128-05020a31aa7b","ComponentCode":"ListDataService","ComponentName":"ListDataService","ComponentPath":"Gsp/Web/WebCmp/bo-webcmp/webcmp/data-services","MethodId":"2872ac48-93b3-b6ac-21c9-38c7857859f1","MethodCode":"append","MethodName":"追加数据","IsReplaced":false,"IsBeforeExpansion":false,"IsAfterExpansion":false,"ParamConfigs":[],"Type":0,"Content":{"itemId":"2872ac48-93b3-b6ac-21c9-38c7857859f1append","itemType":0,"itemName":"追加数据","Id":"c315e91a-a6df-a2dc-d5b5-60ff752fcf5a","Code":"append","Name":"append","ComponentId":"6daf2f0e-395b-4064-b128-05020a31aa7b","ComponentCode":"ListDataService","ComponentName":"ListDataService","ComponentPath":"Gsp/Web/WebCmp/bo-webcmp/webcmp/data-services","MethodId":"2872ac48-93b3-b6ac-21c9-38c7857859f1","MethodCode":"append","MethodName":"追加数据","IsReplaced":false,"IsBeforeExpansion":false,"IsAfterExpansion":false,"ParamConfigs":[]}},{"itemId":"6f078217-7f62-c9ac-c880-c681e502d6f1transit","itemType":0,"itemName":"迁移状态","Id":"4fab57df-fb9a-0ce5-ad09-d03f04c595d3","Code":"transit","Name":"transit","ComponentId":"7c8386ad-c568-46f7-bca0-4095f05c5d64","ComponentCode":"StateMachineService","ComponentName":"StateMachineService","ComponentPath":"Gsp/Web/WebCmp/bo-webcmp/webcmp","MethodId":"6f078217-7f62-c9ac-c880-c681e502d6f1","MethodCode":"transit","MethodName":"迁移状态","IsReplaced":false,"IsBeforeExpansion":false,"IsAfterExpansion":false,"ParamConfigs":[{"ParamCode":"action","ParamName":"迁移动作","ParamExpress":"Create"}],"Type":0,"Content":{"itemId":"6f078217-7f62-c9ac-c880-c681e502d6f1transit","itemType":0,"itemName":"迁移状态","Id":"4fab57df-fb9a-0ce5-ad09-d03f04c595d3","Code":"transit","Name":"transit","ComponentId":"7c8386ad-c568-46f7-bca0-4095f05c5d64","ComponentCode":"StateMachineService","ComponentName":"StateMachineService","ComponentPath":"Gsp/Web/WebCmp/bo-webcmp/webcmp","MethodId":"6f078217-7f62-c9ac-c880-c681e502d6f1","MethodCode":"transit","MethodName":"迁移状态","IsReplaced":false,"IsBeforeExpansion":false,"IsAfterExpansion":false,"ParamConfigs":[{"ParamCode":"action","ParamName":"迁移动作","ParamExpress":"Create"}]}}],"Parameters":[]},{"dict":null,"uri":null,"kind":"DefaultOperation","extensionKeys":null,"Code":"edit","Name":"编辑数据","Description":null,"Id":"ca451c36-4ab8-5576-545f-0bd13c1cb320","Items":[{"itemId":"b445143d-13c9-0a26-f17e-66d579c3cf04update","itemType":0,"itemName":"更新数据","Id":"0fe55c96-e54b-082a-9192-860cd7537297","Code":"update","Name":"update","ComponentId":"47f87143-231b-4d0f-b675-e3bb87ba3ba6","ComponentCode":"CardDataService","ComponentName":"CardDataService","ComponentPath":"Gsp/Web/WebCmp/bo-webcmp/webcmp/data-services","MethodId":"b445143d-13c9-0a26-f17e-66d579c3cf04","MethodCode":"update","MethodName":"更新数据","IsReplaced":false,"IsBeforeExpansion":false,"IsAfterExpansion":false,"ParamConfigs":[],"Type":0,"Content":{"itemId":"b445143d-13c9-0a26-f17e-66d579c3cf04update","itemType":0,"itemName":"更新数据","Id":"0fe55c96-e54b-082a-9192-860cd7537297","Code":"update","Name":"update","ComponentId":"47f87143-231b-4d0f-b675-e3bb87ba3ba6","ComponentCode":"CardDataService","ComponentName":"CardDataService","ComponentPath":"Gsp/Web/WebCmp/bo-webcmp/webcmp/data-services","MethodId":"b445143d-13c9-0a26-f17e-66d579c3cf04","MethodCode":"update","MethodName":"更新数据","IsReplaced":false,"IsBeforeExpansion":false,"IsAfterExpansion":false,"ParamConfigs":[]}},{"itemId":"6f078217-7f62-c9ac-c880-c681e502d6f1transit","itemType":0,"itemName":"迁移状态","Id":"8cce0738-b98f-26eb-fb84-96b0d9b4216f","Code":"transit","Name":"transit","ComponentId":"7c8386ad-c568-46f7-bca0-4095f05c5d64","ComponentCode":"StateMachineService","ComponentName":"StateMachineService","ComponentPath":"Gsp/Web/WebCmp/bo-webcmp/webcmp","MethodId":"6f078217-7f62-c9ac-c880-c681e502d6f1","MethodCode":"transit","MethodName":"迁移状态","IsReplaced":false,"IsBeforeExpansion":false,"IsAfterExpansion":false,"ParamConfigs":[{"ParamCode":"action","ParamName":"迁移动作","ParamExpress":"Edit"}],"Type":0,"Content":{"itemId":"6f078217-7f62-c9ac-c880-c681e502d6f1transit","itemType":0,"itemName":"迁移状态","Id":"8cce0738-b98f-26eb-fb84-96b0d9b4216f","Code":"transit","Name":"transit","ComponentId":"7c8386ad-c568-46f7-bca0-4095f05c5d64","ComponentCode":"StateMachineService","ComponentName":"StateMachineService","ComponentPath":"Gsp/Web/WebCmp/bo-webcmp/webcmp","MethodId":"6f078217-7f62-c9ac-c880-c681e502d6f1","MethodCode":"transit","MethodName":"迁移状态","IsReplaced":false,"IsBeforeExpansion":false,"IsAfterExpansion":false,"ParamConfigs":[{"ParamCode":"action","ParamName":"迁移动作","ParamExpress":"Edit"}]}}],"Parameters":[{"dict":null,"required":null,"defaultValue":null,"constraint":null,"kind":"DefaultParameter","controlType":null,"helpInfo":null,"paramConstraint":null,"enumCollection":[],"extensionKeys":null,"Code":"id","Name":"待编辑数据的标识","Description":"必填，待编辑数据的id","ParameterType":"string","controlSource":null,"Id":"9de7a68b-18a9-16f2-7936-031218a2248d","IsRetVal":false,"EditorType":null},{"dict":null,"required":null,"defaultValue":null,"constraint":null,"kind":"DefaultParameter","controlType":null,"helpInfo":null,"paramConstraint":null,"enumCollection":[],"extensionKeys":null,"Code":"transitionAction","Name":"状态机动作","Description":"必填，一般为\"编辑\"，表示切换至“编辑”状态的动作。","ParameterType":"string","controlSource":{"type":"Select","context":{"data":{"type":"string","value":":Actions"},"editable":{"type":"boolean","value":"false"}}},"Id":"d955227a-a9b8-34d0-918f-612359d804af","IsRetVal":false,"EditorType":null}]},{"dict":null,"uri":null,"kind":"DefaultOperation","extensionKeys":null,"Code":"save","Name":"保存变更","Description":null,"Id":"dbc290b7-8f64-1ce3-862f-d63e4c6db956","Items":[{"itemId":"545a2fc0-453a-4790-cfa9-6079d793a6a0endEdit","itemType":0,"itemName":"结束编辑","Id":"ac88a35f-8d4f-620d-0e97-55be653b9b23","Code":"endEdit","Name":"endEdit","ComponentId":"c7a3fa1b-5b5b-4409-9b5b-6c4fe2cc3c20","ComponentCode":"EndEditService","ComponentName":"EndEditService","ComponentPath":"Gsp/Web/WebCmp/bo-webcmp/metadata/webcmp","MethodId":"545a2fc0-453a-4790-cfa9-6079d793a6a0","MethodCode":"endEdit","MethodName":"结束编辑","IsReplaced":false,"IsBeforeExpansion":false,"IsAfterExpansion":false,"ParamConfigs":[],"Type":0,"Content":{"itemId":"545a2fc0-453a-4790-cfa9-6079d793a6a0endEdit","itemType":0,"itemName":"结束编辑","Id":"ac88a35f-8d4f-620d-0e97-55be653b9b23","Code":"endEdit","Name":"endEdit","ComponentId":"c7a3fa1b-5b5b-4409-9b5b-6c4fe2cc3c20","ComponentCode":"EndEditService","ComponentName":"EndEditService","ComponentPath":"Gsp/Web/WebCmp/bo-webcmp/metadata/webcmp","MethodId":"545a2fc0-453a-4790-cfa9-6079d793a6a0","MethodCode":"endEdit","MethodName":"结束编辑","IsReplaced":false,"IsBeforeExpansion":false,"IsAfterExpansion":false,"ParamConfigs":[]}},{"itemId":"d8f35682-8a02-c921-3d2e-b9af87f198afvalidateCurrentRow","itemType":0,"itemName":"校验当前行数据","Id":"00d0a1c6-4419-b054-aedc-d055b0517af0","Code":"validateCurrentRow","Name":"validateCurrentRow","ComponentId":"bb531cd6-5b94-4b75-a3da-99d7d0a7a08c","ComponentCode":"ValidationService","ComponentName":"ValidationService","ComponentPath":"Gsp/Web/WebCmp/bo-webcmp/metadata/webcmp","MethodId":"d8f35682-8a02-c921-3d2e-b9af87f198af","MethodCode":"validateCurrentRow","MethodName":"校验当前行数据","IsReplaced":false,"IsBeforeExpansion":false,"IsAfterExpansion":false,"ParamConfigs":[],"Type":0,"Content":{"itemId":"d8f35682-8a02-c921-3d2e-b9af87f198afvalidateCurrentRow","itemType":0,"itemName":"校验当前行数据","Id":"00d0a1c6-4419-b054-aedc-d055b0517af0","Code":"validateCurrentRow","Name":"validateCurrentRow","ComponentId":"bb531cd6-5b94-4b75-a3da-99d7d0a7a08c","ComponentCode":"ValidationService","ComponentName":"ValidationService","ComponentPath":"Gsp/Web/WebCmp/bo-webcmp/metadata/webcmp","MethodId":"d8f35682-8a02-c921-3d2e-b9af87f198af","MethodCode":"validateCurrentRow","MethodName":"校验当前行数据","IsReplaced":false,"IsBeforeExpansion":false,"IsAfterExpansion":false,"ParamConfigs":[]}},{"itemId":"e620a05a-5e52-32e7-b67e-4adfc739e47esave","itemType":0,"itemName":"保存数据","Id":"7360d90a-1ff3-4a65-77f1-fbdd47b2fc58","Code":"save","Name":"save","ComponentId":"47f87143-231b-4d0f-b675-e3bb87ba3ba6","ComponentCode":"CardDataService","ComponentName":"CardDataService","ComponentPath":"Gsp/Web/WebCmp/bo-webcmp/metadata/webcmp/data-services","MethodId":"e620a05a-5e52-32e7-b67e-4adfc739e47e","MethodCode":"save","MethodName":"保存数据","IsReplaced":false,"IsBeforeExpansion":false,"IsAfterExpansion":false,"ParamConfigs":[{"ParamCode":"successMsg","ParamName":"提示信息","ParamExpress":"{COMMAND~/params/successMsg}"}],"Type":0,"Content":{"itemId":"e620a05a-5e52-32e7-b67e-4adfc739e47esave","itemType":0,"itemName":"保存数据","Id":"7360d90a-1ff3-4a65-77f1-fbdd47b2fc58","Code":"save","Name":"save","ComponentId":"47f87143-231b-4d0f-b675-e3bb87ba3ba6","ComponentCode":"CardDataService","ComponentName":"CardDataService","ComponentPath":"Gsp/Web/WebCmp/bo-webcmp/metadata/webcmp/data-services","MethodId":"e620a05a-5e52-32e7-b67e-4adfc739e47e","MethodCode":"save","MethodName":"保存数据","IsReplaced":false,"IsBeforeExpansion":false,"IsAfterExpansion":false,"ParamConfigs":[{"ParamCode":"successMsg","ParamName":"提示信息","ParamExpress":"{COMMAND~/params/successMsg}"}]}},{"itemId":"7f9f66ad-3b9d-3df4-6a8f-d5822724e931refresh","itemType":0,"itemName":"刷新数据","Id":"030eb0ac-64a9-16b0-ec9f-c1d2d6ec5b33","Code":"refresh","Name":"refresh","ComponentId":"6daf2f0e-395b-4064-b128-05020a31aa7b","ComponentCode":"ListDataService","ComponentName":"ListDataService","ComponentPath":"Gsp/Web/WebCmp/bo-webcmp/metadata/webcmp/data-services","MethodId":"7f9f66ad-3b9d-3df4-6a8f-d5822724e931","MethodCode":"refresh","MethodName":"刷新数据","IsReplaced":false,"IsBeforeExpansion":false,"IsAfterExpansion":false,"ParamConfigs":[{"ParamCode":"loadCmdName","ParamName":"数据刷新命令名称","ParamExpress":"{COMMAND~/params/loadCmdName}"},{"ParamCode":"loadCmdFrameId","ParamName":"数据刷新命令对应的FrameId","ParamExpress":"{COMMAND~/params/loadCmdFrameId}"}],"Type":0,"Content":{"itemId":"7f9f66ad-3b9d-3df4-6a8f-d5822724e931refresh","itemType":0,"itemName":"刷新数据","Id":"030eb0ac-64a9-16b0-ec9f-c1d2d6ec5b33","Code":"refresh","Name":"refresh","ComponentId":"6daf2f0e-395b-4064-b128-05020a31aa7b","ComponentCode":"ListDataService","ComponentName":"ListDataService","ComponentPath":"Gsp/Web/WebCmp/bo-webcmp/metadata/webcmp/data-services","MethodId":"7f9f66ad-3b9d-3df4-6a8f-d5822724e931","MethodCode":"refresh","MethodName":"刷新数据","IsReplaced":false,"IsBeforeExpansion":false,"IsAfterExpansion":false,"ParamConfigs":[{"ParamCode":"loadCmdName","ParamName":"数据刷新命令名称","ParamExpress":"{COMMAND~/params/loadCmdName}"},{"ParamCode":"loadCmdFrameId","ParamName":"数据刷新命令对应的FrameId","ParamExpress":"{COMMAND~/params/loadCmdFrameId}"}]}},{"itemId":"6f078217-7f62-c9ac-c880-c681e502d6f1transit","itemType":0,"itemName":"迁移状态","Id":"afbc2465-06cb-7a4f-a357-ed3a43ae6a41","Code":"transit","Name":"transit","ComponentId":"7c8386ad-c568-46f7-bca0-4095f05c5d64","ComponentCode":"StateMachineService","ComponentName":"StateMachineService","ComponentPath":"Gsp/Web/WebCmp/bo-webcmp/webcmp","MethodId":"6f078217-7f62-c9ac-c880-c681e502d6f1","MethodCode":"transit","MethodName":"迁移状态","IsReplaced":false,"IsBeforeExpansion":false,"IsAfterExpansion":false,"ParamConfigs":[{"ParamCode":"action","ParamName":"迁移动作","ParamExpress":"Save"}],"Type":0,"Content":{"itemId":"6f078217-7f62-c9ac-c880-c681e502d6f1transit","itemType":0,"itemName":"迁移状态","Id":"afbc2465-06cb-7a4f-a357-ed3a43ae6a41","Code":"transit","Name":"transit","ComponentId":"7c8386ad-c568-46f7-bca0-4095f05c5d64","ComponentCode":"StateMachineService","ComponentName":"StateMachineService","ComponentPath":"Gsp/Web/WebCmp/bo-webcmp/webcmp","MethodId":"6f078217-7f62-c9ac-c880-c681e502d6f1","MethodCode":"transit","MethodName":"迁移状态","IsReplaced":false,"IsBeforeExpansion":false,"IsAfterExpansion":false,"ParamConfigs":[{"ParamCode":"action","ParamName":"迁移动作","ParamExpress":"Save"}]}},{"itemId":"9bc3d3ea-75ad-13d1-f0b6-6a8686ca8c46resetValidation","itemType":0,"itemName":"重置验证信息","Id":"e86f05e6-b704-c655-d89a-a8453ffeb266","Code":"resetValidation","Name":"resetValidation","ComponentId":"bb531cd6-5b94-4b75-a3da-99d7d0a7a08c","ComponentCode":"ValidationService","ComponentName":"ValidationService","ComponentPath":"Gsp/Web/WebCmp/bo-webcmp/metadata/webcmp","MethodId":"9bc3d3ea-75ad-13d1-f0b6-6a8686ca8c46","MethodCode":"resetValidation","MethodName":"重置验证信息","IsReplaced":false,"IsBeforeExpansion":false,"IsAfterExpansion":false,"ParamConfigs":[],"Type":0,"Content":{"itemId":"9bc3d3ea-75ad-13d1-f0b6-6a8686ca8c46resetValidation","itemType":0,"itemName":"重置验证信息","Id":"e86f05e6-b704-c655-d89a-a8453ffeb266","Code":"resetValidation","Name":"resetValidation","ComponentId":"bb531cd6-5b94-4b75-a3da-99d7d0a7a08c","ComponentCode":"ValidationService","ComponentName":"ValidationService","ComponentPath":"Gsp/Web/WebCmp/bo-webcmp/metadata/webcmp","MethodId":"9bc3d3ea-75ad-13d1-f0b6-6a8686ca8c46","MethodCode":"resetValidation","MethodName":"重置验证信息","IsReplaced":false,"IsBeforeExpansion":false,"IsAfterExpansion":false,"ParamConfigs":[]}}],"Parameters":[{"dict":null,"required":null,"defaultValue":null,"constraint":null,"kind":"DefaultParameter","controlType":null,"helpInfo":null,"paramConstraint":null,"enumCollection":[],"extensionKeys":null,"Code":"loadCmdName","Name":"保存后回调方法","Description":"可选，可以指定保存后的回调方法，通常用来刷新数据，例如：指定LoadList方法","ParameterType":"string","controlSource":{"type":"ComboLookup","context":{"data":{"type":"string","value":":CommandsTree"},"columns":{"type":"array","value":"[{\"field\":\"id\",\"title\":\"Id\"},{\"field\":\"name\",\"title\":\"命令名称\"}]"}}},"Id":"012f8ff4-5d40-461b-6f39-5c3b79fd8a75","IsRetVal":false,"EditorType":null},{"dict":null,"required":null,"defaultValue":null,"constraint":null,"kind":"DefaultParameter","controlType":null,"helpInfo":null,"paramConstraint":null,"enumCollection":[],"extensionKeys":null,"Code":"loadCmdFrameId","Name":"目标组件","Description":"展示数据的组件标识","ParameterType":"string","controlSource":{"type":"Select","context":{"data":{"type":"string","value":":Components"}}},"Id":"16c7515b-c422-e943-95db-84810c165cad","IsRetVal":false,"EditorType":null},{"dict":null,"required":null,"defaultValue":null,"constraint":null,"kind":"DefaultParameter","controlType":null,"helpInfo":null,"paramConstraint":null,"enumCollection":[],"extensionKeys":null,"Code":"successMsg","Name":"保存成功提示信息","Description":"可选，默认为“保存成功！”，如果不希望提示成功信息，可以传入{\"showMessage\": false }","ParameterType":null,"controlSource":null,"Id":"f82935e4-7ae9-16e1-e5f5-13f8e5375c64","IsRetVal":false,"EditorType":null}]},{"dict":null,"uri":null,"kind":"DefaultOperation","extensionKeys":null,"Code":"cancel","Name":"取消变更","Description":null,"Id":"5c3f88c9-52b2-bddb-b4ab-a975ec0e48d7","Items":[{"itemId":"545a2fc0-453a-4790-cfa9-6079d793a6a0endEdit","itemType":0,"itemName":"结束编辑","Id":"9da00c39-4365-d0cd-50a6-2c1e807a936c","Code":"endEdit","Name":"endEdit","ComponentId":"c7a3fa1b-5b5b-4409-9b5b-6c4fe2cc3c20","ComponentCode":"EndEditService","ComponentName":"EndEditService","ComponentPath":"Gsp/Web/WebCmp/bo-webcmp/metadata/webcmp","MethodId":"545a2fc0-453a-4790-cfa9-6079d793a6a0","MethodCode":"endEdit","MethodName":"结束编辑","IsReplaced":false,"IsBeforeExpansion":false,"IsAfterExpansion":false,"ParamConfigs":[],"Type":0,"Content":{"itemId":"545a2fc0-453a-4790-cfa9-6079d793a6a0endEdit","itemType":0,"itemName":"结束编辑","Id":"9da00c39-4365-d0cd-50a6-2c1e807a936c","Code":"endEdit","Name":"endEdit","ComponentId":"c7a3fa1b-5b5b-4409-9b5b-6c4fe2cc3c20","ComponentCode":"EndEditService","ComponentName":"EndEditService","ComponentPath":"Gsp/Web/WebCmp/bo-webcmp/metadata/webcmp","MethodId":"545a2fc0-453a-4790-cfa9-6079d793a6a0","MethodCode":"endEdit","MethodName":"结束编辑","IsReplaced":false,"IsBeforeExpansion":false,"IsAfterExpansion":false,"ParamConfigs":[]}},{"itemId":"ced093f2-1267-6796-1337-0d0752b18e81cancel","itemType":0,"itemName":"取消变更","Id":"fd8e0ac8-7164-0fd6-43da-2d851dc6040c","Code":"cancel","Name":"cancel","ComponentId":"47f87143-231b-4d0f-b675-e3bb87ba3ba6","ComponentCode":"CardDataService","ComponentName":"CardDataService","ComponentPath":"Gsp/Web/WebCmp/bo-webcmp/webcmp/data-services","MethodId":"ced093f2-1267-6796-1337-0d0752b18e81","MethodCode":"cancel","MethodName":"取消变更","IsReplaced":false,"IsBeforeExpansion":false,"IsAfterExpansion":false,"ParamConfigs":[],"Type":0,"Content":{"itemId":"ced093f2-1267-6796-1337-0d0752b18e81cancel","itemType":0,"itemName":"取消变更","Id":"fd8e0ac8-7164-0fd6-43da-2d851dc6040c","Code":"cancel","Name":"cancel","ComponentId":"47f87143-231b-4d0f-b675-e3bb87ba3ba6","ComponentCode":"CardDataService","ComponentName":"CardDataService","ComponentPath":"Gsp/Web/WebCmp/bo-webcmp/webcmp/data-services","MethodId":"ced093f2-1267-6796-1337-0d0752b18e81","MethodCode":"cancel","MethodName":"取消变更","IsReplaced":false,"IsBeforeExpansion":false,"IsAfterExpansion":false,"ParamConfigs":[]}},{"itemId":"7f9f66ad-3b9d-3df4-6a8f-d5822724e931refresh","itemType":0,"itemName":"刷新数据","Id":"2cfba7fb-422e-c48c-4157-f94e68353611","Code":"refresh","Name":"refresh","ComponentId":"6daf2f0e-395b-4064-b128-05020a31aa7b","ComponentCode":"ListDataService","ComponentName":"ListDataService","ComponentPath":"Gsp/Web/WebCmp/bo-webcmp/metadata/webcmp/data-services","MethodId":"7f9f66ad-3b9d-3df4-6a8f-d5822724e931","MethodCode":"refresh","MethodName":"刷新数据","IsReplaced":false,"IsBeforeExpansion":false,"IsAfterExpansion":false,"ParamConfigs":[{"ParamCode":"loadCmdName","ParamName":"数据刷新命令名称","ParamExpress":"{COMMAND~/params/loadCmdName}"},{"ParamCode":"loadCmdFrameId","ParamName":"数据刷新命令对应的FrameId","ParamExpress":"{COMMAND~/params/loadCmdFrameId}"}],"Type":0,"Content":{"itemId":"7f9f66ad-3b9d-3df4-6a8f-d5822724e931refresh","itemType":0,"itemName":"刷新数据","Id":"2cfba7fb-422e-c48c-4157-f94e68353611","Code":"refresh","Name":"refresh","ComponentId":"6daf2f0e-395b-4064-b128-05020a31aa7b","ComponentCode":"ListDataService","ComponentName":"ListDataService","ComponentPath":"Gsp/Web/WebCmp/bo-webcmp/metadata/webcmp/data-services","MethodId":"7f9f66ad-3b9d-3df4-6a8f-d5822724e931","MethodCode":"refresh","MethodName":"刷新数据","IsReplaced":false,"IsBeforeExpansion":false,"IsAfterExpansion":false,"ParamConfigs":[{"ParamCode":"loadCmdName","ParamName":"数据刷新命令名称","ParamExpress":"{COMMAND~/params/loadCmdName}"},{"ParamCode":"loadCmdFrameId","ParamName":"数据刷新命令对应的FrameId","ParamExpress":"{COMMAND~/params/loadCmdFrameId}"}]}},{"itemId":"6f078217-7f62-c9ac-c880-c681e502d6f1transit","itemType":0,"itemName":"迁移状态","Id":"c86f6772-ca88-23dc-ed19-4977235a930f","Code":"transit","Name":"transit","ComponentId":"7c8386ad-c568-46f7-bca0-4095f05c5d64","ComponentCode":"StateMachineService","ComponentName":"StateMachineService","ComponentPath":"Gsp/Web/WebCmp/bo-webcmp/webcmp","MethodId":"6f078217-7f62-c9ac-c880-c681e502d6f1","MethodCode":"transit","MethodName":"迁移状态","IsReplaced":false,"IsBeforeExpansion":false,"IsAfterExpansion":false,"ParamConfigs":[{"ParamCode":"action","ParamName":"迁移动作","ParamExpress":"Cancel"}],"Type":0,"Content":{"itemId":"6f078217-7f62-c9ac-c880-c681e502d6f1transit","itemType":0,"itemName":"迁移状态","Id":"c86f6772-ca88-23dc-ed19-4977235a930f","Code":"transit","Name":"transit","ComponentId":"7c8386ad-c568-46f7-bca0-4095f05c5d64","ComponentCode":"StateMachineService","ComponentName":"StateMachineService","ComponentPath":"Gsp/Web/WebCmp/bo-webcmp/webcmp","MethodId":"6f078217-7f62-c9ac-c880-c681e502d6f1","MethodCode":"transit","MethodName":"迁移状态","IsReplaced":false,"IsBeforeExpansion":false,"IsAfterExpansion":false,"ParamConfigs":[{"ParamCode":"action","ParamName":"迁移动作","ParamExpress":"Cancel"}]}},{"itemId":"9bc3d3ea-75ad-13d1-f0b6-6a8686ca8c46resetValidation","itemType":0,"itemName":"重置验证信息","Id":"31dc3103-da1d-615c-8d18-c44b3b31ee14","Code":"resetValidation","Name":"resetValidation","ComponentId":"bb531cd6-5b94-4b75-a3da-99d7d0a7a08c","ComponentCode":"ValidationService","ComponentName":"ValidationService","ComponentPath":"Gsp/Web/WebCmp/bo-webcmp/metadata/webcmp","MethodId":"9bc3d3ea-75ad-13d1-f0b6-6a8686ca8c46","MethodCode":"resetValidation","MethodName":"重置验证信息","IsReplaced":false,"IsBeforeExpansion":false,"IsAfterExpansion":false,"ParamConfigs":[],"Type":0,"Content":{"itemId":"9bc3d3ea-75ad-13d1-f0b6-6a8686ca8c46resetValidation","itemType":0,"itemName":"重置验证信息","Id":"31dc3103-da1d-615c-8d18-c44b3b31ee14","Code":"resetValidation","Name":"resetValidation","ComponentId":"bb531cd6-5b94-4b75-a3da-99d7d0a7a08c","ComponentCode":"ValidationService","ComponentName":"ValidationService","ComponentPath":"Gsp/Web/WebCmp/bo-webcmp/metadata/webcmp","MethodId":"9bc3d3ea-75ad-13d1-f0b6-6a8686ca8c46","MethodCode":"resetValidation","MethodName":"重置验证信息","IsReplaced":false,"IsBeforeExpansion":false,"IsAfterExpansion":false,"ParamConfigs":[]}}],"Parameters":[{"dict":null,"required":null,"defaultValue":null,"constraint":null,"kind":"DefaultParameter","controlType":null,"helpInfo":null,"paramConstraint":null,"enumCollection":[],"extensionKeys":null,"Code":"loadCmdName","Name":"取消后回调方法","Description":"可选，可以指定取消变更后的回调方法，通常用来刷新数据，例如：指定LoadList方法","ParameterType":"string","controlSource":{"type":"ComboLookup","context":{"data":{"type":"string","value":":CommandsTree"},"columns":{"type":"array","value":"[{\"field\":\"id\",\"title\":\"Id\"},{\"field\":\"name\",\"title\":\"命令名称\"}]"}}},"Id":"10273059-b6d0-befa-c1e3-4233057cd355","IsRetVal":false,"EditorType":null},{"dict":null,"required":null,"defaultValue":null,"constraint":null,"kind":"DefaultParameter","controlType":null,"helpInfo":null,"paramConstraint":null,"enumCollection":[],"extensionKeys":null,"Code":"loadCmdFrameId","Name":"目标组件","Description":"展示数据的组件标识","ParameterType":"string","controlSource":{"type":"Select","context":{"data":{"type":"string","value":":Components"}}},"Id":"1d8cd3a8-f27c-74f5-e253-c40d5805781c","IsRetVal":false,"EditorType":null}]},{"dict":null,"uri":null,"kind":"DefaultOperation","extensionKeys":null,"Code":"close","Name":"关闭","Description":null,"Id":"3e722416-f1e4-d795-0194-0b876adfa253","Items":[{"itemId":"545a2fc0-453a-4790-cfa9-6079d793a6a0endEdit","itemType":0,"itemName":"结束编辑","Id":"6b209e22-ea69-e3fa-ab93-fe9a27b08b67","Code":"endEdit","Name":"endEdit","ComponentId":"c7a3fa1b-5b5b-4409-9b5b-6c4fe2cc3c20","ComponentCode":"EndEditService","ComponentName":"EndEditService","ComponentPath":"Gsp/Web/WebCmp/bo-webcmp/metadata/webcmp","MethodId":"545a2fc0-453a-4790-cfa9-6079d793a6a0","MethodCode":"endEdit","MethodName":"结束编辑","IsReplaced":false,"IsBeforeExpansion":false,"IsAfterExpansion":false,"ParamConfigs":[],"Type":0,"Content":{"itemId":"545a2fc0-453a-4790-cfa9-6079d793a6a0endEdit","itemType":0,"itemName":"结束编辑","Id":"6b209e22-ea69-e3fa-ab93-fe9a27b08b67","Code":"endEdit","Name":"endEdit","ComponentId":"c7a3fa1b-5b5b-4409-9b5b-6c4fe2cc3c20","ComponentCode":"EndEditService","ComponentName":"EndEditService","ComponentPath":"Gsp/Web/WebCmp/bo-webcmp/metadata/webcmp","MethodId":"545a2fc0-453a-4790-cfa9-6079d793a6a0","MethodCode":"endEdit","MethodName":"结束编辑","IsReplaced":false,"IsBeforeExpansion":false,"IsAfterExpansion":false,"ParamConfigs":[]}},{"itemId":"6e2a4176-538c-bc65-2282-2d3bc48a6bdbclose","itemType":0,"itemName":"关闭菜单或应用","Id":"5555b248-853a-0221-3aa8-c111d12dd922","Code":"close","Name":"close","ComponentId":"23e9883e-1e4d-4c5b-bf89-42f895f45bc4","ComponentCode":"NavigationService","ComponentName":"NavigationService","ComponentPath":"Gsp/Web/WebCmp/bo-webcmp/webcmp","MethodId":"6e2a4176-538c-bc65-2282-2d3bc48a6bdb","MethodCode":"close","MethodName":"关闭菜单或应用","IsReplaced":false,"IsBeforeExpansion":false,"IsAfterExpansion":false,"ParamConfigs":[],"Type":0,"Content":{"itemId":"6e2a4176-538c-bc65-2282-2d3bc48a6bdbclose","itemType":0,"itemName":"关闭菜单或应用","Id":"5555b248-853a-0221-3aa8-c111d12dd922","Code":"close","Name":"close","ComponentId":"23e9883e-1e4d-4c5b-bf89-42f895f45bc4","ComponentCode":"NavigationService","ComponentName":"NavigationService","ComponentPath":"Gsp/Web/WebCmp/bo-webcmp/webcmp","MethodId":"6e2a4176-538c-bc65-2282-2d3bc48a6bdb","MethodCode":"close","MethodName":"关闭菜单或应用","IsReplaced":false,"IsBeforeExpansion":false,"IsAfterExpansion":false,"ParamConfigs":[]}}],"Parameters":[]},{"dict":null,"uri":null,"kind":"DefaultOperation","extensionKeys":null,"Code":"remove","Name":"删除当前数据","Description":null,"Id":"aae5dda3-7941-6d19-dab5-c4126d20e457","Items":[{"itemId":"7adbc8ce-5ece-9b9d-86ea-635c3820ad18remove","itemType":0,"itemName":"删除数据","Id":"d06e04bd-4f08-fed0-1ff7-ebdea327549c","Code":"remove","Name":"remove","ComponentId":"6daf2f0e-395b-4064-b128-05020a31aa7b","ComponentCode":"ListDataService","ComponentName":"ListDataService","ComponentPath":"Gsp/Web/WebCmp/bo-webcmp/metadata/webcmp/data-services","MethodId":"7adbc8ce-5ece-9b9d-86ea-635c3820ad18","MethodCode":"remove","MethodName":"删除数据","IsReplaced":false,"IsBeforeExpansion":false,"IsAfterExpansion":false,"ParamConfigs":[{"ParamCode":"id","ParamName":"数据id","ParamExpress":"{COMMAND~/params/id}"},{"ParamCode":"ifSave","ParamName":"可选，删除后是否执行保存","ParamExpress":"{COMMAND~/params/ifSave}"},{"ParamCode":"successMsg","ParamName":"可选，删除成功后的提示信息，默认为“删除成功”","ParamExpress":"{COMMAND~/params/successMsg}"},{"ParamCode":"confirm","ParamName":"删除前是否需要进行确认，默认为true","ParamExpress":"true"},{"ParamCode":"breakable","ParamName":"不保存时是否截断流","ParamExpress":"true"}],"Type":0,"Content":{"itemId":"7adbc8ce-5ece-9b9d-86ea-635c3820ad18remove","itemType":0,"itemName":"删除数据","Id":"d06e04bd-4f08-fed0-1ff7-ebdea327549c","Code":"remove","Name":"remove","ComponentId":"6daf2f0e-395b-4064-b128-05020a31aa7b","ComponentCode":"ListDataService","ComponentName":"ListDataService","ComponentPath":"Gsp/Web/WebCmp/bo-webcmp/metadata/webcmp/data-services","MethodId":"7adbc8ce-5ece-9b9d-86ea-635c3820ad18","MethodCode":"remove","MethodName":"删除数据","IsReplaced":false,"IsBeforeExpansion":false,"IsAfterExpansion":false,"ParamConfigs":[{"ParamCode":"id","ParamName":"数据id","ParamExpress":"{COMMAND~/params/id}"},{"ParamCode":"ifSave","ParamName":"可选，删除后是否执行保存","ParamExpress":"{COMMAND~/params/ifSave}"},{"ParamCode":"successMsg","ParamName":"可选，删除成功后的提示信息，默认为“删除成功”","ParamExpress":"{COMMAND~/params/successMsg}"},{"ParamCode":"confirm","ParamName":"删除前是否需要进行确认，默认为true","ParamExpress":"true"},{"ParamCode":"breakable","ParamName":"不保存时是否截断流","ParamExpress":"true"}]}},{"itemId":"bf69d890-a5b8-f4f7-fca9-db451f15ccfcuncheckDeletedRows","itemType":0,"itemName":"取消勾选被删除的行","Id":"dd461c38-950e-1e3c-1008-091fafbe1041","Code":"uncheckDeletedRows","Name":"uncheckDeletedRows","ComponentId":"29fcae1c-7742-4967-a9fa-5ce0f7d94655","ComponentCode":"DataGridService","ComponentName":"DataGridService","ComponentPath":"Gsp/Web/WebCmp/bo-webcmp/metadata/webcmp","MethodId":"bf69d890-a5b8-f4f7-fca9-db451f15ccfc","MethodCode":"uncheckDeletedRows","MethodName":"取消勾选被删除的行","IsReplaced":false,"IsBeforeExpansion":false,"IsAfterExpansion":false,"ParamConfigs":[{"ParamCode":"ids","ParamName":"被删除数据的主键数组","ParamExpress":"{COMMAND~/params/id}"}],"Type":0,"Content":{"itemId":"bf69d890-a5b8-f4f7-fca9-db451f15ccfcuncheckDeletedRows","itemType":0,"itemName":"取消勾选被删除的行","Id":"dd461c38-950e-1e3c-1008-091fafbe1041","Code":"uncheckDeletedRows","Name":"uncheckDeletedRows","ComponentId":"29fcae1c-7742-4967-a9fa-5ce0f7d94655","ComponentCode":"DataGridService","ComponentName":"DataGridService","ComponentPath":"Gsp/Web/WebCmp/bo-webcmp/metadata/webcmp","MethodId":"bf69d890-a5b8-f4f7-fca9-db451f15ccfc","MethodCode":"uncheckDeletedRows","MethodName":"取消勾选被删除的行","IsReplaced":false,"IsBeforeExpansion":false,"IsAfterExpansion":false,"ParamConfigs":[{"ParamCode":"ids","ParamName":"被删除数据的主键数组","ParamExpress":"{COMMAND~/params/id}"}]}},{"itemId":"978e39b2-cace-cedf-bc17-847602a336b2refreshAfterRemoving","itemType":0,"itemName":"删除后刷新数据","Id":"3304d8a9-5346-2654-2434-2da06e6fe61f","Code":"refreshAfterRemoving","Name":"refreshAfterRemoving","ComponentId":"6daf2f0e-395b-4064-b128-05020a31aa7b","ComponentCode":"ListDataService","ComponentName":"ListDataService","ComponentPath":"Gsp/Web/WebCmp/bo-webcmp/metadata/webcmp/data-services","MethodId":"978e39b2-cace-cedf-bc17-847602a336b2","MethodCode":"refreshAfterRemoving","MethodName":"删除后刷新数据","IsReplaced":false,"IsBeforeExpansion":false,"IsAfterExpansion":false,"ParamConfigs":[{"ParamCode":"refreshCommandName","ParamName":"数据刷新命令名称","ParamExpress":"{COMMAND~/params/refreshCommandName}"},{"ParamCode":"refreshCommandFrameId","ParamName":"数据刷新命令对应的FrameId","ParamExpress":"{COMMAND~/params/refreshCommandFrameId}"}],"Type":0,"Content":{"itemId":"978e39b2-cace-cedf-bc17-847602a336b2refreshAfterRemoving","itemType":0,"itemName":"删除后刷新数据","Id":"3304d8a9-5346-2654-2434-2da06e6fe61f","Code":"refreshAfterRemoving","Name":"refreshAfterRemoving","ComponentId":"6daf2f0e-395b-4064-b128-05020a31aa7b","ComponentCode":"ListDataService","ComponentName":"ListDataService","ComponentPath":"Gsp/Web/WebCmp/bo-webcmp/metadata/webcmp/data-services","MethodId":"978e39b2-cace-cedf-bc17-847602a336b2","MethodCode":"refreshAfterRemoving","MethodName":"删除后刷新数据","IsReplaced":false,"IsBeforeExpansion":false,"IsAfterExpansion":false,"ParamConfigs":[{"ParamCode":"refreshCommandName","ParamName":"数据刷新命令名称","ParamExpress":"{COMMAND~/params/refreshCommandName}"},{"ParamCode":"refreshCommandFrameId","ParamName":"数据刷新命令对应的FrameId","ParamExpress":"{COMMAND~/params/refreshCommandFrameId}"}]}}],"Parameters":[{"dict":null,"required":null,"defaultValue":null,"constraint":null,"kind":"DefaultParameter","controlType":null,"helpInfo":null,"paramConstraint":null,"enumCollection":[],"extensionKeys":null,"Code":"id","Name":"待删除数据的标识","Description":"必填，一般为指向列表当前行id的数据表达式，例如：{DATA~/data-grid-component/id}","ParameterType":"string","controlSource":null,"Id":"613d2bd5-fef9-52e0-2881-614b3390c371","IsRetVal":false,"EditorType":null},{"dict":null,"required":null,"defaultValue":null,"constraint":null,"kind":"DefaultParameter","controlType":null,"helpInfo":null,"paramConstraint":null,"enumCollection":[],"extensionKeys":null,"Code":"refreshCommandName","Name":"删除后回调方法","Description":"可选，可以指定删除数据后的回调方法，通常用来刷新数据，例如：指定LoadList方法","ParameterType":"string","controlSource":{"type":"ComboLookup","context":{"data":{"type":"string","value":":CommandsTree"},"columns":{"type":"array","value":"[{\"field\":\"id\",\"title\":\"Id\"},{\"field\":\"name\",\"title\":\"命令名称\"}]"}}},"Id":"db6b153b-502e-80c1-993b-2769398d73eb","IsRetVal":false,"EditorType":null},{"dict":null,"required":null,"defaultValue":null,"constraint":null,"kind":"DefaultParameter","controlType":null,"helpInfo":null,"paramConstraint":null,"enumCollection":[],"extensionKeys":null,"Code":"refreshCommandFrameId","Name":"目标组件","Description":"展示数据的组件标识","ParameterType":"string","controlSource":{"type":"Select","context":{"data":{"type":"string","value":":Components"}}},"Id":"94b71233-81a3-523e-1467-1169a5eb3973","IsRetVal":false,"EditorType":null},{"dict":null,"required":null,"defaultValue":null,"constraint":null,"kind":"DefaultParameter","controlType":null,"helpInfo":null,"paramConstraint":null,"enumCollection":[],"extensionKeys":null,"Code":"ifSave","Name":"是否执行保存","Description":"可选，是否执行保存","ParameterType":null,"controlSource":null,"Id":"d4a36e7c-56b7-38d0-a0f2-c828a41f4983","IsRetVal":false,"EditorType":null},{"dict":null,"required":null,"defaultValue":null,"constraint":null,"kind":"DefaultParameter","controlType":null,"helpInfo":null,"paramConstraint":null,"enumCollection":[],"extensionKeys":null,"Code":"successMsg","Name":"删除成功提示信息","Description":"可选，默认为“删除成功！”","ParameterType":null,"controlSource":null,"Id":"41bb32ed-017a-1812-8275-ed4e98d627b7","IsRetVal":false,"EditorType":null}]},{"dict":null,"uri":null,"kind":"DefaultOperation","extensionKeys":null,"Code":"changePage","Name":"切换页码","Description":"一般会关联到列表组件的切换页码事件上","Id":"40302ced-33be-8d2f-9c4b-023b90351206","Items":[{"itemId":"082a7d2e-9c28-fd81-a30b-7373a4ca1836execute","itemType":0,"itemName":"执行命令","Id":"e0d8db77-7fda-f3e3-0033-58fb7303278e","Code":"execute","Name":"execute","ComponentId":"23884f6a-6387-4abe-a964-f55d56cb2911","ComponentCode":"CommandService","ComponentName":"CommandService","ComponentPath":"Gsp/Web/WebCmp/bo-webcmp/webcmp","MethodId":"082a7d2e-9c28-fd81-a30b-7373a4ca1836","MethodCode":"execute","MethodName":"执行命令","IsReplaced":false,"IsBeforeExpansion":false,"IsAfterExpansion":false,"ParamConfigs":[{"ParamCode":"commandName","ParamName":"命令名称","ParamExpress":"{COMMAND~/params/loadCommandName}"},{"ParamCode":"frameId","ParamName":"框架id","ParamExpress":"{COMMAND~/params/loadCommandFrameId}"}],"Type":0,"Content":{"itemId":"082a7d2e-9c28-fd81-a30b-7373a4ca1836execute","itemType":0,"itemName":"执行命令","Id":"e0d8db77-7fda-f3e3-0033-58fb7303278e","Code":"execute","Name":"execute","ComponentId":"23884f6a-6387-4abe-a964-f55d56cb2911","ComponentCode":"CommandService","ComponentName":"CommandService","ComponentPath":"Gsp/Web/WebCmp/bo-webcmp/webcmp","MethodId":"082a7d2e-9c28-fd81-a30b-7373a4ca1836","MethodCode":"execute","MethodName":"执行命令","IsReplaced":false,"IsBeforeExpansion":false,"IsAfterExpansion":false,"ParamConfigs":[{"ParamCode":"commandName","ParamName":"命令名称","ParamExpress":"{COMMAND~/params/loadCommandName}"},{"ParamCode":"frameId","ParamName":"框架id","ParamExpress":"{COMMAND~/params/loadCommandFrameId}"}]}}],"Parameters":[{"dict":null,"required":null,"defaultValue":null,"constraint":null,"kind":"DefaultParameter","controlType":null,"helpInfo":null,"paramConstraint":null,"enumCollection":[],"extensionKeys":null,"Code":"loadCommandName","Name":"切换页面后回调方法","Description":"必填，通常用来加载下一页数据，例如：指定LoadList方法","ParameterType":"string","controlSource":{"type":"ComboLookup","context":{"data":{"type":"string","value":":CommandsTree"},"columns":{"type":"array","value":"[{\"field\":\"id\",\"title\":\"Id\"},{\"field\":\"name\",\"title\":\"命令名称\"}]"}}},"Id":"91fdf52b-de14-de9c-b073-a2fdeb4618f9","IsRetVal":false,"EditorType":null},{"dict":null,"required":null,"defaultValue":null,"constraint":null,"kind":"DefaultParameter","controlType":null,"helpInfo":null,"paramConstraint":null,"enumCollection":[],"extensionKeys":null,"Code":"loadCommandFrameId","Name":"目标组件","Description":"展示数据的组件标识","ParameterType":"string","controlSource":{"type":"Select","context":{"data":{"type":"string","value":":Components"}}},"Id":"30380609-82e7-acc3-a934-ed6d0dd2fc56","IsRetVal":false,"EditorType":null}]},{"dict":null,"uri":null,"kind":"DefaultOperation","extensionKeys":null,"Code":"modify","Name":"获取最新并修改当前数据","Description":"拉取当前行最新数据，锁定并标记编辑状态","Id":"1275267e-953a-96b5-3807-8f531901207f","Items":[{"itemId":"ddf9bd80-69e9-589a-0022-da396fea356aedit","itemType":0,"itemName":"编辑数据","Id":"bf596beb-dcfb-5a8b-4c0e-b7faf990b11e","Code":"edit","Name":"edit","ComponentId":"47f87143-231b-4d0f-b675-e3bb87ba3ba6","ComponentCode":"CardDataService","ComponentName":"CardDataService","ComponentPath":"Gsp/Web/WebCmp/bo-webcmp/metadata/webcmp/data-services","MethodId":"ddf9bd80-69e9-589a-0022-da396fea356a","MethodCode":"edit","MethodName":"编辑数据","IsReplaced":false,"IsBeforeExpansion":false,"IsAfterExpansion":false,"ParamConfigs":[{"ParamCode":"id","ParamName":"要编辑的数据id","ParamExpress":null}],"Type":0,"Content":{"itemId":"ddf9bd80-69e9-589a-0022-da396fea356aedit","itemType":0,"itemName":"编辑数据","Id":"bf596beb-dcfb-5a8b-4c0e-b7faf990b11e","Code":"edit","Name":"edit","ComponentId":"47f87143-231b-4d0f-b675-e3bb87ba3ba6","ComponentCode":"CardDataService","ComponentName":"CardDataService","ComponentPath":"Gsp/Web/WebCmp/bo-webcmp/metadata/webcmp/data-services","MethodId":"ddf9bd80-69e9-589a-0022-da396fea356a","MethodCode":"edit","MethodName":"编辑数据","IsReplaced":false,"IsBeforeExpansion":false,"IsAfterExpansion":false,"ParamConfigs":[{"ParamCode":"id","ParamName":"要编辑的数据id","ParamExpress":null}]}},{"itemId":"6f078217-7f62-c9ac-c880-c681e502d6f1transit","itemType":0,"itemName":"迁移状态","Id":"299633ea-ccda-5ea6-08be-f6fa6f771da4","Code":"transit","Name":"transit","ComponentId":"7c8386ad-c568-46f7-bca0-4095f05c5d64","ComponentCode":"StateMachineService","ComponentName":"StateMachineService","ComponentPath":"Gsp/Web/WebCmp/bo-webcmp/metadata/webcmp","MethodId":"6f078217-7f62-c9ac-c880-c681e502d6f1","MethodCode":"transit","MethodName":"迁移状态","IsReplaced":false,"IsBeforeExpansion":false,"IsAfterExpansion":false,"ParamConfigs":[{"ParamCode":"action","ParamName":"迁移动作","ParamExpress":null}],"Type":0,"Content":{"itemId":"6f078217-7f62-c9ac-c880-c681e502d6f1transit","itemType":0,"itemName":"迁移状态","Id":"299633ea-ccda-5ea6-08be-f6fa6f771da4","Code":"transit","Name":"transit","ComponentId":"7c8386ad-c568-46f7-bca0-4095f05c5d64","ComponentCode":"StateMachineService","ComponentName":"StateMachineService","ComponentPath":"Gsp/Web/WebCmp/bo-webcmp/metadata/webcmp","MethodId":"6f078217-7f62-c9ac-c880-c681e502d6f1","MethodCode":"transit","MethodName":"迁移状态","IsReplaced":false,"IsBeforeExpansion":false,"IsAfterExpansion":false,"ParamConfigs":[{"ParamCode":"action","ParamName":"迁移动作","ParamExpress":null}]}}],"Parameters":[{"dict":null,"required":null,"defaultValue":null,"constraint":null,"kind":"DefaultParameter","controlType":null,"helpInfo":null,"paramConstraint":null,"enumCollection":[],"extensionKeys":null,"Code":"id","Name":"待修改的数据标识","Description":"要修改的数据id","ParameterType":"string","controlSource":null,"Id":"26ee9a9d-1a38-35cf-9d24-6cdb64a948d7","IsRetVal":false,"EditorType":null}]},{"dict":null,"uri":null,"kind":"DefaultOperation","extensionKeys":null,"Code":"Filter","Name":"过滤列表数据","Description":"过滤列表数据","Id":"6868e79b-8ab0-38e2-124e-03d91999eb67","Items":[{"itemId":"f99ddd7d-52bb-b906-767b-cba9866a3006filter","itemType":0,"itemName":"过滤数据","Id":"355b75ca-a95c-a2cc-33f4-ebb4913ba938","Code":"filter","Name":"filter","ComponentId":"437ac0e1-f5cd-4728-88bf-5122d59dd1f1","ComponentCode":"FilterConditionDataService","ComponentName":"FilterConditionDataService","ComponentPath":"Gsp/Web/WebCmp/bo-webcmp/metadata/webcmp/data-services","MethodId":"f99ddd7d-52bb-b906-767b-cba9866a3006","MethodCode":"filter","MethodName":"过滤数据","IsReplaced":false,"IsBeforeExpansion":false,"IsAfterExpansion":false,"ParamConfigs":[{"ParamCode":"commandName","ParamName":"表单数据加载命令名称","ParamExpress":"{COMMAND~/params/commandName}"},{"ParamCode":"frameId","ParamName":"命令所在的FrameId","ParamExpress":"{COMMAND~/params/frameId}"}],"Type":0,"Content":{"itemId":"f99ddd7d-52bb-b906-767b-cba9866a3006filter","itemType":0,"itemName":"过滤数据","Id":"355b75ca-a95c-a2cc-33f4-ebb4913ba938","Code":"filter","Name":"filter","ComponentId":"437ac0e1-f5cd-4728-88bf-5122d59dd1f1","ComponentCode":"FilterConditionDataService","ComponentName":"FilterConditionDataService","ComponentPath":"Gsp/Web/WebCmp/bo-webcmp/metadata/webcmp/data-services","MethodId":"f99ddd7d-52bb-b906-767b-cba9866a3006","MethodCode":"filter","MethodName":"过滤数据","IsReplaced":false,"IsBeforeExpansion":false,"IsAfterExpansion":false,"ParamConfigs":[{"ParamCode":"commandName","ParamName":"表单数据加载命令名称","ParamExpress":"{COMMAND~/params/commandName}"},{"ParamCode":"frameId","ParamName":"命令所在的FrameId","ParamExpress":"{COMMAND~/params/frameId}"}]}}],"Parameters":[{"dict":null,"required":null,"defaultValue":null,"constraint":null,"kind":"DefaultParameter","controlType":null,"helpInfo":null,"paramConstraint":null,"enumCollection":[],"extensionKeys":null,"Code":"commandName","Name":"过滤回调方法","Description":"必填，通常用来加载下一页数据，例如：指定LoadList方法","ParameterType":"string","controlSource":{"type":"ComboLookup","context":{"data":{"type":"string","value":":CommandsTree"},"columns":{"type":"array","value":"[{\"field\":\"id\",\"title\":\"Id\"},{\"field\":\"name\",\"title\":\"命令名称\"}]"}}},"Id":"b22df791-5c6c-e21c-55a2-dc97a52139ff","IsRetVal":false,"EditorType":null},{"dict":null,"required":null,"defaultValue":null,"constraint":null,"kind":"DefaultParameter","controlType":null,"helpInfo":null,"paramConstraint":null,"enumCollection":[],"extensionKeys":null,"Code":"frameId","Name":"目标组件","Description":"展示数据的组件标识","ParameterType":"string","controlSource":{"type":"Select","context":{"data":{"type":"string","value":":Components"}}},"Id":"fbbc0f4c-c149-335b-a8f9-0901341f72bd","IsRetVal":false,"EditorType":null}]}],"Extends":{"FormCode":null,"IsCommon":true}}},"serviceList":[{"name":null,"application":null,"serviceUnit":null,"version":null,"refStructures":[],"resource":{"sourceFile":"@farris/command-services","className":"EndEditService","kind":"TypeScriptClass"},"Code":"EndEditService","Id":"c7a3fa1b-5b5b-4409-9b5b-6c4fe2cc3c20","Description":"结束编辑服务","Operations":[{"dict":null,"uri":null,"returnType":null,"kind":"DefaultOperation","extensionKeys":null,"Code":"endEdit","Name":"结束编辑","Description":"结束编辑","Id":"545a2fc0-453a-4790-cfa9-6079d793a6a0","Parameters":null}],"IsCommon":true,"ClassName":"EndEditService","FormCode":null,"Source":"@farris/command-services"},{"name":"过滤条过滤服务","application":null,"serviceUnit":null,"version":null,"refStructures":[],"resource":{"sourceFile":"@farris/command-services","className":"FilterConditionDataService","kind":"TypeScriptClass"},"Code":"FilterConditionDataService","Id":"437ac0e1-f5cd-4728-88bf-5122d59dd1f1","Description":"过滤条数据服务","Operations":[{"dict":null,"uri":null,"returnType":null,"kind":"DefaultOperation","extensionKeys":null,"Code":"filter","Name":"过滤数据","Description":"设置查询条件并过滤数据","Id":"f99ddd7d-52bb-b906-767b-cba9866a3006","Parameters":[{"dict":null,"required":null,"defaultValue":null,"constraint":null,"kind":"DefaultParameter","controlType":null,"customControlSource":null,"helpInfo":null,"paramConstraint":null,"enumCollection":[],"extensionKeys":null,"Code":"commandName","Name":"表单数据加载命令名称","Description":"表单数据加载命令名称","ParameterType":"string","Id":"d94a5c1e-7fda-1ad6-6be8-ee99541c62db","IsRetVal":false},{"dict":null,"required":null,"defaultValue":null,"constraint":null,"kind":"DefaultParameter","controlType":null,"customControlSource":null,"helpInfo":null,"paramConstraint":null,"enumCollection":[],"extensionKeys":null,"Code":"frameId","Name":"命令所在的FrameId","Description":"命令所在的FrameId","ParameterType":"any","Id":"1ddc2a8e-c995-63cb-cbe8-32e490134bc2","IsRetVal":false}]}],"IsCommon":true,"ClassName":"FilterConditionDataService","FormCode":null,"Source":"@farris/command-services"},{"name":"校验服务","application":null,"serviceUnit":null,"version":null,"refStructures":[],"resource":{"sourceFile":"@farris/command-services","className":"ValidationService","kind":"TypeScriptClass"},"Code":"ValidationService","Id":"bb531cd6-5b94-4b75-a3da-99d7d0a7a08c","Description":"验证数据","Operations":[{"dict":null,"uri":null,"returnType":null,"kind":"DefaultOperation","extensionKeys":null,"Code":"validateAll","Name":"验证前端数据","Description":"验证form和实体","Id":"f6b8a894-62e7-63d7-53ba-16e82885ce21","Parameters":null},{"dict":null,"uri":null,"returnType":null,"kind":"DefaultOperation","extensionKeys":null,"Code":"resetValidation","Name":"重置验证信息","Description":"重置验证信息","Id":"9bc3d3ea-75ad-13d1-f0b6-6a8686ca8c46","Parameters":null},{"dict":null,"uri":null,"returnType":null,"kind":"DefaultOperation","extensionKeys":null,"Code":"validateCurrentRow","Name":"校验当前行数据","Description":"校验当前行数据","Id":"d8f35682-8a02-c921-3d2e-b9af87f198af","Parameters":null}],"IsCommon":true,"ClassName":"ValidationService","FormCode":null,"Source":"@farris/command-services"},{"name":"表格服务","application":null,"serviceUnit":null,"version":null,"refStructures":[],"resource":{"sourceFile":"@farris/command-services","className":"DataGridService","kind":"TypeScriptClass"},"Code":"DataGridService","Id":"29fcae1c-7742-4967-a9fa-5ce0f7d94655","Description":"表格服务","Operations":[{"dict":null,"uri":null,"returnType":null,"kind":"DefaultOperation","extensionKeys":null,"Code":"clearChecks","Name":"清空grid勾选行","Description":"清空grid勾选行","Id":"8c7e7a4c-994e-b111-cac2-d9dc722d39f6","Parameters":null},{"dict":null,"uri":null,"returnType":null,"kind":"DefaultOperation","extensionKeys":null,"Code":"uncheckDeletedRows","Name":"取消勾选被删除的行","Description":"取消勾选被删除的行","Id":"bf69d890-a5b8-f4f7-fca9-db451f15ccfc","Parameters":[{"dict":null,"required":null,"defaultValue":null,"constraint":null,"kind":"DefaultParameter","controlType":null,"customControlSource":null,"helpInfo":null,"paramConstraint":null,"enumCollection":[],"extensionKeys":null,"Code":"ids","Name":"被删除数据的主键数组","Description":"被删除数据的主键数组","ParameterType":"any","Id":"53d3c2f9-fc22-f3e1-8f94-c31bc2e0b247","IsRetVal":false}]},{"dict":null,"uri":null,"returnType":null,"kind":"DefaultOperation","extensionKeys":null,"Code":"uncheckRows","Name":"取消勾选行","Description":"取消勾选行","Id":"6b735623-1b0a-c3e7-024f-44ff7a207024","Parameters":[{"dict":null,"required":null,"defaultValue":null,"constraint":null,"kind":"DefaultParameter","controlType":null,"customControlSource":null,"helpInfo":null,"paramConstraint":null,"enumCollection":[],"extensionKeys":null,"Code":"ids","Name":"ids","Description":"ids","ParameterType":"any","Id":"8489c64c-1635-663f-9d5f-d91447f8bb7c","IsRetVal":false}]}],"IsCommon":true,"ClassName":"DataGridService","FormCode":null,"Source":"@farris/command-services"},{"name":null,"application":null,"serviceUnit":null,"version":null,"refStructures":[],"resource":{"sourceFile":"@farris/command-services","className":"NavigationMiddlewareService","kind":"TypeScriptClass"},"Code":"NavigationMiddlewareService","Id":"d909a196-e816-4219-ac72-bdbc38b75088","Description":"导航中间件","Operations":[{"dict":null,"uri":null,"returnType":null,"kind":"DefaultOperation","extensionKeys":null,"Code":"onClosing","Name":"关闭前事件","Description":null,"Id":"39a63da5-e912-d502-fb51-887a2f152c4c","Parameters":null},{"dict":null,"uri":null,"returnType":null,"kind":"DefaultOperation","extensionKeys":null,"Code":"getTabId","Name":"获取TabId","Description":null,"Id":"e566c96e-d527-6cae-5ae1-ae87bc2dfb66","Parameters":[{"dict":null,"required":null,"defaultValue":null,"constraint":null,"kind":"DefaultParameter","controlType":null,"customControlSource":null,"helpInfo":null,"paramConstraint":null,"enumCollection":[],"extensionKeys":null,"Code":"params","Name":"参数","Description":null,"ParameterType":null,"Id":"09bf177c-9e3f-0dc2-0acb-8989fceae2ce","IsRetVal":false},{"dict":null,"required":null,"defaultValue":null,"constraint":null,"kind":"DefaultParameter","controlType":null,"customControlSource":null,"helpInfo":null,"paramConstraint":null,"enumCollection":[],"extensionKeys":null,"Code":"targetId","Name":"目标Id","Description":null,"ParameterType":null,"Id":"6ea2ea3d-850a-2ca3-2f13-72cf8752e686","IsRetVal":false}]}],"IsCommon":true,"ClassName":"NavigationMiddlewareService","FormCode":null,"Source":"@farris/command-services"},{"name":null,"application":null,"serviceUnit":null,"version":null,"refStructures":[],"resource":{"sourceFile":"@farris/command-services","className":"ListDataService","kind":"TypeScriptClass"},"Code":"ListDataService","Id":"6daf2f0e-395b-4064-b128-05020a31aa7b","Description":"列表数据服务","Operations":[{"dict":null,"uri":null,"returnType":null,"kind":"DefaultOperation","extensionKeys":null,"Code":"load","Name":"加载数据","Description":null,"Id":"ea4f7678-5fdc-e2a5-0c0f-a02563a47309","Parameters":[{"dict":null,"required":null,"defaultValue":null,"constraint":null,"kind":"DefaultParameter","controlType":null,"customControlSource":null,"helpInfo":null,"paramConstraint":null,"enumCollection":[],"extensionKeys":null,"Code":"filter","Name":"过滤条件","Description":null,"ParameterType":null,"Id":"eb4d05ae-f0ed-c3d4-f387-5ae4935cc264","IsRetVal":false},{"dict":null,"required":null,"defaultValue":null,"constraint":null,"kind":"DefaultParameter","controlType":null,"customControlSource":null,"helpInfo":null,"paramConstraint":null,"enumCollection":[],"extensionKeys":null,"Code":"sort","Name":"排序条件","Description":null,"ParameterType":null,"Id":"4372e26c-e6e0-a2c5-59d2-41fb9fce6c4d","IsRetVal":false}]},{"dict":null,"uri":null,"returnType":null,"kind":"DefaultOperation","extensionKeys":null,"Code":"query","Name":"查询数据","Description":null,"Id":"6d83e2a6-cfec-3553-04f9-7b6c7011f882","Parameters":[{"dict":null,"required":null,"defaultValue":null,"constraint":null,"kind":"DefaultParameter","controlType":null,"customControlSource":null,"helpInfo":null,"paramConstraint":null,"enumCollection":[],"extensionKeys":null,"Code":"filter","Name":"过滤条件","Description":null,"ParameterType":null,"Id":"a5f230ed-2d4a-9451-c73a-85d9f7270c79","IsRetVal":false},{"dict":null,"required":null,"defaultValue":null,"constraint":null,"kind":"DefaultParameter","controlType":null,"customControlSource":null,"helpInfo":null,"paramConstraint":null,"enumCollection":[],"extensionKeys":null,"Code":"sort","Name":"排序条件","Description":null,"ParameterType":null,"Id":"5bb5cef0-e93c-33e6-4391-619198c9ef91","IsRetVal":false},{"dict":null,"required":null,"defaultValue":null,"constraint":null,"kind":"DefaultParameter","controlType":null,"customControlSource":null,"helpInfo":null,"paramConstraint":null,"enumCollection":[],"extensionKeys":null,"Code":"pageSize","Name":"分页大小","Description":null,"ParameterType":null,"Id":"458386e1-e109-7ecd-9589-e747eb1ec1c1","IsRetVal":false},{"dict":null,"required":null,"defaultValue":null,"constraint":null,"kind":"DefaultParameter","controlType":null,"customControlSource":null,"helpInfo":null,"paramConstraint":null,"enumCollection":[],"extensionKeys":null,"Code":"pageIndex","Name":"当前页码","Description":null,"ParameterType":null,"Id":"647ce2d9-9cc3-11e2-aaf3-8999d7ea09b9","IsRetVal":false}]},{"dict":null,"uri":null,"returnType":null,"kind":"DefaultOperation","extensionKeys":null,"Code":"append","Name":"追加数据","Description":null,"Id":"2872ac48-93b3-b6ac-21c9-38c7857859f1","Parameters":null},{"dict":null,"uri":null,"returnType":null,"kind":"DefaultOperation","extensionKeys":null,"Code":"remove","Name":"删除数据","Description":null,"Id":"7adbc8ce-5ece-9b9d-86ea-635c3820ad18","Parameters":[{"dict":null,"required":null,"defaultValue":null,"constraint":null,"kind":"DefaultParameter","controlType":null,"customControlSource":null,"helpInfo":null,"paramConstraint":null,"enumCollection":[],"extensionKeys":null,"Code":"id","Name":"数据id","Description":null,"ParameterType":null,"Id":"0086121e-3844-a598-008a-cbd9ea0f7e9a","IsRetVal":false},{"dict":null,"required":null,"defaultValue":null,"constraint":null,"kind":"DefaultParameter","controlType":null,"customControlSource":null,"helpInfo":null,"paramConstraint":null,"enumCollection":[],"extensionKeys":null,"Code":"ifSave","Name":"可选，删除后是否执行保存","Description":"可选，删除后是否执行保存","ParameterType":null,"Id":"bc046cdd-06b8-3645-e0c3-362cbe1c4eb9","IsRetVal":false},{"dict":null,"required":null,"defaultValue":null,"constraint":null,"kind":"DefaultParameter","controlType":null,"customControlSource":null,"helpInfo":null,"paramConstraint":null,"enumCollection":[],"extensionKeys":null,"Code":"successMsg","Name":"可选，删除成功后的提示信息，默认为“删除成功”","Description":"删除成功后的提示信息，默认为“删除成功”","ParameterType":null,"Id":"814a7bb0-9210-67c1-4e96-d4cbd443fd3b","IsRetVal":false},{"dict":null,"required":null,"defaultValue":null,"constraint":null,"kind":"DefaultParameter","controlType":null,"customControlSource":null,"helpInfo":null,"paramConstraint":null,"enumCollection":[],"extensionKeys":null,"Code":"confirm","Name":"删除前是否需要进行确认，默认为true","Description":"删除前是否需要进行确认，默认为true","ParameterType":null,"Id":"fc41c791-5ee7-705b-d74f-d021588c2805","IsRetVal":false},{"dict":null,"required":null,"defaultValue":null,"constraint":null,"kind":"DefaultParameter","controlType":null,"customControlSource":null,"helpInfo":null,"paramConstraint":null,"enumCollection":[],"extensionKeys":null,"Code":"breakable","Name":"不保存时是否截断流","Description":"不保存时是否截断流","ParameterType":null,"Id":"ada1d904-c1f4-2ae1-4332-a3e717aa070f","IsRetVal":false}]},{"dict":null,"uri":null,"returnType":null,"kind":"DefaultOperation","extensionKeys":null,"Code":"save","Name":"保存数据","Description":null,"Id":"bace3896-d96d-6e5a-35e3-1f51070b2f1d","Parameters":[{"dict":null,"required":null,"defaultValue":null,"constraint":null,"kind":"DefaultParameter","controlType":null,"customControlSource":null,"helpInfo":null,"paramConstraint":null,"enumCollection":[],"extensionKeys":null,"Code":"successMsg","Name":"提示信息","Description":"可选","ParameterType":"string","Id":"10f53750-9b94-2125-a165-8ea756e47397","IsRetVal":false}]},{"dict":null,"uri":null,"returnType":null,"kind":"DefaultOperation","extensionKeys":null,"Code":"cancel","Name":"撤销变更","Description":null,"Id":"e3d2f574-88c2-f456-7030-0ea073dce7bc","Parameters":null},{"dict":null,"uri":null,"returnType":null,"kind":"DefaultOperation","extensionKeys":null,"Code":"removeRows","Name":"删除多行数据","Description":null,"Id":"cde0f4d4-b0d2-ac8c-117f-8722712f711e","Parameters":[{"dict":null,"required":null,"defaultValue":null,"constraint":null,"kind":"DefaultParameter","controlType":null,"customControlSource":null,"helpInfo":null,"paramConstraint":null,"enumCollection":[],"extensionKeys":null,"Code":"ids","Name":"待删除行id集合","Description":null,"ParameterType":null,"Id":"f627ac2f-cc07-d984-3955-c7286a8ee2c8","IsRetVal":false},{"dict":null,"required":null,"defaultValue":null,"constraint":null,"kind":"DefaultParameter","controlType":null,"customControlSource":null,"helpInfo":null,"paramConstraint":null,"enumCollection":[],"extensionKeys":null,"Code":"successMsg","Name":"提示信息","Description":"可选","ParameterType":"string","Id":"440ec639-f470-befc-0395-08135d05ab4f","IsRetVal":false}]},{"dict":null,"uri":null,"returnType":null,"kind":"DefaultOperation","extensionKeys":null,"Code":"revert","Name":"还原变更集","Description":null,"Id":"4ecb2b51-a866-1a7a-41fd-e904267e3806","Parameters":null},{"dict":null,"uri":null,"returnType":null,"kind":"DefaultOperation","extensionKeys":null,"Code":"refreshAfterRemoving","Name":"删除后刷新数据","Description":"","Id":"978e39b2-cace-cedf-bc17-847602a336b2","Parameters":[{"dict":null,"required":null,"defaultValue":null,"constraint":null,"kind":"DefaultParameter","controlType":null,"customControlSource":null,"helpInfo":null,"paramConstraint":null,"enumCollection":[],"extensionKeys":null,"Code":"refreshCommandName","Name":"数据刷新命令名称","Description":null,"ParameterType":null,"Id":"e7e907de-ef3e-3777-a679-aaf0251ee9a3","IsRetVal":false},{"dict":null,"required":null,"defaultValue":null,"constraint":null,"kind":"DefaultParameter","controlType":null,"customControlSource":null,"helpInfo":null,"paramConstraint":null,"enumCollection":[],"extensionKeys":null,"Code":"refreshCommandFrameId","Name":"数据刷新命令对应的FrameId","Description":null,"ParameterType":null,"Id":"d1761a62-d3e7-6a16-a10d-caa4dba78544","IsRetVal":false}]},{"dict":null,"uri":null,"returnType":null,"kind":"DefaultOperation","extensionKeys":null,"Code":"refresh","Name":"刷新数据","Description":"刷新数据","Id":"7f9f66ad-3b9d-3df4-6a8f-d5822724e931","Parameters":[{"dict":null,"required":null,"defaultValue":null,"constraint":null,"kind":"DefaultParameter","controlType":null,"customControlSource":null,"helpInfo":null,"paramConstraint":null,"enumCollection":[],"extensionKeys":null,"Code":"loadCmdName","Name":"数据刷新命令名称","Description":"数据刷新命令名称","ParameterType":"string","Id":"132dd016-4f58-a85d-cc95-85afad884a33","IsRetVal":false},{"dict":null,"required":null,"defaultValue":null,"constraint":null,"kind":"DefaultParameter","controlType":null,"customControlSource":null,"helpInfo":null,"paramConstraint":null,"enumCollection":[],"extensionKeys":null,"Code":"loadCmdFrameId","Name":"数据刷新命令对应的FrameId","Description":"数据刷新命令对应的FrameId","ParameterType":"string","Id":"eab51765-0201-7a7d-7c91-f646b380e489","IsRetVal":false}]},{"dict":null,"uri":null,"returnType":null,"kind":"DefaultOperation","extensionKeys":null,"Code":"insert","Name":"插入数据","Description":"插入数据","Id":"1664495d-8ef3-6fa6-2bfe-c18989de9aee","Parameters":[{"dict":null,"required":null,"defaultValue":null,"constraint":null,"kind":"DefaultParameter","controlType":null,"customControlSource":null,"helpInfo":null,"paramConstraint":null,"enumCollection":[],"extensionKeys":null,"Code":"position","Name":"插入位置","Description":"插入位置","ParameterType":"","Id":"026f877b-ac66-bff5-8819-3beb1b2efd6d","IsRetVal":false}]},{"dict":null,"uri":null,"returnType":null,"kind":"DefaultOperation","extensionKeys":null,"Code":"queryChild","Name":"查询从表数据（分页）","Description":"查询从表数据（分页）","Id":"67b5a90a-9aa8-7f14-53b0-9e3276deea60","Parameters":[{"dict":null,"required":null,"defaultValue":null,"constraint":null,"kind":"DefaultParameter","controlType":null,"customControlSource":null,"helpInfo":null,"paramConstraint":null,"enumCollection":[],"extensionKeys":null,"Code":"filter","Name":"过滤","Description":"过滤","ParameterType":null,"Id":"c26825dc-2997-bed2-2a40-7eccd98e5554","IsRetVal":false},{"dict":null,"required":null,"defaultValue":null,"constraint":null,"kind":"DefaultParameter","controlType":null,"customControlSource":null,"helpInfo":null,"paramConstraint":null,"enumCollection":[],"extensionKeys":null,"Code":"sort","Name":"排序","Description":"排序","ParameterType":null,"Id":"9467270b-57f9-35da-abb0-a4cb50c3470c","IsRetVal":false}]},{"dict":null,"uri":null,"returnType":null,"kind":"DefaultOperation","extensionKeys":null,"Code":"filter","Name":"过滤并加载数据","Description":"过滤并加载数据","Id":"bfe32721-e6b2-e7bb-6bbf-564953258f98","Parameters":[{"dict":null,"required":null,"defaultValue":null,"constraint":null,"kind":"DefaultParameter","controlType":null,"customControlSource":null,"helpInfo":null,"paramConstraint":null,"enumCollection":[],"extensionKeys":null,"Code":"filter","Name":"过滤条件","Description":"过滤条件","ParameterType":null,"Id":"52fdc464-8c5a-fcb5-767d-9cfa4ae93559","IsRetVal":false},{"dict":null,"required":null,"defaultValue":null,"constraint":null,"kind":"DefaultParameter","controlType":null,"customControlSource":null,"helpInfo":null,"paramConstraint":null,"enumCollection":[],"extensionKeys":null,"Code":"sort","Name":"排序条件","Description":"排序条件","ParameterType":null,"Id":"3f1fed45-1f48-3d88-2eae-a2b4d30239ca","IsRetVal":false}]}],"IsCommon":true,"ClassName":"ListDataService","FormCode":null,"Source":"@farris/command-services"},{"name":null,"application":null,"serviceUnit":null,"version":null,"refStructures":[],"resource":{"sourceFile":"@farris/command-services","className":"NavigationService","kind":"TypeScriptClass"},"Code":"NavigationService","Id":"23e9883e-1e4d-4c5b-bf89-42f895f45bc4","Description":"导航服务","Operations":[{"dict":null,"uri":null,"returnType":null,"kind":"DefaultOperation","extensionKeys":null,"Code":"openMenu","Name":"打开菜单","Description":null,"Id":"2b7168b2-146f-501d-8a83-848acb8249ef","Parameters":[{"dict":null,"required":null,"defaultValue":null,"constraint":null,"kind":"DefaultParameter","controlType":null,"customControlSource":null,"helpInfo":null,"paramConstraint":null,"enumCollection":[],"extensionKeys":null,"Code":"tabId","Name":"标签页Id","Description":null,"ParameterType":"","Id":"f2377a33-eace-d546-e731-d9ecb03998d5","IsRetVal":false},{"dict":null,"required":null,"defaultValue":null,"constraint":null,"kind":"DefaultParameter","controlType":null,"customControlSource":null,"helpInfo":null,"paramConstraint":null,"enumCollection":[],"extensionKeys":null,"Code":"funcId","Name":"菜单Id","Description":null,"ParameterType":"","Id":"d3763dbc-5d6a-88ed-8eac-fb062d65d50f","IsRetVal":false},{"dict":null,"required":null,"defaultValue":null,"constraint":null,"kind":"DefaultParameter","controlType":null,"customControlSource":null,"helpInfo":null,"paramConstraint":null,"enumCollection":[],"extensionKeys":null,"Code":"params","Name":"参数","Description":null,"ParameterType":"","Id":"99011cab-9f8d-cc67-a3c5-898eb5258d80","IsRetVal":false},{"dict":null,"required":null,"defaultValue":null,"constraint":null,"kind":"DefaultParameter","controlType":null,"customControlSource":null,"helpInfo":null,"paramConstraint":null,"enumCollection":[],"extensionKeys":null,"Code":"reload","Name":"是否重新加载","Description":null,"ParameterType":"","Id":"0344e897-d429-0525-5c6f-0909ce49deee","IsRetVal":false},{"dict":null,"required":null,"defaultValue":null,"constraint":null,"kind":"DefaultParameter","controlType":null,"customControlSource":null,"helpInfo":null,"paramConstraint":null,"enumCollection":[],"extensionKeys":null,"Code":"enableRefresh","Name":"启用数据刷新","Description":"启用数据刷新","ParameterType":null,"Id":"1ba8a04b-2e54-a1f4-4e7a-c57f24e74c3e","IsRetVal":false},{"dict":null,"required":null,"defaultValue":null,"constraint":null,"kind":"DefaultParameter","controlType":null,"customControlSource":null,"helpInfo":null,"paramConstraint":null,"enumCollection":[],"extensionKeys":null,"Code":"tabName","Name":"标签页标题","Description":"标签页标题","ParameterType":null,"Id":"576e8d6a-0686-6975-0dcd-fcbc5742a9fa","IsRetVal":false},{"dict":null,"required":null,"defaultValue":null,"constraint":null,"kind":"DefaultParameter","controlType":null,"customControlSource":null,"helpInfo":null,"paramConstraint":null,"enumCollection":[],"extensionKeys":null,"Code":"destructuring","Name":"是否解构参数","Description":"是否解构参数，将参数放到url中","ParameterType":null,"Id":"76ffa2b7-b381-eb41-a4cd-7bd1948f04c1","IsRetVal":false}]},{"dict":null,"uri":null,"returnType":null,"kind":"DefaultOperation","extensionKeys":null,"Code":"openApp","Name":"打开应用","Description":"","Id":"0089aaea-6719-6b99-e1d2-c730510c51ca","Parameters":[{"dict":null,"required":null,"defaultValue":null,"constraint":null,"kind":"DefaultParameter","controlType":null,"customControlSource":null,"helpInfo":null,"paramConstraint":null,"enumCollection":[],"extensionKeys":null,"Code":"tabId","Name":"标签页Id","Description":null,"ParameterType":null,"Id":"fedcffd1-41cf-0192-4fa6-37e2ca0cc679","IsRetVal":false},{"dict":null,"required":null,"defaultValue":null,"constraint":null,"kind":"DefaultParameter","controlType":null,"customControlSource":null,"helpInfo":null,"paramConstraint":null,"enumCollection":[],"extensionKeys":null,"Code":"appId","Name":"应用Id","Description":null,"ParameterType":null,"Id":"7e9fe4a1-3e74-5495-6f6f-f4f0f26a6706","IsRetVal":false},{"dict":null,"required":null,"defaultValue":null,"constraint":null,"kind":"DefaultParameter","controlType":null,"customControlSource":null,"helpInfo":null,"paramConstraint":null,"enumCollection":[],"extensionKeys":null,"Code":"appEntrance","Name":"应用入口","Description":null,"ParameterType":null,"Id":"61351f64-8718-7458-5c75-4d18bca2dc92","IsRetVal":false},{"dict":null,"required":null,"defaultValue":null,"constraint":null,"kind":"DefaultParameter","controlType":null,"customControlSource":null,"helpInfo":null,"paramConstraint":null,"enumCollection":[],"extensionKeys":null,"Code":"params","Name":"参数","Description":null,"ParameterType":null,"Id":"64450871-091c-01d0-c23a-c15ec96e2156","IsRetVal":false},{"dict":null,"required":null,"defaultValue":null,"constraint":null,"kind":"DefaultParameter","controlType":null,"customControlSource":null,"helpInfo":null,"paramConstraint":null,"enumCollection":[],"extensionKeys":null,"Code":"reload","Name":"是否重新加载","Description":null,"ParameterType":null,"Id":"e1d37691-c450-14ae-8db4-6b625206f645","IsRetVal":false},{"dict":null,"required":null,"defaultValue":null,"constraint":null,"kind":"DefaultParameter","controlType":null,"customControlSource":null,"helpInfo":null,"paramConstraint":null,"enumCollection":[],"extensionKeys":null,"Code":"tabName","Name":"页签标题","Description":null,"ParameterType":null,"Id":"b3c07125-a296-057b-14b7-2226c5ca4521","IsRetVal":false},{"dict":null,"required":null,"defaultValue":null,"constraint":null,"kind":"DefaultParameter","controlType":null,"customControlSource":null,"helpInfo":null,"paramConstraint":null,"enumCollection":[],"extensionKeys":null,"Code":"enableRefresh","Name":"启用数据刷新","Description":"启用数据刷新","ParameterType":null,"Id":"78d9e8ab-cd26-414f-78b1-6dc79c9dabc3","IsRetVal":false},{"dict":null,"required":null,"defaultValue":null,"constraint":null,"kind":"DefaultParameter","controlType":null,"customControlSource":null,"helpInfo":null,"paramConstraint":null,"enumCollection":[],"extensionKeys":null,"Code":"destructuring","Name":"是否解构参数","Description":"是否解构参数，将参数放到url中","ParameterType":null,"Id":"8258ffe6-14e5-8ccc-59f1-5a6315dba6f6","IsRetVal":false}]},{"dict":null,"uri":null,"returnType":null,"kind":"DefaultOperation","extensionKeys":null,"Code":"close","Name":"关闭菜单或应用","Description":null,"Id":"6e2a4176-538c-bc65-2282-2d3bc48a6bdb","Parameters":null},{"dict":null,"uri":null,"returnType":null,"kind":"DefaultOperation","extensionKeys":null,"Code":"destory","Name":"强制关闭","Description":null,"Id":"8d742583-5096-8e64-d69c-12520360f250","Parameters":null},{"dict":null,"uri":null,"returnType":null,"kind":"DefaultOperation","extensionKeys":null,"Code":"openMenu$","Name":"打开菜单(流式)","Description":null,"Id":"32cc2ea5-7880-eccc-6c9c-3f62328ef974","Parameters":[{"dict":null,"required":null,"defaultValue":null,"constraint":null,"kind":"DefaultParameter","controlType":null,"customControlSource":null,"helpInfo":null,"paramConstraint":null,"enumCollection":[],"extensionKeys":null,"Code":"tabId","Name":"标签页Id","Description":null,"ParameterType":"string","Id":"8ef3cde8-923d-a63c-9f24-9e0a61322fa9","IsRetVal":false},{"dict":null,"required":null,"defaultValue":null,"constraint":null,"kind":"DefaultParameter","controlType":null,"customControlSource":null,"helpInfo":null,"paramConstraint":null,"enumCollection":[],"extensionKeys":null,"Code":"funcId","Name":"功能Id","Description":null,"ParameterType":"string","Id":"ad67be53-efcc-970f-6d52-9bb4a6a95fe4","IsRetVal":false},{"dict":null,"required":null,"defaultValue":null,"constraint":null,"kind":"DefaultParameter","controlType":null,"customControlSource":null,"helpInfo":null,"paramConstraint":null,"enumCollection":[],"extensionKeys":null,"Code":"params","Name":"参数","Description":null,"ParameterType":"string","Id":"5f87a3f1-1385-a1cf-3bf3-3b391c4f941c","IsRetVal":false},{"dict":null,"required":null,"defaultValue":null,"constraint":null,"kind":"DefaultParameter","controlType":null,"customControlSource":null,"helpInfo":null,"paramConstraint":null,"enumCollection":[],"extensionKeys":null,"Code":"reload","Name":"是否重新加载","Description":null,"ParameterType":null,"Id":"6b83f407-a20a-66ea-1f9f-f56e37b4cba2","IsRetVal":false},{"dict":null,"required":null,"defaultValue":null,"constraint":null,"kind":"DefaultParameter","controlType":null,"customControlSource":null,"helpInfo":null,"paramConstraint":null,"enumCollection":[],"extensionKeys":null,"Code":"enableRefresh","Name":"启用数据刷新","Description":"启用数据刷新","ParameterType":null,"Id":"3d3261af-47d1-bbbf-98fa-d9489e7af45e","IsRetVal":false},{"dict":null,"required":null,"defaultValue":null,"constraint":null,"kind":"DefaultParameter","controlType":null,"customControlSource":null,"helpInfo":null,"paramConstraint":null,"enumCollection":[],"extensionKeys":null,"Code":"tabName","Name":"标签页标题","Description":"标签页标题","ParameterType":null,"Id":"befa7922-ef19-73bd-6923-db55b99f6b58","IsRetVal":false}]},{"dict":null,"uri":null,"returnType":null,"kind":"DefaultOperation","extensionKeys":null,"Code":"openApp$","Name":"打开应用(流式)","Description":null,"Id":"1b292410-3a61-41e4-12b7-05217168e283","Parameters":[{"dict":null,"required":null,"defaultValue":null,"constraint":null,"kind":"DefaultParameter","controlType":null,"customControlSource":null,"helpInfo":null,"paramConstraint":null,"enumCollection":[],"extensionKeys":null,"Code":"tabId","Name":"标签页Id","Description":null,"ParameterType":"string","Id":"2eecbef8-b429-880b-3e69-87ccb84aeeda","IsRetVal":false},{"dict":null,"required":null,"defaultValue":null,"constraint":null,"kind":"DefaultParameter","controlType":null,"customControlSource":null,"helpInfo":null,"paramConstraint":null,"enumCollection":[],"extensionKeys":null,"Code":"appId","Name":"应用Id","Description":null,"ParameterType":"string","Id":"e44602c4-00c6-9a3a-33f2-66c2e044b17f","IsRetVal":false},{"dict":null,"required":null,"defaultValue":null,"constraint":null,"kind":"DefaultParameter","controlType":null,"customControlSource":null,"helpInfo":null,"paramConstraint":null,"enumCollection":[],"extensionKeys":null,"Code":"appEntrance","Name":"应用入口","Description":null,"ParameterType":"string","Id":"550bb981-f232-6b50-bd14-233b03a72177","IsRetVal":false},{"dict":null,"required":null,"defaultValue":null,"constraint":null,"kind":"DefaultParameter","controlType":null,"customControlSource":null,"helpInfo":null,"paramConstraint":null,"enumCollection":[],"extensionKeys":null,"Code":"params","Name":"参数","Description":null,"ParameterType":"string","Id":"1f12acd0-d2d4-1cb9-22bb-f7b2d74859ce","IsRetVal":false},{"dict":null,"required":null,"defaultValue":null,"constraint":null,"kind":"DefaultParameter","controlType":null,"customControlSource":null,"helpInfo":null,"paramConstraint":null,"enumCollection":[],"extensionKeys":null,"Code":"reload","Name":"是否重新加载","Description":null,"ParameterType":null,"Id":"05c24ae1-125f-fa13-4cf4-11ab39058e5d","IsRetVal":false},{"dict":null,"required":null,"defaultValue":null,"constraint":null,"kind":"DefaultParameter","controlType":null,"customControlSource":null,"helpInfo":null,"paramConstraint":null,"enumCollection":[],"extensionKeys":null,"Code":"tabName","Name":"页签标题","Description":null,"ParameterType":null,"Id":"585b65e3-33b1-7efb-02c8-6804e31647e3","IsRetVal":false},{"dict":null,"required":null,"defaultValue":null,"constraint":null,"kind":"DefaultParameter","controlType":null,"customControlSource":null,"helpInfo":null,"paramConstraint":null,"enumCollection":[],"extensionKeys":null,"Code":"enableRefresh","Name":"启用数据刷新","Description":"启用数据刷新","ParameterType":null,"Id":"3edabbe0-33f4-3711-64ba-a252ed171e29","IsRetVal":false}]},{"dict":null,"uri":null,"returnType":null,"kind":"DefaultOperation","extensionKeys":null,"Code":"openMenuWithDimension","Name":"打开菜单（包含维度）","Description":"打开菜单（包含维度）","Id":"9cb762d5-19b8-f7a7-ae2b-a645f2fdfbb9","Parameters":[{"dict":null,"required":null,"defaultValue":null,"constraint":null,"kind":"DefaultParameter","controlType":null,"customControlSource":null,"helpInfo":null,"paramConstraint":null,"enumCollection":[],"extensionKeys":null,"Code":"tabId","Name":"标签页Id","Description":"标签页Id","ParameterType":null,"Id":"c44a9099-dec4-4a4a-c3e2-d853ff096972","IsRetVal":false},{"dict":null,"required":null,"defaultValue":null,"constraint":null,"kind":"DefaultParameter","controlType":null,"customControlSource":null,"helpInfo":null,"paramConstraint":null,"enumCollection":[],"extensionKeys":null,"Code":"funcId","Name":"菜单Id","Description":"菜单Id","ParameterType":null,"Id":"362ba91a-218c-fec5-c0b3-db6098958102","IsRetVal":false},{"dict":null,"required":null,"defaultValue":null,"constraint":null,"kind":"DefaultParameter","controlType":null,"customControlSource":null,"helpInfo":null,"paramConstraint":null,"enumCollection":[],"extensionKeys":null,"Code":"params","Name":"参数","Description":"参数","ParameterType":null,"Id":"df1ca707-92c6-a4b3-6020-f6b81f1ebd2b","IsRetVal":false},{"dict":null,"required":null,"defaultValue":null,"constraint":null,"kind":"DefaultParameter","controlType":null,"customControlSource":null,"helpInfo":null,"paramConstraint":null,"enumCollection":[],"extensionKeys":null,"Code":"enableRefresh","Name":"启用自动刷新","Description":"启用自动刷新","ParameterType":null,"Id":"6c679f73-a2ea-4dd1-083e-8abccd5fcdc7","IsRetVal":false},{"dict":null,"required":null,"defaultValue":null,"constraint":null,"kind":"DefaultParameter","controlType":null,"customControlSource":null,"helpInfo":null,"paramConstraint":null,"enumCollection":[],"extensionKeys":null,"Code":"dim1","Name":"维度1","Description":"维度1","ParameterType":null,"Id":"8ec02285-0d85-80e8-77ec-aec4f86ffaef","IsRetVal":false},{"dict":null,"required":null,"defaultValue":null,"constraint":null,"kind":"DefaultParameter","controlType":null,"customControlSource":null,"helpInfo":null,"paramConstraint":null,"enumCollection":[],"extensionKeys":null,"Code":"dim2","Name":"维度2","Description":"维度2","ParameterType":null,"Id":"c2d977b5-0e91-6957-9f9d-5364604b9236","IsRetVal":false},{"dict":null,"required":null,"defaultValue":null,"constraint":null,"kind":"DefaultParameter","controlType":null,"customControlSource":null,"helpInfo":null,"paramConstraint":null,"enumCollection":[],"extensionKeys":null,"Code":"tabName","Name":"标签页标题","Description":"标签页标题","ParameterType":null,"Id":"8c24cbeb-7924-686a-9403-7fb7460c82a8","IsRetVal":false},{"dict":null,"required":null,"defaultValue":null,"constraint":null,"kind":"DefaultParameter","controlType":null,"customControlSource":null,"helpInfo":null,"paramConstraint":null,"enumCollection":[],"extensionKeys":null,"Code":"metadataId","Name":"要打开的表单元数据Id","Description":"要打开的表单元数据Id","ParameterType":null,"Id":"a7ccfffc-e7aa-c1b3-4b3e-2b8628c4d908","IsRetVal":false},{"dict":null,"required":null,"defaultValue":null,"constraint":null,"kind":"DefaultParameter","controlType":null,"customControlSource":null,"helpInfo":null,"paramConstraint":null,"enumCollection":[],"extensionKeys":null,"Code":"destructuring","Name":"是否解构参数","Description":"是否解构参数，将参数放到url中","ParameterType":null,"Id":"e6ded0f4-9818-f1f0-10a8-cd57326b1c0b","IsRetVal":false}]},{"dict":null,"uri":null,"returnType":null,"kind":"DefaultOperation","extensionKeys":null,"Code":"open","Name":"以弹框、侧边栏或新标签页方式打开表单","Description":"以弹框、侧边栏或新标签页方式打开表单","Id":"30ae8b6d-caa6-ceb2-d362-162abc415e6a","Parameters":[{"dict":null,"required":null,"defaultValue":null,"constraint":null,"kind":"DefaultParameter","controlType":null,"customControlSource":null,"helpInfo":null,"paramConstraint":null,"enumCollection":[],"extensionKeys":null,"Code":"mode","Name":"mode","Description":"打开方式，支持modal、sidebar、tab","ParameterType":"","Id":"f571ec79-0d6a-5938-febc-ffd042d4e907","IsRetVal":false},{"dict":null,"required":null,"defaultValue":null,"constraint":null,"kind":"DefaultParameter","controlType":null,"customControlSource":null,"helpInfo":null,"paramConstraint":null,"enumCollection":[],"extensionKeys":null,"Code":"modalId","Name":"modalId","Description":"弹窗id","ParameterType":"","Id":"3915560f-47ef-7c7a-3623-e0f75c155889","IsRetVal":false},{"dict":null,"required":null,"defaultValue":null,"constraint":null,"kind":"DefaultParameter","controlType":null,"customControlSource":null,"helpInfo":null,"paramConstraint":null,"enumCollection":[],"extensionKeys":null,"Code":"url","Name":"url","Description":"远端表单url","ParameterType":null,"Id":"a043ac9d-f7d2-54a7-d792-ccb9099121de","IsRetVal":false},{"dict":null,"required":null,"defaultValue":null,"constraint":null,"kind":"DefaultParameter","controlType":null,"customControlSource":null,"helpInfo":null,"paramConstraint":null,"enumCollection":[],"extensionKeys":null,"Code":"configs","Name":"configs","Description":"弹窗配置","ParameterType":null,"Id":"37586f12-a193-c7a3-7c80-bd3db92fe0dd","IsRetVal":false},{"dict":null,"required":null,"defaultValue":null,"constraint":null,"kind":"DefaultParameter","controlType":null,"customControlSource":null,"helpInfo":null,"paramConstraint":null,"enumCollection":[],"extensionKeys":null,"Code":"tabId","Name":"tabId","Description":"标签页id，modal=tab时必填","ParameterType":null,"Id":"52ac73b8-544c-e07a-ce6f-fb97a99a0da2","IsRetVal":false},{"dict":null,"required":null,"defaultValue":null,"constraint":null,"kind":"DefaultParameter","controlType":null,"customControlSource":null,"helpInfo":null,"paramConstraint":null,"enumCollection":[],"extensionKeys":null,"Code":"tabType","Name":"tabType","Description":"标签页类型，menu或app","ParameterType":null,"Id":"2c3f5d98-99bd-5c0d-831c-9c414e793e00","IsRetVal":false},{"dict":null,"required":null,"defaultValue":null,"constraint":null,"kind":"DefaultParameter","controlType":null,"customControlSource":null,"helpInfo":null,"paramConstraint":null,"enumCollection":[],"extensionKeys":null,"Code":"funcOrAppId","Name":"funcOrAppId","Description":"菜单或应用id","ParameterType":null,"Id":"0faeeecc-d254-569f-610a-9eec94fa64b6","IsRetVal":false},{"dict":null,"required":null,"defaultValue":null,"constraint":null,"kind":"DefaultParameter","controlType":null,"customControlSource":null,"helpInfo":null,"paramConstraint":null,"enumCollection":[],"extensionKeys":null,"Code":"appEntrance","Name":"appEntrance","Description":"应用入口","ParameterType":null,"Id":"de988f5f-b732-a6f6-a374-d1a152e8aa63","IsRetVal":false},{"dict":null,"required":null,"defaultValue":null,"constraint":null,"kind":"DefaultParameter","controlType":null,"customControlSource":null,"helpInfo":null,"paramConstraint":null,"enumCollection":[],"extensionKeys":null,"Code":"params","Name":"params","Description":"参数","ParameterType":null,"Id":"042423b3-1008-27aa-677d-5d9bb100968f","IsRetVal":false},{"dict":null,"required":null,"defaultValue":null,"constraint":null,"kind":"DefaultParameter","controlType":null,"customControlSource":null,"helpInfo":null,"paramConstraint":null,"enumCollection":[],"extensionKeys":null,"Code":"tabName","Name":"tabName","Description":"新标签页名称","ParameterType":null,"Id":"d4cc1db3-cec7-66e3-a3a0-27a67ca4a744","IsRetVal":false},{"dict":null,"required":null,"defaultValue":null,"constraint":null,"kind":"DefaultParameter","controlType":null,"customControlSource":null,"helpInfo":null,"paramConstraint":null,"enumCollection":[],"extensionKeys":null,"Code":"enableRefresh","Name":"enableRefresh","Description":"启用启动刷新","ParameterType":null,"Id":"134697a6-4c3b-dc5c-0112-3379c5348255","IsRetVal":false},{"dict":null,"required":null,"defaultValue":null,"constraint":null,"kind":"DefaultParameter","controlType":null,"customControlSource":null,"helpInfo":null,"paramConstraint":null,"enumCollection":[],"extensionKeys":null,"Code":"destructuring","Name":"destructuring","Description":"是否解构","ParameterType":null,"Id":"48c48e3c-0083-aa41-3a89-c31027835741","IsRetVal":false}]}],"IsCommon":true,"ClassName":"NavigationService","FormCode":null,"Source":"@farris/command-services"},{"name":null,"application":null,"serviceUnit":null,"version":null,"refStructures":[],"resource":{"sourceFile":"@farris/command-services","className":"CommandService","kind":"TypeScriptClass"},"Code":"CommandService","Id":"23884f6a-6387-4abe-a964-f55d56cb2911","Description":"命令执行服务","Operations":[{"dict":null,"uri":null,"returnType":null,"kind":"DefaultOperation","extensionKeys":null,"Code":"execute","Name":"执行命令","Description":null,"Id":"082a7d2e-9c28-fd81-a30b-7373a4ca1836","Parameters":[{"dict":null,"required":null,"defaultValue":null,"constraint":null,"kind":"DefaultParameter","controlType":null,"customControlSource":null,"helpInfo":null,"paramConstraint":null,"enumCollection":[],"extensionKeys":null,"Code":"commandName","Name":"命令名称","Description":null,"ParameterType":null,"Id":"9b7ff709-1fce-abb4-f539-b346c15f05fa","IsRetVal":false},{"dict":null,"required":null,"defaultValue":null,"constraint":null,"kind":"DefaultParameter","controlType":null,"customControlSource":null,"helpInfo":null,"paramConstraint":null,"enumCollection":[],"extensionKeys":null,"Code":"frameId","Name":"框架id","Description":null,"ParameterType":null,"Id":"52da2748-04f5-bbfc-5f53-b7c96405973e","IsRetVal":false}]},{"dict":null,"uri":null,"returnType":null,"kind":"DefaultOperation","extensionKeys":null,"Code":"waitForBeSession","Name":"等待BeSession创建","Description":null,"Id":"cd2d412a-a2d7-3cf8-b026-06486b462a66","Parameters":null},{"dict":null,"uri":null,"returnType":null,"kind":"DefaultOperation","extensionKeys":null,"Code":"suspendFrameContextRowSelectedEvent","Name":"暂停当前组件的行切换事件抛出","Description":"暂停当前组件的行切换事件抛出","Id":"4d2cb865-9ae9-7b61-b34b-c5eef1c7340a","Parameters":[{"dict":null,"required":null,"defaultValue":null,"constraint":null,"kind":"DefaultParameter","controlType":null,"customControlSource":null,"helpInfo":null,"paramConstraint":null,"enumCollection":[],"extensionKeys":null,"Code":"frameId","Name":"暂停事件抛出的frameId","Description":"暂停事件抛出的frameId","ParameterType":null,"Id":"cda25469-9363-6190-13c1-93de0c46b6da","IsRetVal":false}]},{"dict":null,"uri":null,"returnType":null,"kind":"DefaultOperation","extensionKeys":null,"Code":"resumeFrameContextRowSelectedEvent","Name":"恢复当前组件的行切换事件抛出","Description":"恢复当前组件的行切换事件抛出","Id":"6a5b9600-141c-ea88-e17a-c5b1a9778b4a","Parameters":[{"dict":null,"required":null,"defaultValue":null,"constraint":null,"kind":"DefaultParameter","controlType":null,"customControlSource":null,"helpInfo":null,"paramConstraint":null,"enumCollection":[],"extensionKeys":null,"Code":"frameId","Name":"恢复事件抛出的frameId","Description":"恢复事件抛出的frameId","ParameterType":null,"Id":"03d402eb-5e7c-a442-f239-95a40f31ada6","IsRetVal":false}]}],"IsCommon":true,"ClassName":"CommandService","FormCode":null,"Source":"@farris/command-services"},{"name":null,"application":null,"serviceUnit":null,"version":null,"refStructures":[],"resource":{"sourceFile":"@farris/command-services","className":"CardDataService","kind":"TypeScriptClass"},"Code":"CardDataService","Id":"47f87143-231b-4d0f-b675-e3bb87ba3ba6","Description":"卡片数据服务","Operations":[{"dict":null,"uri":null,"returnType":null,"kind":"DefaultOperation","extensionKeys":null,"Code":"load","Name":"加载数据","Description":null,"Id":"f6ab953b-8e64-d727-68e6-5ad34dd89de3","Parameters":[{"dict":null,"required":null,"defaultValue":null,"constraint":null,"kind":"DefaultParameter","controlType":null,"customControlSource":null,"helpInfo":null,"paramConstraint":null,"enumCollection":[],"extensionKeys":null,"Code":"id","Name":"数据id","Description":null,"ParameterType":null,"Id":"cf32d201-a5cb-e77c-c644-e285d4b77951","IsRetVal":false}]},{"dict":null,"uri":null,"returnType":null,"kind":"DefaultOperation","extensionKeys":null,"Code":"update","Name":"更新数据","Description":null,"Id":"b445143d-13c9-0a26-f17e-66d579c3cf04","Parameters":null},{"dict":null,"uri":null,"returnType":null,"kind":"DefaultOperation","extensionKeys":null,"Code":"add","Name":"新增数据","Description":null,"Id":"9d3a6a75-cbf0-17c3-3a0d-58bd8eb73480","Parameters":null},{"dict":null,"uri":null,"returnType":null,"kind":"DefaultOperation","extensionKeys":null,"Code":"save","Name":"保存数据","Description":null,"Id":"e620a05a-5e52-32e7-b67e-4adfc739e47e","Parameters":[{"dict":null,"required":null,"defaultValue":null,"constraint":null,"kind":"DefaultParameter","controlType":null,"customControlSource":null,"helpInfo":null,"paramConstraint":null,"enumCollection":[],"extensionKeys":null,"Code":"successMsg","Name":"提示信息","Description":"可选","ParameterType":"string","Id":"7f8ab46a-6f22-29c9-d989-9e4abeb934e5","IsRetVal":false}]},{"dict":null,"uri":null,"returnType":null,"kind":"DefaultOperation","extensionKeys":null,"Code":"cancel","Name":"取消变更","Description":"同cancelWithCheck。","Id":"ced093f2-1267-6796-1337-0d0752b18e81","Parameters":null},{"dict":null,"uri":null,"returnType":null,"kind":"DefaultOperation","extensionKeys":null,"Code":"reload","Name":"重载数据","Description":null,"Id":"472fc6dc-113b-d6c2-c92a-5d1bb7acaac6","Parameters":null},{"dict":null,"uri":null,"returnType":null,"kind":"DefaultOperation","extensionKeys":null,"Code":"edit","Name":"编辑数据","Description":null,"Id":"ddf9bd80-69e9-589a-0022-da396fea356a","Parameters":[{"dict":null,"required":null,"defaultValue":null,"constraint":null,"kind":"DefaultParameter","controlType":null,"customControlSource":null,"helpInfo":null,"paramConstraint":null,"enumCollection":[],"extensionKeys":null,"Code":"id","Name":"要编辑的数据id","Description":null,"ParameterType":null,"Id":"42561bc3-4bf7-eb59-4e13-0489bfc0ed7c","IsRetVal":false}]},{"dict":null,"uri":null,"returnType":null,"kind":"DefaultOperation","extensionKeys":null,"Code":"revert","Name":"还原变更集","Description":"同cancelWithoutCheck。","Id":"42d7ff89-f6e3-ea37-2663-0fab6b4b16e0","Parameters":null},{"dict":null,"uri":null,"returnType":null,"kind":"DefaultOperation","extensionKeys":null,"Code":"cancelWithCheck","Name":"取消变更（检查未保存变更）","Description":"取消并检查未保存变更。","Id":"719edc48-2afc-bbd0-c101-47fb8d3f5bff","Parameters":null},{"dict":null,"uri":null,"returnType":null,"kind":"DefaultOperation","extensionKeys":null,"Code":"cancelWithoutCheck","Name":"取消变更（不检查未保存变更）","Description":"直接取消，不检查未保存的变更。","Id":"649b2349-1ce4-a25f-a4c1-f68542691440","Parameters":null},{"dict":null,"uri":null,"returnType":null,"kind":"DefaultOperation","extensionKeys":null,"Code":"loadPaged","Name":"加载数据（子表分页）","Description":"加载数据（子表分页）","Id":"566a2b30-c041-6019-c5ca-a2d11726729f","Parameters":[{"dict":null,"required":null,"defaultValue":null,"constraint":null,"kind":"DefaultParameter","controlType":null,"customControlSource":null,"helpInfo":null,"paramConstraint":null,"enumCollection":[],"extensionKeys":null,"Code":"filter","Name":"过滤条件","Description":"过滤条件","ParameterType":null,"Id":"3c189786-d0e9-8bc9-8a7c-f6ba63561c57","IsRetVal":false},{"dict":null,"required":null,"defaultValue":null,"constraint":null,"kind":"DefaultParameter","controlType":null,"customControlSource":null,"helpInfo":null,"paramConstraint":null,"enumCollection":[],"extensionKeys":null,"Code":"sort","Name":"排序条件","Description":"排序条件","ParameterType":null,"Id":"ef546f92-f8c1-7122-d1ef-2cf7be63a138","IsRetVal":false}]},{"dict":null,"uri":null,"returnType":null,"kind":"DefaultOperation","extensionKeys":null,"Code":"updateWithoutEmpty","Name":"更新数据（不中断流）","Description":"更新数据（不中断流）","Id":"a2e10e95-07d8-e8c2-f079-04b6f0688022","Parameters":null},{"dict":null,"uri":null,"returnType":null,"kind":"DefaultOperation","extensionKeys":null,"Code":"cascadeAdd","Name":"级联新增","Description":"级联新增","Id":"4229fbcf-a485-151a-b30b-91e9da4b61fe","Parameters":null},{"dict":null,"uri":null,"returnType":null,"kind":"DefaultOperation","extensionKeys":null,"Code":"onLoading","Name":"数据加载前","Description":"数据加载前","Id":"773a5a07-61b0-736f-2bea-9c5c0a9f58f7","Parameters":[{"dict":null,"required":null,"defaultValue":null,"constraint":null,"kind":"DefaultParameter","controlType":null,"customControlSource":null,"helpInfo":null,"paramConstraint":null,"enumCollection":[],"extensionKeys":null,"Code":"transitionActionParamName","Name":"状态机迁移动作参数编号","Description":"状态机迁移动作参数编号，默认为transitionAction","ParameterType":null,"Id":"1efa4ab9-6210-c4e9-e568-b8e9b6f2d73c","IsRetVal":false}]},{"dict":null,"uri":null,"returnType":null,"kind":"DefaultOperation","extensionKeys":null,"Code":"checkBeforeUpdate","Name":"更新前检查","Description":"更新前检查当前行是否存在","Id":"725a417a-390d-5e2b-e654-35bc1bd58003","Parameters":null}],"IsCommon":true,"ClassName":"CardDataService","FormCode":null,"Source":"@farris/command-services"},{"name":null,"application":null,"serviceUnit":null,"version":null,"refStructures":[],"resource":{"sourceFile":"@farris/command-services","className":"StateMachineService","kind":"TypeScriptClass"},"Code":"StateMachineService","Id":"7c8386ad-c568-46f7-bca0-4095f05c5d64","Description":"状态机服务","Operations":[{"dict":null,"uri":null,"returnType":null,"kind":"DefaultOperation","extensionKeys":null,"Code":"transit","Name":"迁移状态","Description":null,"Id":"6f078217-7f62-c9ac-c880-c681e502d6f1","Parameters":[{"dict":null,"required":null,"defaultValue":null,"constraint":null,"kind":"DefaultParameter","controlType":null,"customControlSource":null,"helpInfo":null,"paramConstraint":null,"enumCollection":[],"extensionKeys":null,"Code":"action","Name":"迁移动作","Description":null,"ParameterType":null,"Id":"eb60d67b-f074-ba67-28d5-77654caa7adc","IsRetVal":false}]}],"IsCommon":true,"ClassName":"StateMachineService","FormCode":null,"Source":"@farris/command-services"}]}