{"remark_2ccdd9ac_yjxo":{"name":"备注"},"TextBox/remark_2ccdd9ac_yjxo/placeHolder":{"name":""},"TextBox/companyType_3dd5deb3_dlri/placeHolder":{"name":""},"TextBox/merchantType_bc79da07_02rx/placeHolder":{"name":""},"EnumField/companyType_3dd5deb3_dlri/placeHolder":{"name":""},"EnumField/companyType_3dd5deb3_dlri/enumData/qy":{"name":"企业"},"EnumField/companyType_3dd5deb3_dlri/enumData/gt":{"name":"个体工商户"},"EnumField/companyType_3dd5deb3_dlri/enumData/gr":{"name":"个人"},"EnumField/merchantType_bc79da07_02rx/placeHolder":{"name":""},"EnumField/merchantType_bc79da07_02rx/enumData/rz":{"name":"入驻商户"},"EnumField/merchantType_bc79da07_02rx/enumData/jx":{"name":"经销商"},"root-component":{"name":""},"root-layout":{"name":""},"page-header":{"name":""},"header-nav":{"name":""},"header-title-container":{"name":""},"page-header-title":{"name":""},"page-header-toolbar":{"name":""},"button-addSibling":{"name":"新增同级"},"button-addChild":{"name":"新增子级"},"button-edit":{"name":"编辑"},"button-save":{"name":"保存"},"button-cancel":{"name":"取消"},"button-delete":{"name":"删除"},"main-container":{"name":""},"content-splitter":{"name":""},"content-tree":{"name":""},"tree-grid-component-ref":{"name":""},"content-main":{"name":""},"detail-component-ref":{"name":""},"tree-grid-component":{"name":""},"tree-grid-section":{"name":""},"Section/tree-grid-section/mainTitle":{"name":""},"Section/tree-grid-section/subTitle":{"name":""},"treeGrid":{"name":""},"merchantCode_f652b306_i1m8":{"name":"商户编号"},"merchantName_e7dc959b_yzju":{"name":"商户名称"},"detail-form-component":{"name":""},"detail-form-section":{"name":""},"Section/detail-form-section/mainTitle":{"name":"基本信息"},"Section/detail-form-section/subTitle":{"name":""},"detail-form-layout":{"name":""},"8d8f5081-8774-4b3a-95e3-6691ebc9dc4f":{"name":"基本信息"},"FieldSet/8d8f5081-8774-4b3a-95e3-6691ebc9dc4f/collapseText":{"name":""},"FieldSet/8d8f5081-8774-4b3a-95e3-6691ebc9dc4f/expandText":{"name":""},"companyType_3dd5deb3_dlri":{"name":"企业类型"},"RadioGroup/companyType_3dd5deb3_dlri/qy":{"name":"企业"},"RadioGroup/companyType_3dd5deb3_dlri/gt":{"name":"个体工商户"},"RadioGroup/companyType_3dd5deb3_dlri/gr":{"name":"个人"},"merchantType_bc79da07_02rx":{"name":"商户类型"},"RadioGroup/merchantType_bc79da07_02rx/rz":{"name":"入驻商户"},"RadioGroup/merchantType_bc79da07_02rx/jx":{"name":"经销商"},"merchantCode_f652b306_okho":{"name":"商户编号"},"TextBox/merchantCode_f652b306_okho/placeHolder":{"name":""},"merchantName_e7dc959b_d427":{"name":"商户名称"},"TextBox/merchantName_e7dc959b_d427/placeHolder":{"name":""},"realName_5c5a0af4_2ijz":{"name":"真实姓名"},"TextBox/realName_5c5a0af4_2ijz/placeHolder":{"name":""},"a2e8970f-edfe-47ae-8908-e856ee041426":{"name":"企业信息"},"FieldSet/a2e8970f-edfe-47ae-8908-e856ee041426/collapseText":{"name":""},"FieldSet/a2e8970f-edfe-47ae-8908-e856ee041426/expandText":{"name":""},"fullName_3ec46fb5_yime":{"name":"企业全称"},"TextBox/fullName_3ec46fb5_yime/placeHolder":{"name":""},"businessLicense_bc99892e_2yww":{"name":"营业执照编码"},"TextBox/businessLicense_bc99892e_2yww/placeHolder":{"name":""},"03175dc4-7c95-4f69-8551-99cc8a757293":{"name":"管理员"},"FieldSet/03175dc4-7c95-4f69-8551-99cc8a757293/collapseText":{"name":""},"FieldSet/03175dc4-7c95-4f69-8551-99cc8a757293/expandText":{"name":""},"telephone_2d279712_wt5c":{"name":"联系电话"},"TextBox/telephone_2d279712_wt5c/placeHolder":{"name":""},"email_6929e564_fodd":{"name":"邮箱"},"TextBox/email_6929e564_fodd/placeHolder":{"name":""}}