[{"Code":"Merchant_frm","Name":"商户_frm","Id":"93581496-0602-4653-ad9a-e718ba7c9320","Version":"1.0","Description":"商户_frm服务","BizObject":"199d7b14-214d-9d96-6c75-da1d1cd05667","CriticalApplication":"apporder","ServiceUnit":"df","RouteUrl":"merchant_frm","Service":{"Id":"e8bd221b-9349-4184-8fcf-fa9712a8c63c","ResourceId":"c50fe0b9-72ec-4ecd-8b7f-d1a58049082f","ResourceType":"VO","ResourceCode":"com.inspur.gs.apporder.df.merchant.merchant.front.vo.Merchant_frm","ResourceName":"商户_frm","ResourceNameSpace":"Inspur.GS.AppOrder.DF.Merchant.Merchant.Front","ResourcePath":null,"ResourceFileName":null,"Operations":[{"Id":"c50fe0b9-72ec-4ecd-8b7f-d1a58049082f&^^&CreateSession","Code":"CreateSession","Name":"创建业务上下文","Description":"在调用该服务其他操作前，应该首先调用该操作创建业务上下文。在业务上下文存在期间，所有通过该服务修改的数据均被锁定，其他业务上下文无法修改。","HttpMethod":"POST","Template":"service/createsession","Parameters":[{"Id":"c50fe0b9-72ec-4ecd-8b7f-d1a58049082f&^^&CreateSessionParam","Code":"sessionId","Name":"sessionId","Description":"功能sessionId","ModelId":"string","ModelCode":null,"ModelName":"string","RefId":null,"RefCode":null,"RefName":null,"RefPath":null,"RefFileName":null,"ModelType":0,"In":"","IsRequired":true,"ListDeepth":0,"isCollection":false,"isRetVal":true,"isBasicType":true}],"ResourceOpId":"c50fe0b9-72ec-4ecd-8b7f-d1a58049082f&^^&CreateSession","Transaction":false,"AssemblyInfo":null,"Extend1":"Basic","Extend2":null,"isDeprecated":false},{"Id":"c50fe0b9-72ec-4ecd-8b7f-d1a58049082f&^^&CloseSession","Code":"CloseSession","Name":"关闭业务上下文","Description":"在调用该服务的其他操作完成业务功能后，应该调用该操作关闭业务上下文，否则该业务上下文内修改的数据将保持锁定状态，无法被其他用户修改。","HttpMethod":"POST","Template":"service/closesession","Parameters":null,"ResourceOpId":"c50fe0b9-72ec-4ecd-8b7f-d1a58049082f&^^&CloseSession","Transaction":false,"AssemblyInfo":null,"Extend1":"Basic","Extend2":null,"isDeprecated":false},{"Id":"c50fe0b9-72ec-4ecd-8b7f-d1a58049082f&^^&Create","Code":"Create","Name":"新增商户","Description":"新增商户，可指定字段初始值。","HttpMethod":"POST","Template":"","Parameters":[{"Id":"c50fe0b9-72ec-4ecd-8b7f-d1a58049082f&^^&RequestInfo","Code":"requestInfo","Name":"请求信息","Description":"请求信息","ModelId":"c50fe0b9-72ec-4ecd-8b7f-d1a58049082f&^^&RequestInfo","ModelCode":"RequestInfo","ModelName":"RequestInfo","RefId":"c50fe0b9-72ec-4ecd-8b7f-d1a58049082f&^^&RequestInfo","RefCode":"RequestInfo","RefName":"RequestInfo","RefPath":null,"RefFileName":null,"ModelType":1,"In":"Body","IsRequired":false,"ListDeepth":0,"isCollection":false,"isRetVal":false,"isBasicType":false},{"Id":"c50fe0b9-72ec-4ecd-8b7f-d1a58049082f&^^&defaultValue","Code":"defaultValue","Name":"默认值","Description":"默认值","ModelId":"c50fe0b9-72ec-4ecd-8b7f-d1a58049082f&^^&DefaultValue","ModelCode":"DefaultValue","ModelName":"DefaultValue","RefId":"c50fe0b9-72ec-4ecd-8b7f-d1a58049082f&^^&DefaultValue","RefCode":"DefaultValue","RefName":"DefaultValue","RefPath":null,"RefFileName":null,"ModelType":1,"In":"Body","IsRequired":false,"ListDeepth":0,"isCollection":false,"isRetVal":false,"isBasicType":false},{"Id":"c50fe0b9-72ec-4ecd-8b7f-d1a58049082f&^^&ResponseInfo","Code":"responseInfo","Name":"响应信息","Description":"响应信息","ModelId":"c50fe0b9-72ec-4ecd-8b7f-d1a58049082f&^^&ResponseInfo","ModelCode":"ResponseInfo","ModelName":"ResponseInfo","RefId":"c50fe0b9-72ec-4ecd-8b7f-d1a58049082f&^^&ResponseInfo","RefCode":"ResponseInfo","RefName":"ResponseInfo","RefPath":null,"RefFileName":null,"ModelType":1,"In":"","IsRequired":true,"ListDeepth":0,"isCollection":false,"isRetVal":true,"isBasicType":false}],"ResourceOpId":"c50fe0b9-72ec-4ecd-8b7f-d1a58049082f&^^&Create","Transaction":false,"AssemblyInfo":null,"Extend1":"Basic","Extend2":null,"isDeprecated":false},{"Id":"c50fe0b9-72ec-4ecd-8b7f-d1a58049082f&^^&BatchCreate","Code":"BatchCreate","Name":"批量新增商户","Description":"批量新增商户，可指定字段初始值。","HttpMethod":"POST","Template":"/batch","Parameters":[{"Id":"c50fe0b9-72ec-4ecd-8b7f-d1a58049082f&^^&RequestInfo","Code":"requestInfo","Name":"请求信息","Description":"请求信息","ModelId":"c50fe0b9-72ec-4ecd-8b7f-d1a58049082f&^^&RequestInfo","ModelCode":"RequestInfo","ModelName":"RequestInfo","RefId":"c50fe0b9-72ec-4ecd-8b7f-d1a58049082f&^^&RequestInfo","RefCode":"RequestInfo","RefName":"RequestInfo","RefPath":null,"RefFileName":null,"ModelType":1,"In":"Body","IsRequired":true,"ListDeepth":0,"isCollection":false,"isRetVal":false,"isBasicType":false},{"Id":"c50fe0b9-72ec-4ecd-8b7f-d1a58049082f&^^&retrieveDefaultParam","Code":"retrieveDefaultParam","Name":"默认值","Description":"默认值","ModelId":"c50fe0b9-72ec-4ecd-8b7f-d1a58049082f&^^&RetrieveDefaultParam","ModelCode":"RetrieveDefaultParam","ModelName":"RetrieveDefaultParam","RefId":"c50fe0b9-72ec-4ecd-8b7f-d1a58049082f&^^&RetrieveDefaultParam","RefCode":"RetrieveDefaultParam","RefName":"RetrieveDefaultParam","RefPath":null,"RefFileName":null,"ModelType":1,"In":"Body","IsRequired":false,"ListDeepth":0,"isCollection":false,"isRetVal":false,"isBasicType":false},{"Id":"c50fe0b9-72ec-4ecd-8b7f-d1a58049082f&^^&ResponseInfo","Code":"responseInfo","Name":"响应信息","Description":"响应信息","ModelId":"c50fe0b9-72ec-4ecd-8b7f-d1a58049082f&^^&ResponseInfo","ModelCode":"ResponseInfo","ModelName":"ResponseInfo","RefId":"c50fe0b9-72ec-4ecd-8b7f-d1a58049082f&^^&ResponseInfo","RefCode":"ResponseInfo","RefName":"ResponseInfo","RefPath":null,"RefFileName":null,"ModelType":1,"In":"","IsRequired":true,"ListDeepth":0,"isCollection":false,"isRetVal":true,"isBasicType":false}],"ResourceOpId":"c50fe0b9-72ec-4ecd-8b7f-d1a58049082f&^^&BatchCreate","Transaction":false,"AssemblyInfo":null,"Extend1":"Basic","Extend2":null,"isDeprecated":false},{"Id":"c50fe0b9-72ec-4ecd-8b7f-d1a58049082f&^^&Edit","Code":"Edit","Name":"编辑商户","Description":"编辑指定的商户，此操作会锁定相应的商户数据。该操作成功后，其他用户不能修改该数据，直到调用”保存“或”取消“操作。","HttpMethod":"PUT","Template":"/service/edit/{dataId}","Parameters":[{"Id":"c50fe0b9-72ec-4ecd-8b7f-d1a58049082f&^^&RequestInfo","Code":"requestInfo","Name":"请求信息","Description":"请求信息","ModelId":"c50fe0b9-72ec-4ecd-8b7f-d1a58049082f&^^&RequestInfo","ModelCode":"RequestInfo","ModelName":"RequestInfo","RefId":"c50fe0b9-72ec-4ecd-8b7f-d1a58049082f&^^&RequestInfo","RefCode":"RequestInfo","RefName":"RequestInfo","RefPath":null,"RefFileName":null,"ModelType":1,"In":"Body","IsRequired":false,"ListDeepth":0,"isCollection":false,"isRetVal":false,"isBasicType":false},{"Id":"c50fe0b9-72ec-4ecd-8b7f-d1a58049082f&^^&RetrieveParam","Code":"dataId","Name":"单据内码","Description":"单据内码","ModelId":"string","ModelCode":null,"ModelName":"string","RefId":null,"RefCode":null,"RefName":null,"RefPath":null,"RefFileName":null,"ModelType":0,"In":"Path","IsRequired":true,"ListDeepth":0,"isCollection":false,"isRetVal":false,"isBasicType":true},{"Id":"c50fe0b9-72ec-4ecd-8b7f-d1a58049082f&^^&ResponseInfo","Code":"responseInfo","Name":"响应信息","Description":"响应信息","ModelId":"c50fe0b9-72ec-4ecd-8b7f-d1a58049082f&^^&ResponseInfo","ModelCode":"ResponseInfo","ModelName":"ResponseInfo","RefId":"c50fe0b9-72ec-4ecd-8b7f-d1a58049082f&^^&ResponseInfo","RefCode":"ResponseInfo","RefName":"ResponseInfo","RefPath":null,"RefFileName":null,"ModelType":1,"In":"","IsRequired":true,"ListDeepth":0,"isCollection":false,"isRetVal":true,"isBasicType":false}],"ResourceOpId":"c50fe0b9-72ec-4ecd-8b7f-d1a58049082f&^^&Edit","Transaction":false,"AssemblyInfo":null,"Extend1":"Basic","Extend2":null,"isDeprecated":false},{"Id":"c50fe0b9-72ec-4ecd-8b7f-d1a58049082f&^^&Delete","Code":"Delete","Name":"删除商户","Description":"删除指定的商户，该操作仅在当前业务上下文中删除，并不会持久化到数据库。后续需调用”保存“操作进行持久化，如需要立即持久化，请调用”删除商户并保存“操作。","HttpMethod":"DELETE","Template":"/{dataId}","Parameters":[{"Id":"c50fe0b9-72ec-4ecd-8b7f-d1a58049082f&^^&DeleteParam","Code":"dataId","Name":"单据内码","Description":"单据内码","ModelId":"string","ModelCode":null,"ModelName":"string","RefId":null,"RefCode":null,"RefName":null,"RefPath":null,"RefFileName":null,"ModelType":0,"In":"Path","IsRequired":true,"ListDeepth":0,"isCollection":false,"isRetVal":false,"isBasicType":true}],"ResourceOpId":"c50fe0b9-72ec-4ecd-8b7f-d1a58049082f&^^&Delete","Transaction":false,"AssemblyInfo":null,"Extend1":"Basic","Extend2":null,"isDeprecated":false},{"Id":"c50fe0b9-72ec-4ecd-8b7f-d1a58049082f&^^&DeleteAndSave","Code":"DeleteAndSave","Name":"删除商户并保存","Description":"删除指定的商户，并持久化到数据库。","HttpMethod":"PUT","Template":"/service/delete/{dataId}","Parameters":[{"Id":"c50fe0b9-72ec-4ecd-8b7f-d1a58049082f&^^&RequestInfo","Code":"requestInfo","Name":"请求信息","Description":"请求信息","ModelId":"c50fe0b9-72ec-4ecd-8b7f-d1a58049082f&^^&RequestInfo","ModelCode":"RequestInfo","ModelName":"RequestInfo","RefId":"c50fe0b9-72ec-4ecd-8b7f-d1a58049082f&^^&RequestInfo","RefCode":"RequestInfo","RefName":"RequestInfo","RefPath":null,"RefFileName":null,"ModelType":1,"In":"Body","IsRequired":false,"ListDeepth":0,"isCollection":false,"isRetVal":false,"isBasicType":false},{"Id":"c50fe0b9-72ec-4ecd-8b7f-d1a58049082f&^^&DeleteParam","Code":"dataId","Name":"单据内码","Description":"单据内码","ModelId":"string","ModelCode":null,"ModelName":"string","RefId":null,"RefCode":null,"RefName":null,"RefPath":null,"RefFileName":null,"ModelType":0,"In":"Path","IsRequired":true,"ListDeepth":0,"isCollection":false,"isRetVal":false,"isBasicType":true},{"Id":"c50fe0b9-72ec-4ecd-8b7f-d1a58049082f&^^&ResponseInfo","Code":"responseInfo","Name":"响应信息","Description":"响应信息","ModelId":"c50fe0b9-72ec-4ecd-8b7f-d1a58049082f&^^&ResponseInfo","ModelCode":"ResponseInfo","ModelName":"ResponseInfo","RefId":"c50fe0b9-72ec-4ecd-8b7f-d1a58049082f&^^&ResponseInfo","RefCode":"ResponseInfo","RefName":"ResponseInfo","RefPath":null,"RefFileName":null,"ModelType":1,"In":"","IsRequired":true,"ListDeepth":0,"isCollection":false,"isRetVal":true,"isBasicType":false}],"ResourceOpId":"c50fe0b9-72ec-4ecd-8b7f-d1a58049082f&^^&DeleteAndSave","Transaction":false,"AssemblyInfo":null,"Extend1":"Basic","Extend2":null,"isDeprecated":false},{"Id":"c50fe0b9-72ec-4ecd-8b7f-d1a58049082f&^^&BatchDelete","Code":"BatchDelete","Name":"批量删除商户","Description":"批量删除指定的商户，该操作仅在当前业务上下文中删除，并不会持久化到数据库。后续需调用”保存“操作进行持久化，如需要立即持久化，请调用”批量删除商户并保存“操作。","HttpMethod":"DELETE","Template":"","Parameters":[{"Id":"c50fe0b9-72ec-4ecd-8b7f-d1a58049082f&^^&BatchDeleteParam","Code":"ids","Name":"单据内码列表","Description":"单据内码列表","ModelId":"string","ModelCode":null,"ModelName":"string","RefId":null,"RefCode":null,"RefName":null,"RefPath":null,"RefFileName":null,"ModelType":0,"In":"Query","IsRequired":true,"ListDeepth":0,"isCollection":false,"isRetVal":false,"isBasicType":true}],"ResourceOpId":"c50fe0b9-72ec-4ecd-8b7f-d1a58049082f&^^&BatchDelete","Transaction":false,"AssemblyInfo":null,"Extend1":"Basic","Extend2":null,"isDeprecated":true},{"Id":"c50fe0b9-72ec-4ecd-8b7f-d1a58049082f&^^&BatchDeleteAndSave","Code":"BatchDeleteAndSave","Name":"批量删除商户并保存","Description":"批量删除指定的商户，并持久化到数据库。","HttpMethod":"POST","Template":"/batchdeleteandsave","Parameters":[{"Id":"c50fe0b9-72ec-4ecd-8b7f-d1a58049082f&^^&RequestInfo","Code":"requestInfo","Name":"请求信息","Description":"请求信息","ModelId":"c50fe0b9-72ec-4ecd-8b7f-d1a58049082f&^^&RequestInfo","ModelCode":"RequestInfo","ModelName":"RequestInfo","RefId":"c50fe0b9-72ec-4ecd-8b7f-d1a58049082f&^^&RequestInfo","RefCode":"RequestInfo","RefName":"RequestInfo","RefPath":null,"RefFileName":null,"ModelType":1,"In":"Body","IsRequired":false,"ListDeepth":0,"isCollection":false,"isRetVal":false,"isBasicType":false},{"Id":"c50fe0b9-72ec-4ecd-8b7f-d1a58049082f&^^&IdsParam","Code":"ids","Name":"单据内码列表","Description":"批量删除的单据内码列表","ModelId":"string","ModelCode":null,"ModelName":"string","RefId":null,"RefCode":null,"RefName":null,"RefPath":null,"RefFileName":null,"ModelType":0,"In":"Body","IsRequired":true,"ListDeepth":1,"isCollection":true,"isRetVal":false,"isBasicType":true},{"Id":"c50fe0b9-72ec-4ecd-8b7f-d1a58049082f&^^&ResponseInfo","Code":"responseInfo","Name":"响应信息","Description":"响应信息","ModelId":"c50fe0b9-72ec-4ecd-8b7f-d1a58049082f&^^&ResponseInfo","ModelCode":"ResponseInfo","ModelName":"ResponseInfo","RefId":"c50fe0b9-72ec-4ecd-8b7f-d1a58049082f&^^&ResponseInfo","RefCode":"ResponseInfo","RefName":"ResponseInfo","RefPath":null,"RefFileName":null,"ModelType":1,"In":"","IsRequired":true,"ListDeepth":0,"isCollection":false,"isRetVal":true,"isBasicType":false}],"ResourceOpId":"c50fe0b9-72ec-4ecd-8b7f-d1a58049082f&^^&BatchDeleteAndSave","Transaction":false,"AssemblyInfo":null,"Extend1":"Basic","Extend2":null,"isDeprecated":false},{"Id":"c50fe0b9-72ec-4ecd-8b7f-d1a58049082f&^^&Update","Code":"Update","Name":"更新商户","Description":"通过变更集更新商户。","HttpMethod":"PATCH","Template":"","Parameters":[{"Id":"c50fe0b9-72ec-4ecd-8b7f-d1a58049082f&^^&RequestInfo","Code":"requestInfo","Name":"请求信息","Description":"请求信息","ModelId":"c50fe0b9-72ec-4ecd-8b7f-d1a58049082f&^^&RequestInfo","ModelCode":"RequestInfo","ModelName":"RequestInfo","RefId":"c50fe0b9-72ec-4ecd-8b7f-d1a58049082f&^^&RequestInfo","RefCode":"RequestInfo","RefName":"RequestInfo","RefPath":null,"RefFileName":null,"ModelType":1,"In":"Body","IsRequired":false,"ListDeepth":0,"isCollection":false,"isRetVal":false,"isBasicType":false},{"Id":"c50fe0b9-72ec-4ecd-8b7f-d1a58049082f&^^&UpdateParam","Code":"changeDetail","Name":"数据变更集","Description":"数据变更集","ModelId":"c50fe0b9-72ec-4ecd-8b7f-d1a58049082f&^^&ChangeDetail","ModelCode":"ChangeDetail","ModelName":"ChangeDetail","RefId":"c50fe0b9-72ec-4ecd-8b7f-d1a58049082f&^^&ChangeDetail","RefCode":"ChangeDetail","RefName":"ChangeDetail","RefPath":null,"RefFileName":null,"ModelType":1,"In":"Body","IsRequired":true,"ListDeepth":0,"isCollection":false,"isRetVal":false,"isBasicType":false},{"Id":"c50fe0b9-72ec-4ecd-8b7f-d1a58049082f&^^&ResponseInfo","Code":"responseInfo","Name":"响应信息","Description":"响应信息","ModelId":"c50fe0b9-72ec-4ecd-8b7f-d1a58049082f&^^&ResponseInfo","ModelCode":"ResponseInfo","ModelName":"ResponseInfo","RefId":"c50fe0b9-72ec-4ecd-8b7f-d1a58049082f&^^&ResponseInfo","RefCode":"ResponseInfo","RefName":"ResponseInfo","RefPath":null,"RefFileName":null,"ModelType":1,"In":"","IsRequired":true,"ListDeepth":0,"isCollection":false,"isRetVal":true,"isBasicType":false}],"ResourceOpId":"c50fe0b9-72ec-4ecd-8b7f-d1a58049082f&^^&Update","Transaction":false,"AssemblyInfo":null,"Extend1":"Basic","Extend2":null,"isDeprecated":false},{"Id":"c50fe0b9-72ec-4ecd-8b7f-d1a58049082f&^^&Retrieve","Code":"Retrieve","Name":"检索商户","Description":"检索指定的商户，返回结果中包含商户的所有子表数据。","HttpMethod":"GET","Template":"/{dataId}","Parameters":[{"Id":"c50fe0b9-72ec-4ecd-8b7f-d1a58049082f&^^&RetrieveParam","Code":"dataId","Name":"单据内码","Description":"单据内码","ModelId":"string","ModelCode":null,"ModelName":"string","RefId":null,"RefCode":null,"RefName":null,"RefPath":null,"RefFileName":null,"ModelType":0,"In":"Path","IsRequired":true,"ListDeepth":0,"isCollection":false,"isRetVal":false,"isBasicType":true},{"Id":"c50fe0b9-72ec-4ecd-8b7f-d1a58049082f&^^&RetrieveParam1","Code":"Merchant","Name":"商户","Description":"实体模型","ModelId":"c50fe0b9-72ec-4ecd-8b7f-d1a58049082f","ModelCode":"Merchant_frm","ModelName":"商户_frm","RefId":"f118ab70-d082-4cea-a28e-c1aa8c6df2cf","RefCode":"Merchant","RefName":"商户","RefPath":null,"RefFileName":null,"ModelType":0,"In":"","IsRequired":true,"ListDeepth":0,"isCollection":false,"isRetVal":true,"isBasicType":false}],"ResourceOpId":"c50fe0b9-72ec-4ecd-8b7f-d1a58049082f&^^&Retrieve","Transaction":false,"AssemblyInfo":null,"Extend1":"Basic","Extend2":null,"isDeprecated":false},{"Id":"c50fe0b9-72ec-4ecd-8b7f-d1a58049082f&^^&RetrieveWithChildPagination","Code":"RetrieveWithChildPagination","Name":"检索商户（支持子表分页）","Description":"检索指定的商户，可对指定子表进行分页。","HttpMethod":"PUT","Template":"/service/retrieve/{dataId}","Parameters":[{"Id":"c50fe0b9-72ec-4ecd-8b7f-d1a58049082f&^^&RequestInfo","Code":"requestInfo","Name":"请求信息","Description":"请求信息","ModelId":"c50fe0b9-72ec-4ecd-8b7f-d1a58049082f&^^&RequestInfo","ModelCode":"RequestInfo","ModelName":"RequestInfo","RefId":"c50fe0b9-72ec-4ecd-8b7f-d1a58049082f&^^&RequestInfo","RefCode":"RequestInfo","RefName":"RequestInfo","RefPath":null,"RefFileName":null,"ModelType":1,"In":"Body","IsRequired":false,"ListDeepth":0,"isCollection":false,"isRetVal":false,"isBasicType":false},{"Id":"c50fe0b9-72ec-4ecd-8b7f-d1a58049082f&^^&dataId","Code":"dataId","Name":"单据内码","Description":"单据内码","ModelId":"string","ModelCode":null,"ModelName":"string","RefId":null,"RefCode":null,"RefName":null,"RefPath":null,"RefFileName":null,"ModelType":0,"In":"Path","IsRequired":true,"ListDeepth":0,"isCollection":false,"isRetVal":false,"isBasicType":true},{"Id":"c50fe0b9-72ec-4ecd-8b7f-d1a58049082f&^^&retrieveParam","Code":"retrieveParam","Name":"查询参数","Description":"查询参数","ModelId":"c50fe0b9-72ec-4ecd-8b7f-d1a58049082f&^^&RetrieveParam","ModelCode":"RetrieveParam","ModelName":"RetrieveParam","RefId":"c50fe0b9-72ec-4ecd-8b7f-d1a58049082f&^^&RetrieveParam","RefCode":"RetrieveParam","RefName":"RetrieveParam","RefPath":null,"RefFileName":null,"ModelType":1,"In":"Body","IsRequired":true,"ListDeepth":0,"isCollection":false,"isRetVal":false,"isBasicType":false},{"Id":"c50fe0b9-72ec-4ecd-8b7f-d1a58049082f&^^&ResponseInfo","Code":"responseInfo","Name":"响应信息","Description":"响应信息","ModelId":"c50fe0b9-72ec-4ecd-8b7f-d1a58049082f&^^&ResponseInfo","ModelCode":"ResponseInfo","ModelName":"ResponseInfo","RefId":"c50fe0b9-72ec-4ecd-8b7f-d1a58049082f&^^&ResponseInfo","RefCode":"ResponseInfo","RefName":"ResponseInfo","RefPath":null,"RefFileName":null,"ModelType":1,"In":"","IsRequired":true,"ListDeepth":0,"isCollection":false,"isRetVal":true,"isBasicType":false}],"ResourceOpId":"c50fe0b9-72ec-4ecd-8b7f-d1a58049082f&^^&RetrieveWithChildPagination","Transaction":false,"AssemblyInfo":null,"Extend1":"Basic","Extend2":null,"isDeprecated":false},{"Id":"c50fe0b9-72ec-4ecd-8b7f-d1a58049082f&^^&QueryChild","Code":"QueryChild","Name":"查询商户特定子表的数据","Description":"查询指定的商户下特定子表的数据。可对指定子表进行过滤、排序、分页。","HttpMethod":"PUT","Template":"/service/querychild","Parameters":[{"Id":"c50fe0b9-72ec-4ecd-8b7f-d1a58049082f&^^&RequestInfo","Code":"requestInfo","Name":"请求信息","Description":"请求信息","ModelId":"c50fe0b9-72ec-4ecd-8b7f-d1a58049082f&^^&RequestInfo","ModelCode":"RequestInfo","ModelName":"RequestInfo","RefId":"c50fe0b9-72ec-4ecd-8b7f-d1a58049082f&^^&RequestInfo","RefCode":"RequestInfo","RefName":"RequestInfo","RefPath":null,"RefFileName":null,"ModelType":1,"In":"Body","IsRequired":false,"ListDeepth":0,"isCollection":false,"isRetVal":false,"isBasicType":false},{"Id":"c50fe0b9-72ec-4ecd-8b7f-d1a58049082f&^^&nodeCodes","Code":"nodeCodes","Name":"节点编号列表","Description":"节点编号列表","ModelId":"string","ModelCode":null,"ModelName":"string","RefId":null,"RefCode":null,"RefName":null,"RefPath":null,"RefFileName":null,"ModelType":0,"In":"Body","IsRequired":true,"ListDeepth":1,"isCollection":true,"isRetVal":false,"isBasicType":true},{"Id":"c50fe0b9-72ec-4ecd-8b7f-d1a58049082f&^^&ids","Code":"ids","Name":"内码列表","Description":"内码列表","ModelId":"string","ModelCode":null,"ModelName":"string","RefId":null,"RefCode":null,"RefName":null,"RefPath":null,"RefFileName":null,"ModelType":0,"In":"Body","IsRequired":true,"ListDeepth":1,"isCollection":true,"isRetVal":false,"isBasicType":true},{"Id":"c50fe0b9-72ec-4ecd-8b7f-d1a58049082f&^^&pagination","Code":"pagination","Name":"分页信息","Description":"分页信息","ModelId":"c50fe0b9-72ec-4ecd-8b7f-d1a58049082f&^^&Pagination","ModelCode":"Pagination","ModelName":"Pagination","RefId":"c50fe0b9-72ec-4ecd-8b7f-d1a58049082f&^^&Pagination","RefCode":"Pagination","RefName":"Pagination","RefPath":null,"RefFileName":null,"ModelType":1,"In":"Body","IsRequired":true,"ListDeepth":0,"isCollection":false,"isRetVal":false,"isBasicType":false},{"Id":"c50fe0b9-72ec-4ecd-8b7f-d1a58049082f&^^&ResponseInfo","Code":"responseInfo","Name":"响应信息","Description":"响应信息","ModelId":"c50fe0b9-72ec-4ecd-8b7f-d1a58049082f&^^&ResponseInfo","ModelCode":"ResponseInfo","ModelName":"ResponseInfo","RefId":"c50fe0b9-72ec-4ecd-8b7f-d1a58049082f&^^&ResponseInfo","RefCode":"ResponseInfo","RefName":"ResponseInfo","RefPath":null,"RefFileName":null,"ModelType":1,"In":"","IsRequired":true,"ListDeepth":0,"isCollection":false,"isRetVal":true,"isBasicType":false}],"ResourceOpId":"c50fe0b9-72ec-4ecd-8b7f-d1a58049082f&^^&QueryChild","Transaction":false,"AssemblyInfo":null,"Extend1":"Basic","Extend2":null,"isDeprecated":false},{"Id":"c50fe0b9-72ec-4ecd-8b7f-d1a58049082f&^^&Query","Code":"Query","Name":"查询商户","Description":"查询商户，可指定查询过滤条件、排序字段、设置分页。","HttpMethod":"GET","Template":"","Parameters":[{"Id":"c50fe0b9-72ec-4ecd-8b7f-d1a58049082f&^^&EntityFilterParam","Code":"entityFilter","Name":"过滤条件","Description":"过滤条件","ModelId":"string","ModelCode":null,"ModelName":"string","RefId":null,"RefCode":null,"RefName":null,"RefPath":null,"RefFileName":null,"ModelType":0,"In":"Query","IsRequired":true,"ListDeepth":0,"isCollection":false,"isRetVal":false,"isBasicType":true},{"Id":"c50fe0b9-72ec-4ecd-8b7f-d1a58049082f&^^&QueryParam","Code":"Merchant","Name":"商户","Description":"实体模型","ModelId":"c50fe0b9-72ec-4ecd-8b7f-d1a58049082f","ModelCode":"Merchant_frm","ModelName":"商户_frm","RefId":"f118ab70-d082-4cea-a28e-c1aa8c6df2cf","RefCode":"Merchant","RefName":"商户","RefPath":null,"RefFileName":null,"ModelType":0,"In":"","IsRequired":true,"ListDeepth":1,"isCollection":true,"isRetVal":true,"isBasicType":false}],"ResourceOpId":"c50fe0b9-72ec-4ecd-8b7f-d1a58049082f&^^&Query","Transaction":false,"AssemblyInfo":null,"Extend1":"Basic","Extend2":null,"isDeprecated":true},{"Id":"c50fe0b9-72ec-4ecd-8b7f-d1a58049082f&^^&Save","Code":"Save","Name":"保存","Description":"将当前业务上下文内所有修改的数据持久化到数据库。","HttpMethod":"PUT","Template":"","Parameters":[{"Id":"c50fe0b9-72ec-4ecd-8b7f-d1a58049082f&^^&RequestInfo","Code":"requestInfo","Name":"请求信息","Description":"请求信息","ModelId":"c50fe0b9-72ec-4ecd-8b7f-d1a58049082f&^^&RequestInfo","ModelCode":"RequestInfo","ModelName":"RequestInfo","RefId":"c50fe0b9-72ec-4ecd-8b7f-d1a58049082f&^^&RequestInfo","RefCode":"RequestInfo","RefName":"RequestInfo","RefPath":null,"RefFileName":null,"ModelType":1,"In":"Body","IsRequired":false,"ListDeepth":0,"isCollection":false,"isRetVal":false,"isBasicType":false},{"Id":"c50fe0b9-72ec-4ecd-8b7f-d1a58049082f&^^&ResponseInfo","Code":"responseInfo","Name":"响应信息","Description":"响应信息","ModelId":"c50fe0b9-72ec-4ecd-8b7f-d1a58049082f&^^&ResponseInfo","ModelCode":"ResponseInfo","ModelName":"ResponseInfo","RefId":"c50fe0b9-72ec-4ecd-8b7f-d1a58049082f&^^&ResponseInfo","RefCode":"ResponseInfo","RefName":"ResponseInfo","RefPath":null,"RefFileName":null,"ModelType":1,"In":"","IsRequired":true,"ListDeepth":0,"isCollection":false,"isRetVal":true,"isBasicType":false}],"ResourceOpId":"c50fe0b9-72ec-4ecd-8b7f-d1a58049082f&^^&Save","Transaction":false,"AssemblyInfo":null,"Extend1":"Basic","Extend2":null,"isDeprecated":false},{"Id":"c50fe0b9-72ec-4ecd-8b7f-d1a58049082f&^^&Cancel","Code":"Cancel","Name":"取消","Description":"取消所有数据的修改，此操作会将修改过程中锁定的数据解锁。","HttpMethod":"POST","Template":"service/cancel","Parameters":null,"ResourceOpId":"c50fe0b9-72ec-4ecd-8b7f-d1a58049082f&^^&Cancel","Transaction":false,"AssemblyInfo":null,"Extend1":"Basic","Extend2":null,"isDeprecated":false},{"Id":"c50fe0b9-72ec-4ecd-8b7f-d1a58049082f&^^&HasChanges","Code":"HasChanges","Name":"检查变更","Description":"检查当前业务上下文内是否存在未保存的变更","HttpMethod":"PUT","Template":"haschanges","Parameters":[{"Id":"c50fe0b9-72ec-4ecd-8b7f-d1a58049082f&^^&RequestInfo","Code":"requestInfo","Name":"请求信息","Description":"请求信息","ModelId":"c50fe0b9-72ec-4ecd-8b7f-d1a58049082f&^^&RequestInfo","ModelCode":"RequestInfo","ModelName":"RequestInfo","RefId":"c50fe0b9-72ec-4ecd-8b7f-d1a58049082f&^^&RequestInfo","RefCode":"RequestInfo","RefName":"RequestInfo","RefPath":null,"RefFileName":null,"ModelType":1,"In":"Body","IsRequired":false,"ListDeepth":0,"isCollection":false,"isRetVal":false,"isBasicType":false},{"Id":"c50fe0b9-72ec-4ecd-8b7f-d1a58049082f&^^&ResponseInfo","Code":"responseInfo","Name":"响应信息","Description":"响应信息","ModelId":"c50fe0b9-72ec-4ecd-8b7f-d1a58049082f&^^&ResponseInfo","ModelCode":"ResponseInfo","ModelName":"ResponseInfo","RefId":"c50fe0b9-72ec-4ecd-8b7f-d1a58049082f&^^&ResponseInfo","RefCode":"ResponseInfo","RefName":"ResponseInfo","RefPath":null,"RefFileName":null,"ModelType":1,"In":"","IsRequired":true,"ListDeepth":0,"isCollection":false,"isRetVal":true,"isBasicType":false}],"ResourceOpId":"c50fe0b9-72ec-4ecd-8b7f-d1a58049082f&^^&HasChanges","Transaction":false,"AssemblyInfo":null,"Extend1":"Basic","Extend2":null,"isDeprecated":false},{"Id":"c50fe0b9-72ec-4ecd-8b7f-d1a58049082f&^^&ElementHelp","Code":"GetElementHelp","Name":"获取字段帮助数据","Description":"获取指定帮助字段的帮助数据，支持商户及其子表的所有帮助字段的帮助数据。如果查询条件较长，建议使用”获取字段帮助数据“操作。","HttpMethod":"GET","Template":"elementhelps/{labelId}","Parameters":[{"Id":"c50fe0b9-72ec-4ecd-8b7f-d1a58049082f&^^&labelIdParam","Code":"labelId","Name":"标签Id","Description":"标签内码","ModelId":"string","ModelCode":null,"ModelName":"string","RefId":null,"RefCode":null,"RefName":null,"RefPath":null,"RefFileName":null,"ModelType":0,"In":"Path","IsRequired":true,"ListDeepth":0,"isCollection":false,"isRetVal":false,"isBasicType":true},{"Id":"c50fe0b9-72ec-4ecd-8b7f-d1a58049082f&^^&nodeCodeParam","Code":"nodeCode","Name":"节点编号","Description":"节点编号","ModelId":"string","ModelCode":null,"ModelName":"string","RefId":null,"RefCode":null,"RefName":null,"RefPath":null,"RefFileName":null,"ModelType":0,"In":"Query","IsRequired":true,"ListDeepth":0,"isCollection":false,"isRetVal":false,"isBasicType":true},{"Id":"c50fe0b9-72ec-4ecd-8b7f-d1a58049082f&^^&queryParam","Code":"queryParam","Name":"查询参数","Description":"查询参数","ModelId":"string","ModelCode":null,"ModelName":"string","RefId":null,"RefCode":null,"RefName":null,"RefPath":null,"RefFileName":null,"ModelType":0,"In":"Query","IsRequired":true,"ListDeepth":0,"isCollection":false,"isRetVal":false,"isBasicType":true},{"Id":"c50fe0b9-72ec-4ecd-8b7f-d1a58049082f&^^&ElementHelpRetParam","Code":"return","Name":"返回值","Description":"返回值","ModelId":"c50fe0b9-72ec-4ecd-8b7f-d1a58049082f&^^&LookupResult","ModelCode":"LookupResult","ModelName":"LookupResult","RefId":"c50fe0b9-72ec-4ecd-8b7f-d1a58049082f&^^&LookupResult","RefCode":"LookupResult","RefName":"LookupResult","RefPath":null,"RefFileName":null,"ModelType":1,"In":"","IsRequired":true,"ListDeepth":0,"isCollection":false,"isRetVal":true,"isBasicType":false}],"ResourceOpId":"c50fe0b9-72ec-4ecd-8b7f-d1a58049082f&^^&ElementHelp","Transaction":false,"AssemblyInfo":null,"Extend1":"Basic","Extend2":null,"isDeprecated":true},{"Id":"c50fe0b9-72ec-4ecd-8b7f-d1a58049082f&^^&Extend_Delete","Code":"Extend_Delete","Name":"删除商户","Description":"删除指定的商户。该操作仅在当前业务上下文中删除，并不会持久化到数据库。后续需调用”保存“操作进行持久化，如需要立即持久化，请调用”删除商户并保存“操作。也可通过变更集，在删除过程中修改其他数据，并返回删除过程中产生的其他变更。","HttpMethod":"PUT","Template":"/extension/delete/{dataId}","Parameters":[{"Id":"c50fe0b9-72ec-4ecd-8b7f-d1a58049082f&^^&RequestInfo","Code":"requestInfo","Name":"请求信息","Description":"请求信息","ModelId":"c50fe0b9-72ec-4ecd-8b7f-d1a58049082f&^^&RequestInfo","ModelCode":"RequestInfo","ModelName":"RequestInfo","RefId":"c50fe0b9-72ec-4ecd-8b7f-d1a58049082f&^^&RequestInfo","RefCode":"RequestInfo","RefName":"RequestInfo","RefPath":null,"RefFileName":null,"ModelType":1,"In":"Body","IsRequired":false,"ListDeepth":0,"isCollection":false,"isRetVal":false,"isBasicType":false},{"Id":"c50fe0b9-72ec-4ecd-8b7f-d1a58049082f&^^&DeleteParam","Code":"dataId","Name":"单据内码","Description":"单据内码","ModelId":"string","ModelCode":null,"ModelName":"string","RefId":null,"RefCode":null,"RefName":null,"RefPath":null,"RefFileName":null,"ModelType":0,"In":"Path","IsRequired":false,"ListDeepth":0,"isCollection":false,"isRetVal":false,"isBasicType":true},{"Id":"c50fe0b9-72ec-4ecd-8b7f-d1a58049082f&^^&ResponseInfo","Code":"responseInfo","Name":"响应信息","Description":"响应信息","ModelId":"c50fe0b9-72ec-4ecd-8b7f-d1a58049082f&^^&ResponseInfo","ModelCode":"ResponseInfo","ModelName":"ResponseInfo","RefId":"c50fe0b9-72ec-4ecd-8b7f-d1a58049082f&^^&ResponseInfo","RefCode":"ResponseInfo","RefName":"ResponseInfo","RefPath":null,"RefFileName":null,"ModelType":1,"In":"","IsRequired":true,"ListDeepth":0,"isCollection":false,"isRetVal":true,"isBasicType":false}],"ResourceOpId":"c50fe0b9-72ec-4ecd-8b7f-d1a58049082f&^^&Extend_Delete","Transaction":false,"AssemblyInfo":null,"Extend1":"Basic","Extend2":null,"isDeprecated":false},{"Id":"c50fe0b9-72ec-4ecd-8b7f-d1a58049082f&^^&Extend_BatchDelete","Code":"Extend_BatchDelete","Name":"批量删除商户","Description":"批量删除指定的商户，如删除数据较多，建议使用”批量删除商户“操作。","HttpMethod":"PUT","Template":"/extension/batchdelete","Parameters":[{"Id":"c50fe0b9-72ec-4ecd-8b7f-d1a58049082f&^^&RequestInfo","Code":"requestInfo","Name":"请求信息","Description":"请求信息","ModelId":"c50fe0b9-72ec-4ecd-8b7f-d1a58049082f&^^&RequestInfo","ModelCode":"RequestInfo","ModelName":"RequestInfo","RefId":"c50fe0b9-72ec-4ecd-8b7f-d1a58049082f&^^&RequestInfo","RefCode":"RequestInfo","RefName":"RequestInfo","RefPath":null,"RefFileName":null,"ModelType":1,"In":"Body","IsRequired":false,"ListDeepth":0,"isCollection":false,"isRetVal":false,"isBasicType":false},{"Id":"c50fe0b9-72ec-4ecd-8b7f-d1a58049082f&^^&BatchDeleteParam","Code":"ids","Name":"单据内码列表","Description":"单据内码列表","ModelId":"string","ModelCode":null,"ModelName":"string","RefId":null,"RefCode":null,"RefName":null,"RefPath":null,"RefFileName":null,"ModelType":0,"In":"Query","IsRequired":true,"ListDeepth":0,"isCollection":false,"isRetVal":false,"isBasicType":true},{"Id":"c50fe0b9-72ec-4ecd-8b7f-d1a58049082f&^^&ResponseInfo","Code":"responseInfo","Name":"响应信息","Description":"响应信息","ModelId":"c50fe0b9-72ec-4ecd-8b7f-d1a58049082f&^^&ResponseInfo","ModelCode":"ResponseInfo","ModelName":"ResponseInfo","RefId":"c50fe0b9-72ec-4ecd-8b7f-d1a58049082f&^^&ResponseInfo","RefCode":"ResponseInfo","RefName":"ResponseInfo","RefPath":null,"RefFileName":null,"ModelType":1,"In":"","IsRequired":true,"ListDeepth":0,"isCollection":false,"isRetVal":true,"isBasicType":false}],"ResourceOpId":"c50fe0b9-72ec-4ecd-8b7f-d1a58049082f&^^&Extend_BatchDelete","Transaction":false,"AssemblyInfo":null,"Extend1":"Basic","Extend2":null,"isDeprecated":true},{"Id":"c50fe0b9-72ec-4ecd-8b7f-d1a58049082f&^^&Extension_BatchDeletion","Code":"Extension_BatchDeletion","Name":"批量删除商户","Description":"批量删除指定的商户，该操作仅在当前业务上下文中删除，并不会持久化到数据库。后续需调用”保存“操作进行持久化，如需要立即持久化，请调用”批量删除商户并保存“操作。可在删除过程中，修改其他数据，并返回删除过程中产生的其他变更。","HttpMethod":"PUT","Template":"/extension/batchdeletion","Parameters":[{"Id":"c50fe0b9-72ec-4ecd-8b7f-d1a58049082f&^^&RequestInfo","Code":"requestInfo","Name":"请求信息","Description":"请求信息","ModelId":"c50fe0b9-72ec-4ecd-8b7f-d1a58049082f&^^&RequestInfo","ModelCode":"RequestInfo","ModelName":"RequestInfo","RefId":"c50fe0b9-72ec-4ecd-8b7f-d1a58049082f&^^&RequestInfo","RefCode":"RequestInfo","RefName":"RequestInfo","RefPath":null,"RefFileName":null,"ModelType":1,"In":"Body","IsRequired":false,"ListDeepth":0,"isCollection":false,"isRetVal":false,"isBasicType":false},{"Id":"c50fe0b9-72ec-4ecd-8b7f-d1a58049082f&^^&Ids","Code":"ids","Name":"单据内码集合","Description":"批量删除的内码集合","ModelId":"string","ModelCode":null,"ModelName":"string","RefId":null,"RefCode":null,"RefName":null,"RefPath":null,"RefFileName":null,"ModelType":0,"In":"Body","IsRequired":true,"ListDeepth":1,"isCollection":true,"isRetVal":false,"isBasicType":true},{"Id":"c50fe0b9-72ec-4ecd-8b7f-d1a58049082f&^^&ResponseInfo","Code":"responseInfo","Name":"响应信息","Description":"响应信息","ModelId":"c50fe0b9-72ec-4ecd-8b7f-d1a58049082f&^^&ResponseInfo","ModelCode":"ResponseInfo","ModelName":"ResponseInfo","RefId":"c50fe0b9-72ec-4ecd-8b7f-d1a58049082f&^^&ResponseInfo","RefCode":"ResponseInfo","RefName":"ResponseInfo","RefPath":null,"RefFileName":null,"ModelType":1,"In":"","IsRequired":true,"ListDeepth":0,"isCollection":false,"isRetVal":true,"isBasicType":false}],"ResourceOpId":"c50fe0b9-72ec-4ecd-8b7f-d1a58049082f&^^&Extension_BatchDeletion","Transaction":false,"AssemblyInfo":null,"Extend1":"Basic","Extend2":null,"isDeprecated":false},{"Id":"c50fe0b9-72ec-4ecd-8b7f-d1a58049082f&^^&Extend_Retrieve","Code":"Extend_Retrieve","Name":"检索商户","Description":"检索指定的商户，返回结果中包含商户的所有子表数据。也可通过变更集，在删除过程中修改其他数据，并返回删除过程中产生的其他变更。","HttpMethod":"PUT","Template":"/extension/retrieve/{dataId}","Parameters":[{"Id":"c50fe0b9-72ec-4ecd-8b7f-d1a58049082f&^^&RequestInfo","Code":"requestInfo","Name":"请求信息","Description":"请求信息","ModelId":"c50fe0b9-72ec-4ecd-8b7f-d1a58049082f&^^&RequestInfo","ModelCode":"RequestInfo","ModelName":"RequestInfo","RefId":"c50fe0b9-72ec-4ecd-8b7f-d1a58049082f&^^&RequestInfo","RefCode":"RequestInfo","RefName":"RequestInfo","RefPath":null,"RefFileName":null,"ModelType":1,"In":"Body","IsRequired":false,"ListDeepth":0,"isCollection":false,"isRetVal":false,"isBasicType":false},{"Id":"c50fe0b9-72ec-4ecd-8b7f-d1a58049082f&^^&RetrieveParam","Code":"dataId","Name":"单据内码","Description":"单据内码","ModelId":"string","ModelCode":null,"ModelName":"string","RefId":null,"RefCode":null,"RefName":null,"RefPath":null,"RefFileName":null,"ModelType":0,"In":"Path","IsRequired":true,"ListDeepth":0,"isCollection":false,"isRetVal":false,"isBasicType":true},{"Id":"c50fe0b9-72ec-4ecd-8b7f-d1a58049082f&^^&ResponseInfo","Code":"responseInfo","Name":"响应信息","Description":"响应信息","ModelId":"c50fe0b9-72ec-4ecd-8b7f-d1a58049082f&^^&ResponseInfo","ModelCode":"ResponseInfo","ModelName":"ResponseInfo","RefId":"c50fe0b9-72ec-4ecd-8b7f-d1a58049082f&^^&ResponseInfo","RefCode":"ResponseInfo","RefName":"ResponseInfo","RefPath":null,"RefFileName":null,"ModelType":1,"In":"","IsRequired":true,"ListDeepth":0,"isCollection":false,"isRetVal":true,"isBasicType":false}],"ResourceOpId":"c50fe0b9-72ec-4ecd-8b7f-d1a58049082f&^^&Extend_Retrieve","Transaction":false,"AssemblyInfo":null,"Extend1":"Basic","Extend2":null,"isDeprecated":false},{"Id":"c50fe0b9-72ec-4ecd-8b7f-d1a58049082f&^^&Extend_Query","Code":"Extend_Query","Name":"查询商户","Description":"按照查询条件查询商户。如果查询条件较长，建议使用”查询商户“操作。","HttpMethod":"PUT","Template":"/extension/query","Parameters":[{"Id":"c50fe0b9-72ec-4ecd-8b7f-d1a58049082f&^^&RequestInfo","Code":"requestInfo","Name":"请求信息","Description":"请求信息","ModelId":"c50fe0b9-72ec-4ecd-8b7f-d1a58049082f&^^&RequestInfo","ModelCode":"RequestInfo","ModelName":"RequestInfo","RefId":"c50fe0b9-72ec-4ecd-8b7f-d1a58049082f&^^&RequestInfo","RefCode":"RequestInfo","RefName":"RequestInfo","RefPath":null,"RefFileName":null,"ModelType":1,"In":"Body","IsRequired":false,"ListDeepth":0,"isCollection":false,"isRetVal":false,"isBasicType":false},{"Id":"c50fe0b9-72ec-4ecd-8b7f-d1a58049082f&^^&EntityFilterParam","Code":"entityFilter","Name":"过滤条件","Description":"过滤条件","ModelId":"string","ModelCode":null,"ModelName":"string","RefId":null,"RefCode":null,"RefName":null,"RefPath":null,"RefFileName":null,"ModelType":0,"In":"Query","IsRequired":false,"ListDeepth":0,"isCollection":false,"isRetVal":false,"isBasicType":true},{"Id":"c50fe0b9-72ec-4ecd-8b7f-d1a58049082f&^^&ResponseInfo","Code":"responseInfo","Name":"响应信息","Description":"响应信息","ModelId":"c50fe0b9-72ec-4ecd-8b7f-d1a58049082f&^^&ResponseInfo","ModelCode":"ResponseInfo","ModelName":"ResponseInfo","RefId":"c50fe0b9-72ec-4ecd-8b7f-d1a58049082f&^^&ResponseInfo","RefCode":"ResponseInfo","RefName":"ResponseInfo","RefPath":null,"RefFileName":null,"ModelType":1,"In":"","IsRequired":true,"ListDeepth":0,"isCollection":false,"isRetVal":true,"isBasicType":false}],"ResourceOpId":"c50fe0b9-72ec-4ecd-8b7f-d1a58049082f&^^&Extend_Query","Transaction":false,"AssemblyInfo":null,"Extend1":"Basic","Extend2":null,"isDeprecated":true},{"Id":"c50fe0b9-72ec-4ecd-8b7f-d1a58049082f&^^&Extension_Filter","Code":"Extension_Filter","Name":"查询商户","Description":"按照查询条件查询商户，可指定查询过滤条件、排序字段、设置分页。也可通过变更集，在删除过程中修改其他数据，并返回删除过程中产生的其他变更。","HttpMethod":"POST","Template":"/extension/filter","Parameters":[{"Id":"c50fe0b9-72ec-4ecd-8b7f-d1a58049082f&^^&RequestInfo","Code":"requestInfo","Name":"请求信息","Description":"请求信息","ModelId":"c50fe0b9-72ec-4ecd-8b7f-d1a58049082f&^^&RequestInfo","ModelCode":"RequestInfo","ModelName":"RequestInfo","RefId":"c50fe0b9-72ec-4ecd-8b7f-d1a58049082f&^^&RequestInfo","RefCode":"RequestInfo","RefName":"RequestInfo","RefPath":null,"RefFileName":null,"ModelType":1,"In":"Body","IsRequired":false,"ListDeepth":0,"isCollection":false,"isRetVal":false,"isBasicType":false},{"Id":"c50fe0b9-72ec-4ecd-8b7f-d1a58049082f&^^&EntityFilter","Code":"entityFilter","Name":"过滤条件","Description":"过滤条件","ModelId":"c50fe0b9-72ec-4ecd-8b7f-d1a58049082f&^^&EntityFilter","ModelCode":"EntityFilter","ModelName":"EntityFilter","RefId":"c50fe0b9-72ec-4ecd-8b7f-d1a58049082f&^^&EntityFilter","RefCode":"EntityFilter","RefName":"EntityFilter","RefPath":null,"RefFileName":null,"ModelType":1,"In":"Body","IsRequired":false,"ListDeepth":0,"isCollection":false,"isRetVal":false,"isBasicType":false},{"Id":"c50fe0b9-72ec-4ecd-8b7f-d1a58049082f&^^&ResponseInfo","Code":"responseInfo","Name":"响应信息","Description":"响应信息","ModelId":"c50fe0b9-72ec-4ecd-8b7f-d1a58049082f&^^&ResponseInfo","ModelCode":"ResponseInfo","ModelName":"ResponseInfo","RefId":"c50fe0b9-72ec-4ecd-8b7f-d1a58049082f&^^&ResponseInfo","RefCode":"ResponseInfo","RefName":"ResponseInfo","RefPath":null,"RefFileName":null,"ModelType":1,"In":"","IsRequired":true,"ListDeepth":0,"isCollection":false,"isRetVal":true,"isBasicType":false}],"ResourceOpId":"c50fe0b9-72ec-4ecd-8b7f-d1a58049082f&^^&Extension_Filter","Transaction":false,"AssemblyInfo":null,"Extend1":"Basic","Extend2":null,"isDeprecated":false},{"Id":"c50fe0b9-72ec-4ecd-8b7f-d1a58049082f&^^&Extend_ElementHelp","Code":"Extend_GetElementHelp","Name":"获取字段帮助数据","Description":"获取指定帮助字段的帮助数据，支持商户及其子表的所有帮助字段的帮助数据。也可通过变更集，在删除过程中修改其他数据，并返回删除过程中产生的其他变更。","HttpMethod":"PUT","Template":"/extension/elementhelps","Parameters":[{"Id":"c50fe0b9-72ec-4ecd-8b7f-d1a58049082f&^^&RequestInfo","Code":"requestInfo","Name":"请求信息","Description":"请求信息","ModelId":"c50fe0b9-72ec-4ecd-8b7f-d1a58049082f&^^&RequestInfo","ModelCode":"RequestInfo","ModelName":"RequestInfo","RefId":"c50fe0b9-72ec-4ecd-8b7f-d1a58049082f&^^&RequestInfo","RefCode":"RequestInfo","RefName":"RequestInfo","RefPath":null,"RefFileName":null,"ModelType":1,"In":"Body","IsRequired":false,"ListDeepth":0,"isCollection":false,"isRetVal":false,"isBasicType":false},{"Id":"c50fe0b9-72ec-4ecd-8b7f-d1a58049082f&^^&labelIdParam","Code":"labelId","Name":"标签Id","Description":"标签内码","ModelId":"string","ModelCode":null,"ModelName":"string","RefId":null,"RefCode":null,"RefName":null,"RefPath":null,"RefFileName":null,"ModelType":0,"In":"Body","IsRequired":true,"ListDeepth":0,"isCollection":false,"isRetVal":false,"isBasicType":true},{"Id":"c50fe0b9-72ec-4ecd-8b7f-d1a58049082f&^^&nodeCodeParam","Code":"nodeCode","Name":"节点编号","Description":"节点编号","ModelId":"string","ModelCode":null,"ModelName":"string","RefId":null,"RefCode":null,"RefName":null,"RefPath":null,"RefFileName":null,"ModelType":0,"In":"Body","IsRequired":true,"ListDeepth":0,"isCollection":false,"isRetVal":false,"isBasicType":true},{"Id":"c50fe0b9-72ec-4ecd-8b7f-d1a58049082f&^^&queryParam","Code":"queryParam","Name":"查询参数","Description":"查询参数","ModelId":"c50fe0b9-72ec-4ecd-8b7f-d1a58049082f&^^&LookupQueryParam","ModelCode":"LookupQueryParam","ModelName":"LookupQueryParam","RefId":"c50fe0b9-72ec-4ecd-8b7f-d1a58049082f&^^&LookupQueryParam","RefCode":"LookupQueryParam","RefName":"LookupQueryParam","RefPath":null,"RefFileName":null,"ModelType":1,"In":"Body","IsRequired":true,"ListDeepth":0,"isCollection":false,"isRetVal":false,"isBasicType":true},{"Id":"c50fe0b9-72ec-4ecd-8b7f-d1a58049082f&^^&ResponseInfo","Code":"responseInfo","Name":"响应信息","Description":"响应信息","ModelId":"c50fe0b9-72ec-4ecd-8b7f-d1a58049082f&^^&ResponseInfo","ModelCode":"ResponseInfo","ModelName":"ResponseInfo","RefId":"c50fe0b9-72ec-4ecd-8b7f-d1a58049082f&^^&ResponseInfo","RefCode":"ResponseInfo","RefName":"ResponseInfo","RefPath":null,"RefFileName":null,"ModelType":1,"In":"","IsRequired":true,"ListDeepth":0,"isCollection":false,"isRetVal":true,"isBasicType":false}],"ResourceOpId":"c50fe0b9-72ec-4ecd-8b7f-d1a58049082f&^^&Extend_ElementHelp","Transaction":false,"AssemblyInfo":null,"Extend1":"Basic","Extend2":null,"isDeprecated":false},{"Id":"3efc61ce-5125-49bf-90b8-60b2413c16cc&^^&PathHierarchyCreateSibling","Code":"PathHierarchyCreateSibling","Name":"分级码分级方式新增同级","Description":"分级码分级方式新增同级","HttpMethod":"PUT","Template":"/service/pathhierarchycreatesibling","Parameters":[{"Id":"3efc61ce-5125-49bf-90b8-60b2413c16cc&^^&RequestInfo","Code":"requestInfo","Name":"请求信息","Description":"请求信息","ModelId":"3efc61ce-5125-49bf-90b8-60b2413c16cc&^^&RequestInfo","ModelCode":"RequestInfo","ModelName":"RequestInfo","RefId":"3efc61ce-5125-49bf-90b8-60b2413c16cc&^^&RequestInfo","RefCode":"RequestInfo","RefName":"RequestInfo","RefPath":null,"RefFileName":null,"ModelType":1,"In":"Body","IsRequired":false,"ListDeepth":0,"isCollection":false,"isRetVal":false,"isBasicType":false},{"Id":"deec349f-3450-4393-b844-9bbfa5783ad1&^^&dataID","Code":"dataID","Name":"dataID","Description":"当前焦点dataID","ModelId":"string","ModelCode":null,"ModelName":"string","RefId":null,"RefCode":null,"RefName":null,"RefPath":null,"RefFileName":null,"ModelType":0,"In":"Body","IsRequired":true,"ListDeepth":0,"isCollection":false,"isRetVal":false,"isBasicType":true},{"Id":"3efc61ce-5125-49bf-90b8-60b2413c16cc&^^&ResponseInfo","Code":"responseInfo","Name":"响应信息","Description":"响应信息","ModelId":"c50fe0b9-72ec-4ecd-8b7f-d1a58049082f&^^&ResponseInfo","ModelCode":"ResponseInfo","ModelName":"ResponseInfo","RefId":"c50fe0b9-72ec-4ecd-8b7f-d1a58049082f&^^&ResponseInfo","RefCode":"ResponseInfo","RefName":"ResponseInfo","RefPath":null,"RefFileName":null,"ModelType":1,"In":"","IsRequired":true,"ListDeepth":0,"isCollection":false,"isRetVal":true,"isBasicType":false}],"ResourceOpId":"3efc61ce-5125-49bf-90b8-60b2413c16cc&^^&PathHierarchyCreateSibling","Transaction":false,"AssemblyInfo":null,"Extend1":"Custom","Extend2":null,"isDeprecated":false},{"Id":"a4278d20-ba06-44f1-a613-56d47b8d90f9&^^&PathHierarchyCreateChildLayer","Code":"PathHierarchyCreateChildLayer","Name":"分级码分级方式新增子级","Description":"分级码分级方式新增子级","HttpMethod":"PUT","Template":"/service/pathhierarchycreatechildlayer","Parameters":[{"Id":"a4278d20-ba06-44f1-a613-56d47b8d90f9&^^&RequestInfo","Code":"requestInfo","Name":"请求信息","Description":"请求信息","ModelId":"a4278d20-ba06-44f1-a613-56d47b8d90f9&^^&RequestInfo","ModelCode":"RequestInfo","ModelName":"RequestInfo","RefId":"a4278d20-ba06-44f1-a613-56d47b8d90f9&^^&RequestInfo","RefCode":"RequestInfo","RefName":"RequestInfo","RefPath":null,"RefFileName":null,"ModelType":1,"In":"Body","IsRequired":false,"ListDeepth":0,"isCollection":false,"isRetVal":false,"isBasicType":false},{"Id":"eca7619a-a7f0-4ad2-88c6-61a9b21aa9f4&^^&dataID","Code":"dataID","Name":"dataID","Description":"要新增子级的父节点dataID","ModelId":"string","ModelCode":null,"ModelName":"string","RefId":null,"RefCode":null,"RefName":null,"RefPath":null,"RefFileName":null,"ModelType":0,"In":"Body","IsRequired":true,"ListDeepth":0,"isCollection":false,"isRetVal":false,"isBasicType":true},{"Id":"a4278d20-ba06-44f1-a613-56d47b8d90f9&^^&ResponseInfo","Code":"responseInfo","Name":"响应信息","Description":"响应信息","ModelId":"c50fe0b9-72ec-4ecd-8b7f-d1a58049082f&^^&ResponseInfo","ModelCode":"ResponseInfo","ModelName":"ResponseInfo","RefId":"c50fe0b9-72ec-4ecd-8b7f-d1a58049082f&^^&ResponseInfo","RefCode":"ResponseInfo","RefName":"ResponseInfo","RefPath":null,"RefFileName":null,"ModelType":1,"In":"","IsRequired":true,"ListDeepth":0,"isCollection":false,"isRetVal":true,"isBasicType":false}],"ResourceOpId":"a4278d20-ba06-44f1-a613-56d47b8d90f9&^^&PathHierarchyCreateChildLayer","Transaction":false,"AssemblyInfo":null,"Extend1":"Custom","Extend2":null,"isDeprecated":false}],"Extension":null},"Models":[{"Id":"c50fe0b9-72ec-4ecd-8b7f-d1a58049082f&^^&RequestInfo","Code":"RequestInfo","Name":"RequestInfo","ModelId":"c50fe0b9-72ec-4ecd-8b7f-d1a58049082f&^^&RequestInfo","ModelCode":"RequestInfo","ModelName":"RequestInfo","RelativePath":null,"FileName":null,"ModelType":1},{"Id":"c50fe0b9-72ec-4ecd-8b7f-d1a58049082f&^^&DefaultValue","Code":"DefaultValue","Name":"DefaultValue","ModelId":"c50fe0b9-72ec-4ecd-8b7f-d1a58049082f&^^&DefaultValue","ModelCode":"DefaultValue","ModelName":"DefaultValue","RelativePath":null,"FileName":null,"ModelType":1},{"Id":"c50fe0b9-72ec-4ecd-8b7f-d1a58049082f&^^&ResponseInfo","Code":"ResponseInfo","Name":"ResponseInfo","ModelId":"c50fe0b9-72ec-4ecd-8b7f-d1a58049082f&^^&ResponseInfo","ModelCode":"ResponseInfo","ModelName":"ResponseInfo","RelativePath":null,"FileName":null,"ModelType":1},{"Id":"c50fe0b9-72ec-4ecd-8b7f-d1a58049082f&^^&RetrieveDefaultParam","Code":"RetrieveDefaultParam","Name":"RetrieveDefaultParam","ModelId":"c50fe0b9-72ec-4ecd-8b7f-d1a58049082f&^^&RetrieveDefaultParam","ModelCode":"RetrieveDefaultParam","ModelName":"RetrieveDefaultParam","RelativePath":null,"FileName":null,"ModelType":1},{"Id":"c50fe0b9-72ec-4ecd-8b7f-d1a58049082f&^^&ChangeDetail","Code":"ChangeDetail","Name":"ChangeDetail","ModelId":"c50fe0b9-72ec-4ecd-8b7f-d1a58049082f&^^&ChangeDetail","ModelCode":"ChangeDetail","ModelName":"ChangeDetail","RelativePath":null,"FileName":null,"ModelType":1},{"Id":"f118ab70-d082-4cea-a28e-c1aa8c6df2cf","Code":"Merchant","Name":"商户","ModelId":"c50fe0b9-72ec-4ecd-8b7f-d1a58049082f","ModelCode":"Merchant_frm","ModelName":"商户_frm","RelativePath":null,"FileName":null,"ModelType":0},{"Id":"c50fe0b9-72ec-4ecd-8b7f-d1a58049082f&^^&RetrieveParam","Code":"RetrieveParam","Name":"RetrieveParam","ModelId":"c50fe0b9-72ec-4ecd-8b7f-d1a58049082f&^^&RetrieveParam","ModelCode":"RetrieveParam","ModelName":"RetrieveParam","RelativePath":null,"FileName":null,"ModelType":1},{"Id":"c50fe0b9-72ec-4ecd-8b7f-d1a58049082f&^^&Pagination","Code":"Pagination","Name":"Pagination","ModelId":"c50fe0b9-72ec-4ecd-8b7f-d1a58049082f&^^&Pagination","ModelCode":"Pagination","ModelName":"Pagination","RelativePath":null,"FileName":null,"ModelType":1},{"Id":"c50fe0b9-72ec-4ecd-8b7f-d1a58049082f&^^&LookupResult","Code":"LookupResult","Name":"LookupResult","ModelId":"c50fe0b9-72ec-4ecd-8b7f-d1a58049082f&^^&LookupResult","ModelCode":"LookupResult","ModelName":"LookupResult","RelativePath":null,"FileName":null,"ModelType":1},{"Id":"c50fe0b9-72ec-4ecd-8b7f-d1a58049082f&^^&EntityFilter","Code":"EntityFilter","Name":"EntityFilter","ModelId":"c50fe0b9-72ec-4ecd-8b7f-d1a58049082f&^^&EntityFilter","ModelCode":"EntityFilter","ModelName":"EntityFilter","RelativePath":null,"FileName":null,"ModelType":1},{"Id":"3efc61ce-5125-49bf-90b8-60b2413c16cc&^^&RequestInfo","Code":"RequestInfo","Name":"RequestInfo","ModelId":"3efc61ce-5125-49bf-90b8-60b2413c16cc&^^&RequestInfo","ModelCode":"RequestInfo","ModelName":"RequestInfo","RelativePath":null,"FileName":null,"ModelType":1},{"Id":"a4278d20-ba06-44f1-a613-56d47b8d90f9&^^&RequestInfo","Code":"RequestInfo","Name":"RequestInfo","ModelId":"a4278d20-ba06-44f1-a613-56d47b8d90f9&^^&RequestInfo","ModelCode":"RequestInfo","ModelName":"RequestInfo","RelativePath":null,"FileName":null,"ModelType":1}],"Router":"/api/apporder/df/v1.0/merchant_frm","EndPoint":"/apporder/df/v1.0/merchant_frm"}]