{"module":{"id":"Merchat","code":"Merchat","name":"商户","caption":"商户","type":"Module","creator":"admin","creationDate":"2023-12-23T08:18:05.603Z","updateVersion":"191104","showTitle":true,"bootstrap":"list-card-template","templateId":"list-card-template","schemas":[{"eapiId":"24d0ff39-746a-4b96-a578-758194770ba0","eapiCode":"Merchat_frm","eapiName":"商户_frm","eapiNameSpace":"Inspur.GS.AppOrder.DF.Merchant.Merchant.Front","voPath":"AppOrder/DF/Merchant/bo-merchant-front/metadata/components","voNameSpace":"Inspur.GS.AppOrder.DF.Merchant.Merchant.Front","name":"商户_frm","id":"45e83f36-23ed-4136-aa29-b6cbd3cda404","entities":[{"name":"商户","id":"48a3309d-fa77-4829-9fcb-143821479ebc","type":{"$type":"EntityType","fields":[{"$type":"SimpleField","defaultValue":"","readonly":false,"editor":{"$type":"TextBox"},"multiLanguage":false,"require":true,"name":"主键","id":"0c005673-dadd-4e47-97af-887e0b92e909","type":{"$type":"StringType","length":36,"name":"String","displayName":"字符串"},"path":"ID","originalId":"0c005673-dadd-4e47-97af-887e0b92e909","code":"ID","label":"id","bindingField":"id","bindingPath":"id"},{"$type":"SimpleField","defaultValue":"","readonly":false,"editor":{"$type":"DateBox","format":"'yyyy-MM-dd'"},"multiLanguage":false,"require":false,"name":"版本","id":"4342bb2c-5067-4878-8aa1-7e11896b4ef9","type":{"$type":"DateTimeType","name":"DateTime","displayName":"日期时间"},"path":"Version","originalId":"4342bb2c-5067-4878-8aa1-7e11896b4ef9","code":"Version","label":"version","bindingField":"version","bindingPath":"version"},{"$type":"SimpleField","defaultValue":"","readonly":false,"editor":{"$type":"TextBox"},"multiLanguage":false,"require":false,"name":"商户名称","id":"d70bde2a-66bc-42a5-b171-dfeeecf034fc","type":{"$type":"StringType","length":36,"name":"String","displayName":"字符串"},"path":"MerchantName","originalId":"d70bde2a-66bc-42a5-b171-dfeeecf034fc","code":"MerchantName","label":"merchantName","bindingField":"merchantName","bindingPath":"merchantName"},{"$type":"SimpleField","defaultValue":"","readonly":false,"editor":{"$type":"EnumField"},"multiLanguage":false,"require":false,"name":"商户类型","id":"b334a325-9300-437a-b9c8-384516a40c08","type":{"$type":"EnumType","name":"Enum","displayName":"枚举","valueType":{"$type":"StringType","length":20,"name":"String","displayName":"字符串"},"enumValues":[{"name":"个人","value":"individual"},{"name":"企业","value":"enterprise"}]},"path":"MerchantType","originalId":"b334a325-9300-437a-b9c8-384516a40c08","code":"MerchantType","label":"merchantType","bindingField":"merchantType","bindingPath":"merchantType"},{"$type":"SimpleField","defaultValue":"","readonly":false,"editor":{"$type":"TextBox"},"multiLanguage":false,"require":false,"name":"邮箱","id":"e513a78a-bcee-4ae1-ae4f-f9ef886ec09f","type":{"$type":"StringType","length":36,"name":"String","displayName":"字符串"},"path":"Email","originalId":"e513a78a-bcee-4ae1-ae4f-f9ef886ec09f","code":"Email","label":"email","bindingField":"email","bindingPath":"email"},{"$type":"SimpleField","defaultValue":"","readonly":false,"editor":{"$type":"TextBox"},"multiLanguage":false,"require":false,"name":"联系电话","id":"29593720-79a4-4bf0-8bf9-537591a311a0","type":{"$type":"StringType","length":20,"name":"String","displayName":"字符串"},"path":"Telephone","originalId":"29593720-79a4-4bf0-8bf9-537591a311a0","code":"Telephone","label":"telephone","bindingField":"telephone","bindingPath":"telephone"},{"$type":"SimpleField","defaultValue":"","readonly":false,"editor":{"$type":"TextBox"},"multiLanguage":false,"require":false,"name":"备注","id":"a1738acb-0d5c-4da7-a312-2506ff025dff","type":{"$type":"StringType","length":100,"name":"String","displayName":"字符串"},"path":"Remark","originalId":"a1738acb-0d5c-4da7-a312-2506ff025dff","code":"Remark","label":"remark","bindingField":"remark","bindingPath":"remark"}],"entities":[],"primary":"id","name":"Merchant","displayName":"商户"},"code":"Merchant","label":"merchants"}],"sourceType":"vo","code":"Merchat_frm","extendProperties":{"enableStdTimeFormat":true},"variables":[],"sourceUri":"api/apporder/df/v1.0/Merchat_frm"}],"states":[],"contents":[],"stateMachines":[{"id":"Merchat_state_machine","name":"商户_frm","uri":"55ef9d66-a43f-43ce-ba5d-386ce6ed1217","code":"Merchat_frm","nameSpace":"Inspur.GS.AppOrder.DF.Merchant.Merchant.Front"}],"viewmodels":[{"id":"root-viewmodel","code":"root-viewmodel","name":"商户","fields":[],"stateMachine":"Merchat_state_machine","serviceRefs":[],"commands":[],"states":[],"bindTo":"/","enableUnifiedSession":false},{"id":"data-grid-component-viewmodel","code":"data-grid-component-viewmodel","name":"商户","fields":[{"type":"Form","id":"0c005673-dadd-4e47-97af-887e0b92e909","fieldName":"id","groupId":null,"groupName":null,"updateOn":"blur"},{"type":"Form","id":"d70bde2a-66bc-42a5-b171-dfeeecf034fc","fieldName":"merchantName","groupId":null,"groupName":null,"updateOn":"blur"},{"type":"Form","id":"b334a325-9300-437a-b9c8-384516a40c08","fieldName":"merchantType","groupId":null,"groupName":null,"updateOn":"change"}],"commands":[{"id":"fda876c8-7230-46e7-af3d-d38233642275","code":"loadList1","name":"加载列表数据","params":[],"handlerName":"loadList","cmpId":"7c48ef46-339c-42d4-8365-a21236c63044","extensions":[],"isInvalid":false},{"id":"22576fc1-08fb-49a9-b132-295c7392b481","code":"remove1","name":"删除当前数据","params":[{"name":"id","shownName":"待删除数据的标识","value":"{DATA~/#{data-grid-component}/id}"}],"handlerName":"remove","cmpId":"7c48ef46-339c-42d4-8365-a21236c63044","extensions":[],"isInvalid":false},{"id":"8788c27e-722a-4b98-9d57-98eafb526fe5","code":"loadCard1","name":"加载卡片数据","params":[],"handlerName":"loadCard","cmpId":"7c48ef46-339c-42d4-8365-a21236c63044","extensions":[],"isInvalid":false},{"id":"ef281c13-4480-4256-901e-4bef5f92bd9e","code":"add1","name":"新增一条数据","params":[],"handlerName":"add","cmpId":"7c48ef46-339c-42d4-8365-a21236c63044","extensions":[],"isInvalid":false},{"id":"e7cf83c2-e52d-4dce-aded-047a819c8068","code":"changePage1","name":"切换页码","params":[{"name":"loadCommandName","shownName":"切换页面后回调方法","value":"loadList1"},{"name":"loadCommandFrameId","shownName":"目标组件","value":"data-grid-component"}],"handlerName":"changePage","cmpId":"7c48ef46-339c-42d4-8365-a21236c63044","extensions":[],"isInvalid":false}],"serviceRefs":[],"states":[],"bindTo":"/","parent":"root-viewmodel","pagination":{"enable":true,"pageSize":20,"pageList":"10,20,30,50,100"},"enableValidation":false},{"id":"detail-form-component-viewmodel","code":"detail-form-component-viewmodel","name":"商户","fields":[{"type":"Form","id":"d70bde2a-66bc-42a5-b171-dfeeecf034fc","fieldName":"merchantName","groupId":null,"groupName":null,"updateOn":"blur"},{"type":"Form","id":"b334a325-9300-437a-b9c8-384516a40c08","fieldName":"merchantType","groupId":null,"groupName":null,"updateOn":"change"},{"type":"Form","id":"e513a78a-bcee-4ae1-ae4f-f9ef886ec09f","fieldName":"email","groupId":null,"groupName":null,"updateOn":"blur"},{"type":"Form","id":"29593720-79a4-4bf0-8bf9-537591a311a0","fieldName":"telephone","groupId":null,"groupName":null,"updateOn":"blur"},{"type":"Form","id":"a1738acb-0d5c-4da7-a312-2506ff025dff","fieldName":"remark","groupId":null,"groupName":null,"updateOn":"blur"}],"commands":[{"id":"d12acc4e-6274-44dc-95e6-cedeb5e66707","code":"edit1","name":"编辑数据","params":[{"name":"id","shownName":"待编辑数据的标识","value":"{DATA~/#{detail-form-component}/id}"},{"name":"transitionAction","shownName":"状态机动作","value":"Edit"}],"handlerName":"edit","cmpId":"7c48ef46-339c-42d4-8365-a21236c63044","extensions":[],"isInvalid":false},{"id":"5707d460-c441-45c4-8fe1-f77abd9f75b1","code":"save1","name":"保存变更","params":[],"handlerName":"save","cmpId":"7c48ef46-339c-42d4-8365-a21236c63044","extensions":[],"isInvalid":false},{"id":"b3897b4b-a37f-48e3-afb3-8489cec02806","code":"cancel1","name":"取消变更","params":[],"handlerName":"cancel","cmpId":"7c48ef46-339c-42d4-8365-a21236c63044","extensions":[],"isInvalid":false}],"serviceRefs":[],"states":[],"bindTo":"/","parent":"root-viewmodel","enableValidation":true}],"components":[{"id":"root-component","type":"Component","componentType":"Frame","viewModel":"root-viewmodel","onInit":"","contents":[{"id":"root-layout","type":"ContentContainer","appearance":{"class":"f-page f-page-navigate f-page-is-grid-card"},"size":null,"contents":[{"id":"page-header","type":"ContentContainer","appearance":{"class":"f-page-header"},"size":null,"contents":[{"id":"header-nav","type":"ContentContainer","appearance":{"class":"f-page-header-base"},"size":null,"contents":[{"id":"header-title-container","type":"ContentContainer","appearance":{"class":"f-title"},"size":null,"contents":[{"id":"page-header-title","type":"HtmlTemplate","html":"<span class=\"f-title-icon f-text-orna-dict\"><i class=\"f-icon f-icon-page-title-dictionary\"></i></span><h4 class=\"f-title-text\">{{'title'|lang:lang:'商户'}}</h4>"}],"visible":true,"isScrollspyContainer":false},{"id":"page-header-toolbar","type":"ToolBar","appearance":{"class":"col-7 f-toolbar"},"size":null,"items":[{"id":"button-add","type":"ToolBarItem","appearance":{"class":"btn-primary"},"disable":"!viewModel.stateMachine['canAdd']","text":"新增","visible":true,"click":"root-viewmodel.data-grid-component-viewmodel.add1","items":[],"usageMode":"button","modalConfig":null},{"id":"button-edit","type":"ToolBarItem","appearance":null,"disable":"!viewModel.stateMachine['canEdit']","text":"编辑","visible":true,"click":"root-viewmodel.detail-form-component-viewmodel.edit1","items":[],"usageMode":"button","modalConfig":null},{"id":"button-save","type":"ToolBarItem","appearance":null,"disable":"!viewModel.stateMachine['canSave']","text":"保存","visible":true,"click":"root-viewmodel.detail-form-component-viewmodel.save1","items":[],"usageMode":"button","modalConfig":null},{"id":"button-cancel","type":"ToolBarItem","appearance":null,"disable":"!viewModel.stateMachine['canCancel']","text":"取消","visible":true,"click":"root-viewmodel.detail-form-component-viewmodel.cancel1","items":[],"usageMode":"button","modalConfig":null},{"id":"button-delete","type":"ToolBarItem","appearance":null,"disable":"!viewModel.stateMachine['canRemove']","text":"删除","visible":true,"click":"root-viewmodel.data-grid-component-viewmodel.remove1","items":[],"usageMode":"button","modalConfig":null}],"visible":true,"buttonSize":"default","popDirection":"default"}],"visible":true,"isScrollspyContainer":false}],"visible":true,"isScrollspyContainer":false},{"id":"main-container","type":"ContentContainer","appearance":{"class":"f-page-main"},"size":null,"contents":[{"id":"content-splitter","type":"Splitter","appearance":{"class":"f-page-content"},"size":null,"contents":[{"id":"content-list","type":"SplitterPane","appearance":{"class":"f-col-w6 f-page-content-nav"},"size":null,"resizable":true,"resizeHandlers":"e","contents":[{"id":"data-grid-component-ref","type":"ComponentRef","component":"data-grid-component","visible":true}],"visible":true},{"id":"content-main","type":"SplitterPane","appearance":{"class":"f-page-content-main"},"size":null,"contents":[{"id":"detail-component-ref","type":"ComponentRef","component":"detail-form-component","visible":true}],"visible":true,"resizable":false,"resizeHandlers":""}],"visible":true,"orientation":"horizontal"}],"visible":true,"isScrollspyContainer":false}],"visible":true,"isScrollspyContainer":false}],"appearance":null,"visible":true,"afterViewInit":null},{"id":"data-grid-component","type":"Component","componentType":"dataGrid","viewModel":"data-grid-component-viewmodel","appearance":{"class":"f-struct-wrapper  f-utils-fill-flex-column"},"onInit":"loadList1","contents":[{"id":"data-grid-section","type":"Section","appearance":{"class":"f-section-grid f-section-in-nav"},"size":null,"visible":true,"mainTitle":"","subTitle":"","headerClass":"","titleClass":"","extendedHeaderAreaClass":"","toolbarClass":"","extendedAreaClass":"","contentTemplateClass":"","fill":false,"expanded":true,"enableMaximize":true,"enableAccordion":true,"accordionMode":"default","showHeader":false,"headerTemplate":"","titleTemplate":"","extendedHeaderAreaTemplate":"","toolbarTemplate":"","extendedAreaTemplate":"","contents":[{"id":"dataGrid","type":"DataGrid","controlSource":"Farris","appearance":{"class":"f-component-grid"},"size":null,"dataSource":"merchants","fields":[{"id":"id_0c005673_8bk3","type":"GridField","controlSource":"Farris","caption":"主键","captionTemplate":null,"dataField":"id","dataType":"string","binding":{"type":"Form","path":"id","field":"0c005673-dadd-4e47-97af-887e0b92e909","fullPath":"ID"},"enumData":null,"appearance":null,"size":{"width":120},"displayTemplate":null,"editor":null,"draggable":false,"frozen":"none","sortable":true,"sortOrder":null,"resizeable":true,"aggregate":{"type":"none","formatter":{"type":"none"}},"groupAggregate":{"type":"none","formatter":{"type":"none"}},"styler":"","colTemplate":"","linkedLabelEnabled":false,"linkedLabelClick":null,"textAlign":"left","hAlign":"left","vAlign":"middle","formatter":{"type":"none"},"showTips":false,"tipContent":null,"multiLanguage":false,"enableFilter":false,"headerStyler":"","localization":false,"idField":"value","textField":"name","readonly":false,"visible":true,"allowGrouping":true,"tipMode":"auto","captionTipContent":"","captionTipStyler":"","localizationType":"Date"},{"id":"merchantName_d70bde2a_3lsy","type":"GridField","controlSource":"Farris","caption":"商户名称","captionTemplate":null,"dataField":"merchantName","dataType":"string","binding":{"type":"Form","path":"merchantName","field":"d70bde2a-66bc-42a5-b171-dfeeecf034fc","fullPath":"MerchantName"},"enumData":null,"appearance":null,"size":{"width":120},"displayTemplate":null,"editor":null,"draggable":false,"frozen":"none","sortable":true,"sortOrder":null,"resizeable":true,"aggregate":{"type":"none","formatter":{"type":"none"}},"groupAggregate":{"type":"none","formatter":{"type":"none"}},"styler":"","colTemplate":"","linkedLabelEnabled":false,"linkedLabelClick":null,"textAlign":"left","hAlign":"left","vAlign":"middle","formatter":{"type":"none"},"showTips":false,"tipContent":null,"multiLanguage":false,"enableFilter":false,"headerStyler":"","localization":false,"idField":"value","textField":"name","readonly":false,"visible":true,"allowGrouping":true,"tipMode":"auto","captionTipContent":"","captionTipStyler":"","localizationType":"Date"},{"id":"merchantType_b334a325_5azc","type":"GridField","controlSource":"Farris","caption":"商户类型","captionTemplate":null,"dataField":"merchantType","dataType":"enum","binding":{"type":"Form","path":"merchantType","field":"b334a325-9300-437a-b9c8-384516a40c08","fullPath":"MerchantType"},"enumData":[{"name":"个人","value":"individual"},{"name":"企业","value":"enterprise"}],"appearance":null,"size":{"width":120},"displayTemplate":null,"editor":null,"draggable":false,"frozen":"none","sortable":true,"sortOrder":null,"resizeable":true,"aggregate":{"type":"none","formatter":{"type":"none"}},"groupAggregate":{"type":"none","formatter":{"type":"none"}},"styler":"","colTemplate":"","linkedLabelEnabled":false,"linkedLabelClick":null,"textAlign":"left","hAlign":"left","vAlign":"middle","formatter":{"type":"none"},"showTips":false,"tipContent":null,"multiLanguage":false,"enableFilter":false,"headerStyler":"","localization":false,"idField":"value","textField":"name","readonly":false,"visible":true,"allowGrouping":true,"tipMode":"auto","captionTipContent":"","captionTipStyler":""}],"focusedItem":null,"focusedIndex":null,"identifyField":null,"multiSelect":false,"selectable":null,"showCheckbox":false,"showAllCheckbox":false,"checkOnSelect":false,"selectOnCheck":false,"itemTemplate":null,"toolBar":null,"summary":null,"groupable":false,"group":null,"showGroupColumn":true,"groupFormatter":null,"groupStyler":null,"groupFooter":false,"onSelectionChange":"loadCard1","fieldEditable":false,"appendRow":null,"disable":"viewModel.stateMachine['editable']","pageChange":"changePage1","pageSizeChanged":"changePage1","fitColumns":false,"autoFitColumns":false,"styler":"","multiSort":false,"showBorder":false,"striped":true,"showLineNumber":false,"disableRow":null,"beforeSelect":null,"beforeUnSelect":null,"beforeCheck":null,"beforeUnCheck":null,"dblClickRow":null,"showFooter":false,"footerTemplate":"","footerDataFrom":"client","footerDataCommand":null,"enableFilterRow":false,"remoteFilter":false,"showFilterBar":false,"useControlPanel":false,"autoHeight":false,"showSelectedList":false,"selectedItemFormatter":null,"lineNumberWidth":36,"enableMorePageSelect":false,"pagination":true,"lockPagination":"viewModel.stateMachine&&viewModel.stateMachine['editable']","showPageSize":false,"editable":null,"fixedColumns":[],"enableCommandColumn":false,"onEditClicked":"","onDeleteClicked":"","commandColumnWidth":120,"showCommandColumn":true,"checkedChange":null,"footerHeight":29,"filterType":"none","enableSmartFilter":false,"lineNumberTitle":"","rowClick":null,"headerWrap":false,"emptyTemplate":null,"emptyDataHeight":36,"maxHeight":300,"rowHeight":30,"enableHighlightCell":false,"enableEditCellStyle":false,"showRowGroupPanel":false,"enableDragColumn":false,"groupSummaryPosition":"groupFooterRow","clearSelectionsWhenDataIsEmpty":true,"keepSelect":true,"enableEditByCard":"none","visible":true,"showGotoInput":false,"scrollBarShowMode":"auto","showScrollArrow":false,"footerPosition":"bottom","footerStyler":null,"selectOnEditing":false,"selectionMode":"default","enableContextMenu":false,"disableGroupOnEditing":true,"enableSimpleMode":false,"enableScheme":false,"beforeEdit":null,"nowrap":true,"mergeCell":false,"remoteSort":false,"columnSorted":null,"enableHeaderGroup":false,"headerGroup":null,"AutoColumnWidthUseDblclick":true,"virtualized":false,"virtualizedAsyncLoad":false,"scrollYLoad":null,"pagerContentTemplate":null,"expandGroupRows":true,"useBlankWhenDataIsEmpty":false}],"isScrollSpyItem":false,"toolbar":{"type":"SectionToolbar","position":"inHead","contents":[]}}],"visible":true,"afterViewInit":null},{"id":"detail-form-component","type":"Component","componentType":"form-col-1","viewModel":"detail-form-component-viewmodel","onInit":"","appearance":{"class":"f-struct-wrapper"},"contents":[{"id":"detail-form-section","type":"Section","appearance":{"class":"f-section-form f-section-in-main"},"visible":true,"mainTitle":"基本信息","subTitle":"","headerClass":"","titleClass":"","extendedHeaderAreaClass":"","toolbarClass":"","extendedAreaClass":"","contentTemplateClass":"","fill":false,"expanded":true,"enableMaximize":false,"enableAccordion":false,"accordionMode":"default","showHeader":true,"headerTemplate":"","titleTemplate":"","extendedHeaderAreaTemplate":"","toolbarTemplate":"","extendedAreaTemplate":"","contents":[{"id":"detail-form-layout","type":"Form","appearance":{"class":"f-form-layout farris-form farris-form-controls-inline"},"size":null,"contents":[{"id":"merchantName_d70bde2a_sbmo","type":"TextBox","titleSourceType":"static","title":"商户名称","appearance":{"class":"col-12"},"size":null,"binding":{"type":"Form","path":"merchantName","field":"d70bde2a-66bc-42a5-b171-dfeeecf034fc","fullPath":"MerchantName"},"readonly":"!viewModel.stateMachine['editable']","require":false,"disable":false,"placeHolder":"","format":null,"validation":null,"value":null,"maxLength":36,"linkedLabelEnabled":false,"linkedLabelClick":null,"visible":true,"holdPlace":false,"isTextArea":true,"isPassword":false,"tabindex":-1,"hasDefaultFocus":false,"focusState":null,"titleWidth":null,"enableTips":true,"path":"merchantName","enableAppend":false,"inputAppendType":"button","inputAppendDisabled":false,"formatValidation":{"type":"none","expression":"","message":""},"autoHeight":false,"maxHeight":500},{"id":"merchantType_b334a325_qyf8","type":"EnumField","titleSourceType":"static","title":"商户类型","controlSource":"Farris","appearance":{"class":"col-12"},"size":null,"binding":{"type":"Form","path":"merchantType","field":"b334a325-9300-437a-b9c8-384516a40c08","fullPath":"MerchantType"},"placeHolder":"","readonly":"!viewModel.stateMachine['editable']","require":false,"disable":false,"enumData":[{"name":"个人","value":"individual"},{"name":"企业","value":"enterprise"}],"holdPlace":false,"isTextArea":true,"linkedLabelEnabled":false,"linkedLabelClick":null,"visible":true,"tabindex":-1,"hasDefaultFocus":false,"focusState":null,"titleWidth":null,"idField":"value","textField":"name","multiSelect":false,"uri":"","autoWidth":true,"enableClear":false,"onClear":null,"valueChanged":null,"onShown":null,"onHidden":null,"editable":false,"enableCancelSelected":false,"beforeShow":null,"beforeHide":null,"dataSourceType":"static","path":"merchantType","viewType":"text","noSearch":false,"maxSearchLength":null,"enableAppend":false,"inputAppendType":"button","inputAppendDisabled":false,"autoHeight":false,"maxHeight":500},{"id":"email_e513a78a_8xvs","type":"TextBox","titleSourceType":"static","title":"邮箱","appearance":{"class":"col-12"},"size":null,"binding":{"type":"Form","path":"email","field":"e513a78a-bcee-4ae1-ae4f-f9ef886ec09f","fullPath":"Email"},"readonly":"!viewModel.stateMachine['editable']","require":false,"disable":false,"placeHolder":"","format":null,"validation":null,"value":null,"maxLength":36,"linkedLabelEnabled":false,"linkedLabelClick":null,"visible":true,"holdPlace":false,"isTextArea":true,"isPassword":false,"tabindex":-1,"hasDefaultFocus":false,"focusState":null,"titleWidth":null,"enableTips":true,"path":"email","enableAppend":false,"inputAppendType":"button","inputAppendDisabled":false,"formatValidation":{"type":"none","expression":"","message":""},"autoHeight":false,"maxHeight":500},{"id":"telephone_29593720_eld4","type":"TextBox","titleSourceType":"static","title":"联系电话","appearance":{"class":"col-12"},"size":null,"binding":{"type":"Form","path":"telephone","field":"29593720-79a4-4bf0-8bf9-537591a311a0","fullPath":"Telephone"},"readonly":"!viewModel.stateMachine['editable']","require":false,"disable":false,"placeHolder":"","format":null,"validation":null,"value":null,"maxLength":20,"linkedLabelEnabled":false,"linkedLabelClick":null,"visible":true,"holdPlace":false,"isTextArea":true,"isPassword":false,"tabindex":-1,"hasDefaultFocus":false,"focusState":null,"titleWidth":null,"enableTips":true,"path":"telephone","enableAppend":false,"inputAppendType":"button","inputAppendDisabled":false,"formatValidation":{"type":"none","expression":"","message":""},"autoHeight":false,"maxHeight":500},{"id":"remark_a1738acb_mcf6","type":"TextBox","titleSourceType":"static","title":"备注","appearance":{"class":"col-12"},"size":null,"binding":{"type":"Form","path":"remark","field":"a1738acb-0d5c-4da7-a312-2506ff025dff","fullPath":"Remark"},"readonly":"!viewModel.stateMachine['editable']","require":false,"disable":false,"placeHolder":"","format":null,"validation":null,"value":null,"maxLength":100,"linkedLabelEnabled":false,"linkedLabelClick":null,"visible":true,"holdPlace":false,"isTextArea":true,"isPassword":false,"tabindex":-1,"hasDefaultFocus":false,"focusState":null,"titleWidth":null,"enableTips":true,"path":"remark","enableAppend":false,"inputAppendType":"button","inputAppendDisabled":false,"formatValidation":{"type":"none","expression":"","message":""},"autoHeight":false,"maxHeight":500}],"controlsInline":true,"formAutoIntl":true,"visible":true,"labelAutoOverflow":false}],"isScrollSpyItem":false,"toolbar":{"type":"SectionToolbar","position":"inHead","contents":[]}}],"visible":true,"afterViewInit":null}],"webcmds":[{"id":"7c48ef46-339c-42d4-8365-a21236c63044","path":"/projects/packages/Inspur.GS.Gsp.Web.WebCmp/webcmd","name":"ListCardController.webcmd","refedHandlers":[{"host":"fda876c8-7230-46e7-af3d-d38233642275","handler":"loadList"},{"host":"8788c27e-722a-4b98-9d57-98eafb526fe5","handler":"loadCard"},{"host":"ef281c13-4480-4256-901e-4bef5f92bd9e","handler":"add"},{"host":"d12acc4e-6274-44dc-95e6-cedeb5e66707","handler":"edit"},{"host":"5707d460-c441-45c4-8fe1-f77abd9f75b1","handler":"save"},{"host":"b3897b4b-a37f-48e3-afb3-8489cec02806","handler":"cancel"},{"host":"22576fc1-08fb-49a9-b132-295c7392b481","handler":"remove"},{"host":"e7cf83c2-e52d-4dce-aded-047a819c8068","handler":"changePage"}],"code":"ListCardController","nameSpace":"Inspur.GS.Gsp.Web.WebCmp"}],"serviceRefs":[],"projectName":"bo-merchant-front","showType":"page","toolbar":{"items":{},"configs":{}},"declarations":{"events":[],"commands":[],"states":[]},"subscriptions":[],"extraImports":[],"expressions":[],"metadataId":"6f3041b6-8f6e-494c-acf2-65943f7f54aa","actions":[{"sourceComponent":{"id":"button-add","viewModelId":"data-grid-component-viewmodel","map":[{"event":{"label":"click","name":"点击事件"},"targetComponent":{"id":"data-grid-component","viewModelId":"data-grid-component-viewmodel"},"command":{"id":"ef281c13-4480-4256-901e-4bef5f92bd9e","label":"add1","name":"新增一条数据","handlerName":"add","params":[],"cmpId":"7c48ef46-339c-42d4-8365-a21236c63044","isNewGenerated":false,"isInvalid":false},"controller":{"id":"7c48ef46-339c-42d4-8365-a21236c63044","label":"ListCardController","name":"列卡控制器"}}]}},{"sourceComponent":{"id":"button-edit","viewModelId":"detail-form-component-viewmodel","map":[{"event":{"label":"click","name":"点击事件"},"targetComponent":{"id":"detail-form-component","viewModelId":"detail-form-component-viewmodel"},"command":{"id":"d12acc4e-6274-44dc-95e6-cedeb5e66707","label":"edit1","name":"编辑数据","handlerName":"edit","params":[{"name":"id","shownName":"待编辑数据的标识","value":"{DATA~/#{detail-form-component}/id}"},{"name":"transitionAction","shownName":"状态机动作","value":"Edit"}],"cmpId":"7c48ef46-339c-42d4-8365-a21236c63044","isNewGenerated":false,"isInvalid":false},"controller":{"id":"7c48ef46-339c-42d4-8365-a21236c63044","label":"ListCardController","name":"列卡控制器"}}]}},{"sourceComponent":{"id":"button-save","viewModelId":"detail-form-component-viewmodel","map":[{"event":{"label":"click","name":"点击事件"},"targetComponent":{"id":"detail-form-component","viewModelId":"detail-form-component-viewmodel"},"command":{"id":"5707d460-c441-45c4-8fe1-f77abd9f75b1","label":"save1","name":"保存变更","handlerName":"save","params":[],"cmpId":"7c48ef46-339c-42d4-8365-a21236c63044","isNewGenerated":false,"isInvalid":false},"controller":{"id":"7c48ef46-339c-42d4-8365-a21236c63044","label":"ListCardController","name":"列卡控制器"}}]}},{"sourceComponent":{"id":"button-cancel","viewModelId":"detail-form-component-viewmodel","map":[{"event":{"label":"click","name":"点击事件"},"targetComponent":{"id":"detail-form-component","viewModelId":"detail-form-component-viewmodel"},"command":{"id":"b3897b4b-a37f-48e3-afb3-8489cec02806","label":"cancel1","name":"取消变更","handlerName":"cancel","params":[],"cmpId":"7c48ef46-339c-42d4-8365-a21236c63044","isNewGenerated":false,"isInvalid":false},"controller":{"id":"7c48ef46-339c-42d4-8365-a21236c63044","label":"ListCardController","name":"列卡控制器"}}]}},{"sourceComponent":{"id":"button-delete","viewModelId":"data-grid-component-viewmodel","map":[{"event":{"label":"click","name":"点击事件"},"targetComponent":{"id":"data-grid-component","viewModelId":"data-grid-component-viewmodel"},"command":{"id":"22576fc1-08fb-49a9-b132-295c7392b481","label":"remove1","name":"删除当前数据","handlerName":"remove","params":[{"name":"id","shownName":"待删除数据的标识","value":"{DATA~/#{data-grid-component}/id}"}],"cmpId":"7c48ef46-339c-42d4-8365-a21236c63044","isNewGenerated":false,"isInvalid":false},"controller":{"id":"7c48ef46-339c-42d4-8365-a21236c63044","label":"ListCardController","name":"列卡控制器"}}]}},{"sourceComponent":{"id":"dataGrid","viewModelId":"data-grid-component-viewmodel","map":[{"event":{"label":"onSelectionChange","name":"行切换事件"},"targetComponent":{"id":"data-grid-component","viewModelId":"data-grid-component-viewmodel"},"command":{"id":"8788c27e-722a-4b98-9d57-98eafb526fe5","label":"loadCard1","name":"加载卡片数据","handlerName":"loadCard","params":[],"cmpId":"7c48ef46-339c-42d4-8365-a21236c63044","isNewGenerated":false,"isInvalid":false},"controller":{"id":"7c48ef46-339c-42d4-8365-a21236c63044","label":"ListCardController","name":"列卡控制器"}},{"event":{"label":"pageChange","name":"切换页码事件"},"targetComponent":{"id":"data-grid-component","viewModelId":"data-grid-component-viewmodel"},"command":{"id":"e7cf83c2-e52d-4dce-aded-047a819c8068","label":"changePage1","name":"切换页码","handlerName":"changePage","params":[{"name":"loadCommandName","shownName":"切换页面后回调方法","value":"loadList1"},{"name":"loadCommandFrameId","shownName":"目标组件","value":"data-grid-component"}],"cmpId":"7c48ef46-339c-42d4-8365-a21236c63044","isNewGenerated":false,"isInvalid":false},"controller":{"id":"7c48ef46-339c-42d4-8365-a21236c63044","label":"ListCardController","name":"列卡控制器"}},{"event":{"label":"pageSizeChanged","name":"分页条数变化事件"},"targetComponent":{"id":"data-grid-component","viewModelId":"data-grid-component-viewmodel"},"command":{"id":"e7cf83c2-e52d-4dce-aded-047a819c8068","label":"changePage1","name":"切换页码","handlerName":"changePage","params":[{"name":"loadCommandName","shownName":"切换页面后回调方法","value":"loadList1"},{"name":"loadCommandFrameId","shownName":"目标组件","value":"data-grid-component"}],"cmpId":"7c48ef46-339c-42d4-8365-a21236c63044","isNewGenerated":false,"isInvalid":false},"controller":{"id":"7c48ef46-339c-42d4-8365-a21236c63044","label":"ListCardController","name":"列卡控制器"}}]}},{"sourceComponent":{"id":"data-grid-component","viewModelId":"data-grid-component-viewmodel","map":[{"event":{"label":"onInit","name":"初始化事件"},"targetComponent":{"id":"data-grid-component","viewModelId":"data-grid-component-viewmodel"},"command":{"id":"fda876c8-7230-46e7-af3d-d38233642275","label":"loadList1","name":"加载列表数据","handlerName":"loadList","params":[],"cmpId":"7c48ef46-339c-42d4-8365-a21236c63044","isNewGenerated":false,"isInvalid":false},"controller":{"id":"7c48ef46-339c-42d4-8365-a21236c63044","label":"ListCardController","name":"列卡控制器"}}]}}]},"options":{"enableTextArea":true,"renderMode":"compile","enableDeleteSourceCode":true,"changeSetPolicy":"valid","enableServerSideChangeDetection":false}}