[{"Code":"Merchat_frm","Name":"商户_frm","Id":"24d0ff39-746a-4b96-a578-758194770ba0","Version":"1.0","Description":"商户_frm服务","BizObject":"f8f7bbf8-b84e-fbc9-9cf8-b9945a03a13d","CriticalApplication":"apporder","ServiceUnit":"df","RouteUrl":"merchat_frm","Service":{"Id":"831d8c53-48fe-4d0f-988c-2896f94ec9ba","ResourceId":"45e83f36-23ed-4136-aa29-b6cbd3cda404","ResourceType":"VO","ResourceCode":"com.inspur.gs.apporder.df.merchant.merchant.front.vo.Merchat_frm","ResourceName":"商户_frm","ResourceNameSpace":"Inspur.GS.AppOrder.DF.Merchant.Merchant.Front","ResourcePath":null,"ResourceFileName":null,"Operations":[{"Id":"45e83f36-23ed-4136-aa29-b6cbd3cda404&^^&CreateSession","Code":"CreateSession","Name":"创建业务上下文","Description":"在调用该服务其他操作前，应该首先调用该操作创建业务上下文。在业务上下文存在期间，所有通过该服务修改的数据均被锁定，其他业务上下文无法修改。","HttpMethod":"POST","Template":"service/createsession","Parameters":[{"Id":"45e83f36-23ed-4136-aa29-b6cbd3cda404&^^&CreateSessionParam","Code":"sessionId","Name":"sessionId","Description":"功能sessionId","ModelId":"string","ModelCode":null,"ModelName":"string","RefId":null,"RefCode":null,"RefName":null,"RefPath":null,"RefFileName":null,"ModelType":0,"In":"","IsRequired":true,"ListDeepth":0,"isCollection":false,"isRetVal":true,"isBasicType":true}],"ResourceOpId":"45e83f36-23ed-4136-aa29-b6cbd3cda404&^^&CreateSession","Transaction":false,"AssemblyInfo":null,"Extend1":"Basic","Extend2":null,"isDeprecated":false},{"Id":"45e83f36-23ed-4136-aa29-b6cbd3cda404&^^&CloseSession","Code":"CloseSession","Name":"关闭业务上下文","Description":"在调用该服务的其他操作完成业务功能后，应该调用该操作关闭业务上下文，否则该业务上下文内修改的数据将保持锁定状态，无法被其他用户修改。","HttpMethod":"POST","Template":"service/closesession","Parameters":null,"ResourceOpId":"45e83f36-23ed-4136-aa29-b6cbd3cda404&^^&CloseSession","Transaction":false,"AssemblyInfo":null,"Extend1":"Basic","Extend2":null,"isDeprecated":false},{"Id":"45e83f36-23ed-4136-aa29-b6cbd3cda404&^^&Create","Code":"Create","Name":"新增商户","Description":"新增商户，可指定字段初始值。","HttpMethod":"POST","Template":"","Parameters":[{"Id":"45e83f36-23ed-4136-aa29-b6cbd3cda404&^^&RequestInfo","Code":"requestInfo","Name":"请求信息","Description":"请求信息","ModelId":"45e83f36-23ed-4136-aa29-b6cbd3cda404&^^&RequestInfo","ModelCode":"RequestInfo","ModelName":"RequestInfo","RefId":"45e83f36-23ed-4136-aa29-b6cbd3cda404&^^&RequestInfo","RefCode":"RequestInfo","RefName":"RequestInfo","RefPath":null,"RefFileName":null,"ModelType":1,"In":"Body","IsRequired":false,"ListDeepth":0,"isCollection":false,"isRetVal":false,"isBasicType":false},{"Id":"45e83f36-23ed-4136-aa29-b6cbd3cda404&^^&defaultValue","Code":"defaultValue","Name":"默认值","Description":"默认值","ModelId":"45e83f36-23ed-4136-aa29-b6cbd3cda404&^^&DefaultValue","ModelCode":"DefaultValue","ModelName":"DefaultValue","RefId":"45e83f36-23ed-4136-aa29-b6cbd3cda404&^^&DefaultValue","RefCode":"DefaultValue","RefName":"DefaultValue","RefPath":null,"RefFileName":null,"ModelType":1,"In":"Body","IsRequired":false,"ListDeepth":0,"isCollection":false,"isRetVal":false,"isBasicType":false},{"Id":"45e83f36-23ed-4136-aa29-b6cbd3cda404&^^&ResponseInfo","Code":"responseInfo","Name":"响应信息","Description":"响应信息","ModelId":"45e83f36-23ed-4136-aa29-b6cbd3cda404&^^&ResponseInfo","ModelCode":"ResponseInfo","ModelName":"ResponseInfo","RefId":"45e83f36-23ed-4136-aa29-b6cbd3cda404&^^&ResponseInfo","RefCode":"ResponseInfo","RefName":"ResponseInfo","RefPath":null,"RefFileName":null,"ModelType":1,"In":"","IsRequired":true,"ListDeepth":0,"isCollection":false,"isRetVal":true,"isBasicType":false}],"ResourceOpId":"45e83f36-23ed-4136-aa29-b6cbd3cda404&^^&Create","Transaction":false,"AssemblyInfo":null,"Extend1":"Basic","Extend2":null,"isDeprecated":false},{"Id":"45e83f36-23ed-4136-aa29-b6cbd3cda404&^^&BatchCreate","Code":"BatchCreate","Name":"批量新增商户","Description":"批量新增商户，可指定字段初始值。","HttpMethod":"POST","Template":"/batch","Parameters":[{"Id":"45e83f36-23ed-4136-aa29-b6cbd3cda404&^^&RequestInfo","Code":"requestInfo","Name":"请求信息","Description":"请求信息","ModelId":"45e83f36-23ed-4136-aa29-b6cbd3cda404&^^&RequestInfo","ModelCode":"RequestInfo","ModelName":"RequestInfo","RefId":"45e83f36-23ed-4136-aa29-b6cbd3cda404&^^&RequestInfo","RefCode":"RequestInfo","RefName":"RequestInfo","RefPath":null,"RefFileName":null,"ModelType":1,"In":"Body","IsRequired":true,"ListDeepth":0,"isCollection":false,"isRetVal":false,"isBasicType":false},{"Id":"45e83f36-23ed-4136-aa29-b6cbd3cda404&^^&retrieveDefaultParam","Code":"retrieveDefaultParam","Name":"默认值","Description":"默认值","ModelId":"45e83f36-23ed-4136-aa29-b6cbd3cda404&^^&RetrieveDefaultParam","ModelCode":"RetrieveDefaultParam","ModelName":"RetrieveDefaultParam","RefId":"45e83f36-23ed-4136-aa29-b6cbd3cda404&^^&RetrieveDefaultParam","RefCode":"RetrieveDefaultParam","RefName":"RetrieveDefaultParam","RefPath":null,"RefFileName":null,"ModelType":1,"In":"Body","IsRequired":false,"ListDeepth":0,"isCollection":false,"isRetVal":false,"isBasicType":false},{"Id":"45e83f36-23ed-4136-aa29-b6cbd3cda404&^^&ResponseInfo","Code":"responseInfo","Name":"响应信息","Description":"响应信息","ModelId":"45e83f36-23ed-4136-aa29-b6cbd3cda404&^^&ResponseInfo","ModelCode":"ResponseInfo","ModelName":"ResponseInfo","RefId":"45e83f36-23ed-4136-aa29-b6cbd3cda404&^^&ResponseInfo","RefCode":"ResponseInfo","RefName":"ResponseInfo","RefPath":null,"RefFileName":null,"ModelType":1,"In":"","IsRequired":true,"ListDeepth":0,"isCollection":false,"isRetVal":true,"isBasicType":false}],"ResourceOpId":"45e83f36-23ed-4136-aa29-b6cbd3cda404&^^&BatchCreate","Transaction":false,"AssemblyInfo":null,"Extend1":"Basic","Extend2":null,"isDeprecated":false},{"Id":"45e83f36-23ed-4136-aa29-b6cbd3cda404&^^&Edit","Code":"Edit","Name":"编辑商户","Description":"编辑指定的商户，此操作会锁定相应的商户数据。该操作成功后，其他用户不能修改该数据，直到调用”保存“或”取消“操作。","HttpMethod":"PUT","Template":"/service/edit/{dataId}","Parameters":[{"Id":"45e83f36-23ed-4136-aa29-b6cbd3cda404&^^&RequestInfo","Code":"requestInfo","Name":"请求信息","Description":"请求信息","ModelId":"45e83f36-23ed-4136-aa29-b6cbd3cda404&^^&RequestInfo","ModelCode":"RequestInfo","ModelName":"RequestInfo","RefId":"45e83f36-23ed-4136-aa29-b6cbd3cda404&^^&RequestInfo","RefCode":"RequestInfo","RefName":"RequestInfo","RefPath":null,"RefFileName":null,"ModelType":1,"In":"Body","IsRequired":false,"ListDeepth":0,"isCollection":false,"isRetVal":false,"isBasicType":false},{"Id":"45e83f36-23ed-4136-aa29-b6cbd3cda404&^^&RetrieveParam","Code":"dataId","Name":"单据内码","Description":"单据内码","ModelId":"string","ModelCode":null,"ModelName":"string","RefId":null,"RefCode":null,"RefName":null,"RefPath":null,"RefFileName":null,"ModelType":0,"In":"Path","IsRequired":true,"ListDeepth":0,"isCollection":false,"isRetVal":false,"isBasicType":true},{"Id":"45e83f36-23ed-4136-aa29-b6cbd3cda404&^^&ResponseInfo","Code":"responseInfo","Name":"响应信息","Description":"响应信息","ModelId":"45e83f36-23ed-4136-aa29-b6cbd3cda404&^^&ResponseInfo","ModelCode":"ResponseInfo","ModelName":"ResponseInfo","RefId":"45e83f36-23ed-4136-aa29-b6cbd3cda404&^^&ResponseInfo","RefCode":"ResponseInfo","RefName":"ResponseInfo","RefPath":null,"RefFileName":null,"ModelType":1,"In":"","IsRequired":true,"ListDeepth":0,"isCollection":false,"isRetVal":true,"isBasicType":false}],"ResourceOpId":"45e83f36-23ed-4136-aa29-b6cbd3cda404&^^&Edit","Transaction":false,"AssemblyInfo":null,"Extend1":"Basic","Extend2":null,"isDeprecated":false},{"Id":"45e83f36-23ed-4136-aa29-b6cbd3cda404&^^&Delete","Code":"Delete","Name":"删除商户","Description":"删除指定的商户，该操作仅在当前业务上下文中删除，并不会持久化到数据库。后续需调用”保存“操作进行持久化，如需要立即持久化，请调用”删除商户并保存“操作。","HttpMethod":"DELETE","Template":"/{dataId}","Parameters":[{"Id":"45e83f36-23ed-4136-aa29-b6cbd3cda404&^^&DeleteParam","Code":"dataId","Name":"单据内码","Description":"单据内码","ModelId":"string","ModelCode":null,"ModelName":"string","RefId":null,"RefCode":null,"RefName":null,"RefPath":null,"RefFileName":null,"ModelType":0,"In":"Path","IsRequired":true,"ListDeepth":0,"isCollection":false,"isRetVal":false,"isBasicType":true}],"ResourceOpId":"45e83f36-23ed-4136-aa29-b6cbd3cda404&^^&Delete","Transaction":false,"AssemblyInfo":null,"Extend1":"Basic","Extend2":null,"isDeprecated":false},{"Id":"45e83f36-23ed-4136-aa29-b6cbd3cda404&^^&DeleteAndSave","Code":"DeleteAndSave","Name":"删除商户并保存","Description":"删除指定的商户，并持久化到数据库。","HttpMethod":"PUT","Template":"/service/delete/{dataId}","Parameters":[{"Id":"45e83f36-23ed-4136-aa29-b6cbd3cda404&^^&RequestInfo","Code":"requestInfo","Name":"请求信息","Description":"请求信息","ModelId":"45e83f36-23ed-4136-aa29-b6cbd3cda404&^^&RequestInfo","ModelCode":"RequestInfo","ModelName":"RequestInfo","RefId":"45e83f36-23ed-4136-aa29-b6cbd3cda404&^^&RequestInfo","RefCode":"RequestInfo","RefName":"RequestInfo","RefPath":null,"RefFileName":null,"ModelType":1,"In":"Body","IsRequired":false,"ListDeepth":0,"isCollection":false,"isRetVal":false,"isBasicType":false},{"Id":"45e83f36-23ed-4136-aa29-b6cbd3cda404&^^&DeleteParam","Code":"dataId","Name":"单据内码","Description":"单据内码","ModelId":"string","ModelCode":null,"ModelName":"string","RefId":null,"RefCode":null,"RefName":null,"RefPath":null,"RefFileName":null,"ModelType":0,"In":"Path","IsRequired":true,"ListDeepth":0,"isCollection":false,"isRetVal":false,"isBasicType":true},{"Id":"45e83f36-23ed-4136-aa29-b6cbd3cda404&^^&ResponseInfo","Code":"responseInfo","Name":"响应信息","Description":"响应信息","ModelId":"45e83f36-23ed-4136-aa29-b6cbd3cda404&^^&ResponseInfo","ModelCode":"ResponseInfo","ModelName":"ResponseInfo","RefId":"45e83f36-23ed-4136-aa29-b6cbd3cda404&^^&ResponseInfo","RefCode":"ResponseInfo","RefName":"ResponseInfo","RefPath":null,"RefFileName":null,"ModelType":1,"In":"","IsRequired":true,"ListDeepth":0,"isCollection":false,"isRetVal":true,"isBasicType":false}],"ResourceOpId":"45e83f36-23ed-4136-aa29-b6cbd3cda404&^^&DeleteAndSave","Transaction":false,"AssemblyInfo":null,"Extend1":"Basic","Extend2":null,"isDeprecated":false},{"Id":"45e83f36-23ed-4136-aa29-b6cbd3cda404&^^&BatchDelete","Code":"BatchDelete","Name":"批量删除商户","Description":"批量删除指定的商户，该操作仅在当前业务上下文中删除，并不会持久化到数据库。后续需调用”保存“操作进行持久化，如需要立即持久化，请调用”批量删除商户并保存“操作。","HttpMethod":"DELETE","Template":"","Parameters":[{"Id":"45e83f36-23ed-4136-aa29-b6cbd3cda404&^^&BatchDeleteParam","Code":"ids","Name":"单据内码列表","Description":"单据内码列表","ModelId":"string","ModelCode":null,"ModelName":"string","RefId":null,"RefCode":null,"RefName":null,"RefPath":null,"RefFileName":null,"ModelType":0,"In":"Query","IsRequired":true,"ListDeepth":0,"isCollection":false,"isRetVal":false,"isBasicType":true}],"ResourceOpId":"45e83f36-23ed-4136-aa29-b6cbd3cda404&^^&BatchDelete","Transaction":false,"AssemblyInfo":null,"Extend1":"Basic","Extend2":null,"isDeprecated":true},{"Id":"45e83f36-23ed-4136-aa29-b6cbd3cda404&^^&BatchDeleteAndSave","Code":"BatchDeleteAndSave","Name":"批量删除商户并保存","Description":"批量删除指定的商户，并持久化到数据库。","HttpMethod":"POST","Template":"/batchdeleteandsave","Parameters":[{"Id":"45e83f36-23ed-4136-aa29-b6cbd3cda404&^^&RequestInfo","Code":"requestInfo","Name":"请求信息","Description":"请求信息","ModelId":"45e83f36-23ed-4136-aa29-b6cbd3cda404&^^&RequestInfo","ModelCode":"RequestInfo","ModelName":"RequestInfo","RefId":"45e83f36-23ed-4136-aa29-b6cbd3cda404&^^&RequestInfo","RefCode":"RequestInfo","RefName":"RequestInfo","RefPath":null,"RefFileName":null,"ModelType":1,"In":"Body","IsRequired":false,"ListDeepth":0,"isCollection":false,"isRetVal":false,"isBasicType":false},{"Id":"45e83f36-23ed-4136-aa29-b6cbd3cda404&^^&IdsParam","Code":"ids","Name":"单据内码列表","Description":"批量删除的单据内码列表","ModelId":"string","ModelCode":null,"ModelName":"string","RefId":null,"RefCode":null,"RefName":null,"RefPath":null,"RefFileName":null,"ModelType":0,"In":"Body","IsRequired":true,"ListDeepth":1,"isCollection":true,"isRetVal":false,"isBasicType":true},{"Id":"45e83f36-23ed-4136-aa29-b6cbd3cda404&^^&ResponseInfo","Code":"responseInfo","Name":"响应信息","Description":"响应信息","ModelId":"45e83f36-23ed-4136-aa29-b6cbd3cda404&^^&ResponseInfo","ModelCode":"ResponseInfo","ModelName":"ResponseInfo","RefId":"45e83f36-23ed-4136-aa29-b6cbd3cda404&^^&ResponseInfo","RefCode":"ResponseInfo","RefName":"ResponseInfo","RefPath":null,"RefFileName":null,"ModelType":1,"In":"","IsRequired":true,"ListDeepth":0,"isCollection":false,"isRetVal":true,"isBasicType":false}],"ResourceOpId":"45e83f36-23ed-4136-aa29-b6cbd3cda404&^^&BatchDeleteAndSave","Transaction":false,"AssemblyInfo":null,"Extend1":"Basic","Extend2":null,"isDeprecated":false},{"Id":"45e83f36-23ed-4136-aa29-b6cbd3cda404&^^&Update","Code":"Update","Name":"更新商户","Description":"通过变更集更新商户。","HttpMethod":"PATCH","Template":"","Parameters":[{"Id":"45e83f36-23ed-4136-aa29-b6cbd3cda404&^^&RequestInfo","Code":"requestInfo","Name":"请求信息","Description":"请求信息","ModelId":"45e83f36-23ed-4136-aa29-b6cbd3cda404&^^&RequestInfo","ModelCode":"RequestInfo","ModelName":"RequestInfo","RefId":"45e83f36-23ed-4136-aa29-b6cbd3cda404&^^&RequestInfo","RefCode":"RequestInfo","RefName":"RequestInfo","RefPath":null,"RefFileName":null,"ModelType":1,"In":"Body","IsRequired":false,"ListDeepth":0,"isCollection":false,"isRetVal":false,"isBasicType":false},{"Id":"45e83f36-23ed-4136-aa29-b6cbd3cda404&^^&UpdateParam","Code":"changeDetail","Name":"数据变更集","Description":"数据变更集","ModelId":"45e83f36-23ed-4136-aa29-b6cbd3cda404&^^&ChangeDetail","ModelCode":"ChangeDetail","ModelName":"ChangeDetail","RefId":"45e83f36-23ed-4136-aa29-b6cbd3cda404&^^&ChangeDetail","RefCode":"ChangeDetail","RefName":"ChangeDetail","RefPath":null,"RefFileName":null,"ModelType":1,"In":"Body","IsRequired":true,"ListDeepth":0,"isCollection":false,"isRetVal":false,"isBasicType":false},{"Id":"45e83f36-23ed-4136-aa29-b6cbd3cda404&^^&ResponseInfo","Code":"responseInfo","Name":"响应信息","Description":"响应信息","ModelId":"45e83f36-23ed-4136-aa29-b6cbd3cda404&^^&ResponseInfo","ModelCode":"ResponseInfo","ModelName":"ResponseInfo","RefId":"45e83f36-23ed-4136-aa29-b6cbd3cda404&^^&ResponseInfo","RefCode":"ResponseInfo","RefName":"ResponseInfo","RefPath":null,"RefFileName":null,"ModelType":1,"In":"","IsRequired":true,"ListDeepth":0,"isCollection":false,"isRetVal":true,"isBasicType":false}],"ResourceOpId":"45e83f36-23ed-4136-aa29-b6cbd3cda404&^^&Update","Transaction":false,"AssemblyInfo":null,"Extend1":"Basic","Extend2":null,"isDeprecated":false},{"Id":"45e83f36-23ed-4136-aa29-b6cbd3cda404&^^&Retrieve","Code":"Retrieve","Name":"检索商户","Description":"检索指定的商户，返回结果中包含商户的所有子表数据。","HttpMethod":"GET","Template":"/{dataId}","Parameters":[{"Id":"45e83f36-23ed-4136-aa29-b6cbd3cda404&^^&RetrieveParam","Code":"dataId","Name":"单据内码","Description":"单据内码","ModelId":"string","ModelCode":null,"ModelName":"string","RefId":null,"RefCode":null,"RefName":null,"RefPath":null,"RefFileName":null,"ModelType":0,"In":"Path","IsRequired":true,"ListDeepth":0,"isCollection":false,"isRetVal":false,"isBasicType":true},{"Id":"45e83f36-23ed-4136-aa29-b6cbd3cda404&^^&RetrieveParam1","Code":"Merchant","Name":"商户","Description":"实体模型","ModelId":"45e83f36-23ed-4136-aa29-b6cbd3cda404","ModelCode":"Merchat_frm","ModelName":"商户_frm","RefId":"48a3309d-fa77-4829-9fcb-143821479ebc","RefCode":"Merchant","RefName":"商户","RefPath":null,"RefFileName":null,"ModelType":0,"In":"","IsRequired":true,"ListDeepth":0,"isCollection":false,"isRetVal":true,"isBasicType":false}],"ResourceOpId":"45e83f36-23ed-4136-aa29-b6cbd3cda404&^^&Retrieve","Transaction":false,"AssemblyInfo":null,"Extend1":"Basic","Extend2":null,"isDeprecated":false},{"Id":"45e83f36-23ed-4136-aa29-b6cbd3cda404&^^&RetrieveWithChildPagination","Code":"RetrieveWithChildPagination","Name":"检索商户（支持子表分页）","Description":"检索指定的商户，可对指定子表进行分页。","HttpMethod":"PUT","Template":"/service/retrieve/{dataId}","Parameters":[{"Id":"45e83f36-23ed-4136-aa29-b6cbd3cda404&^^&RequestInfo","Code":"requestInfo","Name":"请求信息","Description":"请求信息","ModelId":"45e83f36-23ed-4136-aa29-b6cbd3cda404&^^&RequestInfo","ModelCode":"RequestInfo","ModelName":"RequestInfo","RefId":"45e83f36-23ed-4136-aa29-b6cbd3cda404&^^&RequestInfo","RefCode":"RequestInfo","RefName":"RequestInfo","RefPath":null,"RefFileName":null,"ModelType":1,"In":"Body","IsRequired":false,"ListDeepth":0,"isCollection":false,"isRetVal":false,"isBasicType":false},{"Id":"45e83f36-23ed-4136-aa29-b6cbd3cda404&^^&dataId","Code":"dataId","Name":"单据内码","Description":"单据内码","ModelId":"string","ModelCode":null,"ModelName":"string","RefId":null,"RefCode":null,"RefName":null,"RefPath":null,"RefFileName":null,"ModelType":0,"In":"Path","IsRequired":true,"ListDeepth":0,"isCollection":false,"isRetVal":false,"isBasicType":true},{"Id":"45e83f36-23ed-4136-aa29-b6cbd3cda404&^^&retrieveParam","Code":"retrieveParam","Name":"查询参数","Description":"查询参数","ModelId":"45e83f36-23ed-4136-aa29-b6cbd3cda404&^^&RetrieveParam","ModelCode":"RetrieveParam","ModelName":"RetrieveParam","RefId":"45e83f36-23ed-4136-aa29-b6cbd3cda404&^^&RetrieveParam","RefCode":"RetrieveParam","RefName":"RetrieveParam","RefPath":null,"RefFileName":null,"ModelType":1,"In":"Body","IsRequired":true,"ListDeepth":0,"isCollection":false,"isRetVal":false,"isBasicType":false},{"Id":"45e83f36-23ed-4136-aa29-b6cbd3cda404&^^&ResponseInfo","Code":"responseInfo","Name":"响应信息","Description":"响应信息","ModelId":"45e83f36-23ed-4136-aa29-b6cbd3cda404&^^&ResponseInfo","ModelCode":"ResponseInfo","ModelName":"ResponseInfo","RefId":"45e83f36-23ed-4136-aa29-b6cbd3cda404&^^&ResponseInfo","RefCode":"ResponseInfo","RefName":"ResponseInfo","RefPath":null,"RefFileName":null,"ModelType":1,"In":"","IsRequired":true,"ListDeepth":0,"isCollection":false,"isRetVal":true,"isBasicType":false}],"ResourceOpId":"45e83f36-23ed-4136-aa29-b6cbd3cda404&^^&RetrieveWithChildPagination","Transaction":false,"AssemblyInfo":null,"Extend1":"Basic","Extend2":null,"isDeprecated":false},{"Id":"45e83f36-23ed-4136-aa29-b6cbd3cda404&^^&QueryChild","Code":"QueryChild","Name":"查询商户特定子表的数据","Description":"查询指定的商户下特定子表的数据。可对指定子表进行过滤、排序、分页。","HttpMethod":"PUT","Template":"/service/querychild","Parameters":[{"Id":"45e83f36-23ed-4136-aa29-b6cbd3cda404&^^&RequestInfo","Code":"requestInfo","Name":"请求信息","Description":"请求信息","ModelId":"45e83f36-23ed-4136-aa29-b6cbd3cda404&^^&RequestInfo","ModelCode":"RequestInfo","ModelName":"RequestInfo","RefId":"45e83f36-23ed-4136-aa29-b6cbd3cda404&^^&RequestInfo","RefCode":"RequestInfo","RefName":"RequestInfo","RefPath":null,"RefFileName":null,"ModelType":1,"In":"Body","IsRequired":false,"ListDeepth":0,"isCollection":false,"isRetVal":false,"isBasicType":false},{"Id":"45e83f36-23ed-4136-aa29-b6cbd3cda404&^^&nodeCodes","Code":"nodeCodes","Name":"节点编号列表","Description":"节点编号列表","ModelId":"string","ModelCode":null,"ModelName":"string","RefId":null,"RefCode":null,"RefName":null,"RefPath":null,"RefFileName":null,"ModelType":0,"In":"Body","IsRequired":true,"ListDeepth":1,"isCollection":true,"isRetVal":false,"isBasicType":true},{"Id":"45e83f36-23ed-4136-aa29-b6cbd3cda404&^^&ids","Code":"ids","Name":"内码列表","Description":"内码列表","ModelId":"string","ModelCode":null,"ModelName":"string","RefId":null,"RefCode":null,"RefName":null,"RefPath":null,"RefFileName":null,"ModelType":0,"In":"Body","IsRequired":true,"ListDeepth":1,"isCollection":true,"isRetVal":false,"isBasicType":true},{"Id":"45e83f36-23ed-4136-aa29-b6cbd3cda404&^^&pagination","Code":"pagination","Name":"分页信息","Description":"分页信息","ModelId":"45e83f36-23ed-4136-aa29-b6cbd3cda404&^^&Pagination","ModelCode":"Pagination","ModelName":"Pagination","RefId":"45e83f36-23ed-4136-aa29-b6cbd3cda404&^^&Pagination","RefCode":"Pagination","RefName":"Pagination","RefPath":null,"RefFileName":null,"ModelType":1,"In":"Body","IsRequired":true,"ListDeepth":0,"isCollection":false,"isRetVal":false,"isBasicType":false},{"Id":"45e83f36-23ed-4136-aa29-b6cbd3cda404&^^&ResponseInfo","Code":"responseInfo","Name":"响应信息","Description":"响应信息","ModelId":"45e83f36-23ed-4136-aa29-b6cbd3cda404&^^&ResponseInfo","ModelCode":"ResponseInfo","ModelName":"ResponseInfo","RefId":"45e83f36-23ed-4136-aa29-b6cbd3cda404&^^&ResponseInfo","RefCode":"ResponseInfo","RefName":"ResponseInfo","RefPath":null,"RefFileName":null,"ModelType":1,"In":"","IsRequired":true,"ListDeepth":0,"isCollection":false,"isRetVal":true,"isBasicType":false}],"ResourceOpId":"45e83f36-23ed-4136-aa29-b6cbd3cda404&^^&QueryChild","Transaction":false,"AssemblyInfo":null,"Extend1":"Basic","Extend2":null,"isDeprecated":false},{"Id":"45e83f36-23ed-4136-aa29-b6cbd3cda404&^^&Query","Code":"Query","Name":"查询商户","Description":"查询商户，可指定查询过滤条件、排序字段、设置分页。","HttpMethod":"GET","Template":"","Parameters":[{"Id":"45e83f36-23ed-4136-aa29-b6cbd3cda404&^^&EntityFilterParam","Code":"entityFilter","Name":"过滤条件","Description":"过滤条件","ModelId":"string","ModelCode":null,"ModelName":"string","RefId":null,"RefCode":null,"RefName":null,"RefPath":null,"RefFileName":null,"ModelType":0,"In":"Query","IsRequired":true,"ListDeepth":0,"isCollection":false,"isRetVal":false,"isBasicType":true},{"Id":"45e83f36-23ed-4136-aa29-b6cbd3cda404&^^&QueryParam","Code":"Merchant","Name":"商户","Description":"实体模型","ModelId":"45e83f36-23ed-4136-aa29-b6cbd3cda404","ModelCode":"Merchat_frm","ModelName":"商户_frm","RefId":"48a3309d-fa77-4829-9fcb-143821479ebc","RefCode":"Merchant","RefName":"商户","RefPath":null,"RefFileName":null,"ModelType":0,"In":"","IsRequired":true,"ListDeepth":1,"isCollection":true,"isRetVal":true,"isBasicType":false}],"ResourceOpId":"45e83f36-23ed-4136-aa29-b6cbd3cda404&^^&Query","Transaction":false,"AssemblyInfo":null,"Extend1":"Basic","Extend2":null,"isDeprecated":true},{"Id":"45e83f36-23ed-4136-aa29-b6cbd3cda404&^^&Save","Code":"Save","Name":"保存","Description":"将当前业务上下文内所有修改的数据持久化到数据库。","HttpMethod":"PUT","Template":"","Parameters":[{"Id":"45e83f36-23ed-4136-aa29-b6cbd3cda404&^^&RequestInfo","Code":"requestInfo","Name":"请求信息","Description":"请求信息","ModelId":"45e83f36-23ed-4136-aa29-b6cbd3cda404&^^&RequestInfo","ModelCode":"RequestInfo","ModelName":"RequestInfo","RefId":"45e83f36-23ed-4136-aa29-b6cbd3cda404&^^&RequestInfo","RefCode":"RequestInfo","RefName":"RequestInfo","RefPath":null,"RefFileName":null,"ModelType":1,"In":"Body","IsRequired":false,"ListDeepth":0,"isCollection":false,"isRetVal":false,"isBasicType":false},{"Id":"45e83f36-23ed-4136-aa29-b6cbd3cda404&^^&ResponseInfo","Code":"responseInfo","Name":"响应信息","Description":"响应信息","ModelId":"45e83f36-23ed-4136-aa29-b6cbd3cda404&^^&ResponseInfo","ModelCode":"ResponseInfo","ModelName":"ResponseInfo","RefId":"45e83f36-23ed-4136-aa29-b6cbd3cda404&^^&ResponseInfo","RefCode":"ResponseInfo","RefName":"ResponseInfo","RefPath":null,"RefFileName":null,"ModelType":1,"In":"","IsRequired":true,"ListDeepth":0,"isCollection":false,"isRetVal":true,"isBasicType":false}],"ResourceOpId":"45e83f36-23ed-4136-aa29-b6cbd3cda404&^^&Save","Transaction":false,"AssemblyInfo":null,"Extend1":"Basic","Extend2":null,"isDeprecated":false},{"Id":"45e83f36-23ed-4136-aa29-b6cbd3cda404&^^&Cancel","Code":"Cancel","Name":"取消","Description":"取消所有数据的修改，此操作会将修改过程中锁定的数据解锁。","HttpMethod":"POST","Template":"service/cancel","Parameters":null,"ResourceOpId":"45e83f36-23ed-4136-aa29-b6cbd3cda404&^^&Cancel","Transaction":false,"AssemblyInfo":null,"Extend1":"Basic","Extend2":null,"isDeprecated":false},{"Id":"45e83f36-23ed-4136-aa29-b6cbd3cda404&^^&HasChanges","Code":"HasChanges","Name":"检查变更","Description":"检查当前业务上下文内是否存在未保存的变更","HttpMethod":"PUT","Template":"haschanges","Parameters":[{"Id":"45e83f36-23ed-4136-aa29-b6cbd3cda404&^^&RequestInfo","Code":"requestInfo","Name":"请求信息","Description":"请求信息","ModelId":"45e83f36-23ed-4136-aa29-b6cbd3cda404&^^&RequestInfo","ModelCode":"RequestInfo","ModelName":"RequestInfo","RefId":"45e83f36-23ed-4136-aa29-b6cbd3cda404&^^&RequestInfo","RefCode":"RequestInfo","RefName":"RequestInfo","RefPath":null,"RefFileName":null,"ModelType":1,"In":"Body","IsRequired":false,"ListDeepth":0,"isCollection":false,"isRetVal":false,"isBasicType":false},{"Id":"45e83f36-23ed-4136-aa29-b6cbd3cda404&^^&ResponseInfo","Code":"responseInfo","Name":"响应信息","Description":"响应信息","ModelId":"45e83f36-23ed-4136-aa29-b6cbd3cda404&^^&ResponseInfo","ModelCode":"ResponseInfo","ModelName":"ResponseInfo","RefId":"45e83f36-23ed-4136-aa29-b6cbd3cda404&^^&ResponseInfo","RefCode":"ResponseInfo","RefName":"ResponseInfo","RefPath":null,"RefFileName":null,"ModelType":1,"In":"","IsRequired":true,"ListDeepth":0,"isCollection":false,"isRetVal":true,"isBasicType":false}],"ResourceOpId":"45e83f36-23ed-4136-aa29-b6cbd3cda404&^^&HasChanges","Transaction":false,"AssemblyInfo":null,"Extend1":"Basic","Extend2":null,"isDeprecated":false},{"Id":"45e83f36-23ed-4136-aa29-b6cbd3cda404&^^&ElementHelp","Code":"GetElementHelp","Name":"获取字段帮助数据","Description":"获取指定帮助字段的帮助数据，支持商户及其子表的所有帮助字段的帮助数据。如果查询条件较长，建议使用”获取字段帮助数据“操作。","HttpMethod":"GET","Template":"elementhelps/{labelId}","Parameters":[{"Id":"45e83f36-23ed-4136-aa29-b6cbd3cda404&^^&labelIdParam","Code":"labelId","Name":"标签Id","Description":"标签内码","ModelId":"string","ModelCode":null,"ModelName":"string","RefId":null,"RefCode":null,"RefName":null,"RefPath":null,"RefFileName":null,"ModelType":0,"In":"Path","IsRequired":true,"ListDeepth":0,"isCollection":false,"isRetVal":false,"isBasicType":true},{"Id":"45e83f36-23ed-4136-aa29-b6cbd3cda404&^^&nodeCodeParam","Code":"nodeCode","Name":"节点编号","Description":"节点编号","ModelId":"string","ModelCode":null,"ModelName":"string","RefId":null,"RefCode":null,"RefName":null,"RefPath":null,"RefFileName":null,"ModelType":0,"In":"Query","IsRequired":true,"ListDeepth":0,"isCollection":false,"isRetVal":false,"isBasicType":true},{"Id":"45e83f36-23ed-4136-aa29-b6cbd3cda404&^^&queryParam","Code":"queryParam","Name":"查询参数","Description":"查询参数","ModelId":"string","ModelCode":null,"ModelName":"string","RefId":null,"RefCode":null,"RefName":null,"RefPath":null,"RefFileName":null,"ModelType":0,"In":"Query","IsRequired":true,"ListDeepth":0,"isCollection":false,"isRetVal":false,"isBasicType":true},{"Id":"45e83f36-23ed-4136-aa29-b6cbd3cda404&^^&ElementHelpRetParam","Code":"return","Name":"返回值","Description":"返回值","ModelId":"45e83f36-23ed-4136-aa29-b6cbd3cda404&^^&LookupResult","ModelCode":"LookupResult","ModelName":"LookupResult","RefId":"45e83f36-23ed-4136-aa29-b6cbd3cda404&^^&LookupResult","RefCode":"LookupResult","RefName":"LookupResult","RefPath":null,"RefFileName":null,"ModelType":1,"In":"","IsRequired":true,"ListDeepth":0,"isCollection":false,"isRetVal":true,"isBasicType":false}],"ResourceOpId":"45e83f36-23ed-4136-aa29-b6cbd3cda404&^^&ElementHelp","Transaction":false,"AssemblyInfo":null,"Extend1":"Basic","Extend2":null,"isDeprecated":true},{"Id":"45e83f36-23ed-4136-aa29-b6cbd3cda404&^^&Extend_Delete","Code":"Extend_Delete","Name":"删除商户","Description":"删除指定的商户。该操作仅在当前业务上下文中删除，并不会持久化到数据库。后续需调用”保存“操作进行持久化，如需要立即持久化，请调用”删除商户并保存“操作。也可通过变更集，在删除过程中修改其他数据，并返回删除过程中产生的其他变更。","HttpMethod":"PUT","Template":"/extension/delete/{dataId}","Parameters":[{"Id":"45e83f36-23ed-4136-aa29-b6cbd3cda404&^^&RequestInfo","Code":"requestInfo","Name":"请求信息","Description":"请求信息","ModelId":"45e83f36-23ed-4136-aa29-b6cbd3cda404&^^&RequestInfo","ModelCode":"RequestInfo","ModelName":"RequestInfo","RefId":"45e83f36-23ed-4136-aa29-b6cbd3cda404&^^&RequestInfo","RefCode":"RequestInfo","RefName":"RequestInfo","RefPath":null,"RefFileName":null,"ModelType":1,"In":"Body","IsRequired":false,"ListDeepth":0,"isCollection":false,"isRetVal":false,"isBasicType":false},{"Id":"45e83f36-23ed-4136-aa29-b6cbd3cda404&^^&DeleteParam","Code":"dataId","Name":"单据内码","Description":"单据内码","ModelId":"string","ModelCode":null,"ModelName":"string","RefId":null,"RefCode":null,"RefName":null,"RefPath":null,"RefFileName":null,"ModelType":0,"In":"Path","IsRequired":false,"ListDeepth":0,"isCollection":false,"isRetVal":false,"isBasicType":true},{"Id":"45e83f36-23ed-4136-aa29-b6cbd3cda404&^^&ResponseInfo","Code":"responseInfo","Name":"响应信息","Description":"响应信息","ModelId":"45e83f36-23ed-4136-aa29-b6cbd3cda404&^^&ResponseInfo","ModelCode":"ResponseInfo","ModelName":"ResponseInfo","RefId":"45e83f36-23ed-4136-aa29-b6cbd3cda404&^^&ResponseInfo","RefCode":"ResponseInfo","RefName":"ResponseInfo","RefPath":null,"RefFileName":null,"ModelType":1,"In":"","IsRequired":true,"ListDeepth":0,"isCollection":false,"isRetVal":true,"isBasicType":false}],"ResourceOpId":"45e83f36-23ed-4136-aa29-b6cbd3cda404&^^&Extend_Delete","Transaction":false,"AssemblyInfo":null,"Extend1":"Basic","Extend2":null,"isDeprecated":false},{"Id":"45e83f36-23ed-4136-aa29-b6cbd3cda404&^^&Extend_BatchDelete","Code":"Extend_BatchDelete","Name":"批量删除商户","Description":"批量删除指定的商户，如删除数据较多，建议使用”批量删除商户“操作。","HttpMethod":"PUT","Template":"/extension/batchdelete","Parameters":[{"Id":"45e83f36-23ed-4136-aa29-b6cbd3cda404&^^&RequestInfo","Code":"requestInfo","Name":"请求信息","Description":"请求信息","ModelId":"45e83f36-23ed-4136-aa29-b6cbd3cda404&^^&RequestInfo","ModelCode":"RequestInfo","ModelName":"RequestInfo","RefId":"45e83f36-23ed-4136-aa29-b6cbd3cda404&^^&RequestInfo","RefCode":"RequestInfo","RefName":"RequestInfo","RefPath":null,"RefFileName":null,"ModelType":1,"In":"Body","IsRequired":false,"ListDeepth":0,"isCollection":false,"isRetVal":false,"isBasicType":false},{"Id":"45e83f36-23ed-4136-aa29-b6cbd3cda404&^^&BatchDeleteParam","Code":"ids","Name":"单据内码列表","Description":"单据内码列表","ModelId":"string","ModelCode":null,"ModelName":"string","RefId":null,"RefCode":null,"RefName":null,"RefPath":null,"RefFileName":null,"ModelType":0,"In":"Query","IsRequired":true,"ListDeepth":0,"isCollection":false,"isRetVal":false,"isBasicType":true},{"Id":"45e83f36-23ed-4136-aa29-b6cbd3cda404&^^&ResponseInfo","Code":"responseInfo","Name":"响应信息","Description":"响应信息","ModelId":"45e83f36-23ed-4136-aa29-b6cbd3cda404&^^&ResponseInfo","ModelCode":"ResponseInfo","ModelName":"ResponseInfo","RefId":"45e83f36-23ed-4136-aa29-b6cbd3cda404&^^&ResponseInfo","RefCode":"ResponseInfo","RefName":"ResponseInfo","RefPath":null,"RefFileName":null,"ModelType":1,"In":"","IsRequired":true,"ListDeepth":0,"isCollection":false,"isRetVal":true,"isBasicType":false}],"ResourceOpId":"45e83f36-23ed-4136-aa29-b6cbd3cda404&^^&Extend_BatchDelete","Transaction":false,"AssemblyInfo":null,"Extend1":"Basic","Extend2":null,"isDeprecated":true},{"Id":"45e83f36-23ed-4136-aa29-b6cbd3cda404&^^&Extension_BatchDeletion","Code":"Extension_BatchDeletion","Name":"批量删除商户","Description":"批量删除指定的商户，该操作仅在当前业务上下文中删除，并不会持久化到数据库。后续需调用”保存“操作进行持久化，如需要立即持久化，请调用”批量删除商户并保存“操作。可在删除过程中，修改其他数据，并返回删除过程中产生的其他变更。","HttpMethod":"PUT","Template":"/extension/batchdeletion","Parameters":[{"Id":"45e83f36-23ed-4136-aa29-b6cbd3cda404&^^&RequestInfo","Code":"requestInfo","Name":"请求信息","Description":"请求信息","ModelId":"45e83f36-23ed-4136-aa29-b6cbd3cda404&^^&RequestInfo","ModelCode":"RequestInfo","ModelName":"RequestInfo","RefId":"45e83f36-23ed-4136-aa29-b6cbd3cda404&^^&RequestInfo","RefCode":"RequestInfo","RefName":"RequestInfo","RefPath":null,"RefFileName":null,"ModelType":1,"In":"Body","IsRequired":false,"ListDeepth":0,"isCollection":false,"isRetVal":false,"isBasicType":false},{"Id":"45e83f36-23ed-4136-aa29-b6cbd3cda404&^^&Ids","Code":"ids","Name":"单据内码集合","Description":"批量删除的内码集合","ModelId":"string","ModelCode":null,"ModelName":"string","RefId":null,"RefCode":null,"RefName":null,"RefPath":null,"RefFileName":null,"ModelType":0,"In":"Body","IsRequired":true,"ListDeepth":1,"isCollection":true,"isRetVal":false,"isBasicType":true},{"Id":"45e83f36-23ed-4136-aa29-b6cbd3cda404&^^&ResponseInfo","Code":"responseInfo","Name":"响应信息","Description":"响应信息","ModelId":"45e83f36-23ed-4136-aa29-b6cbd3cda404&^^&ResponseInfo","ModelCode":"ResponseInfo","ModelName":"ResponseInfo","RefId":"45e83f36-23ed-4136-aa29-b6cbd3cda404&^^&ResponseInfo","RefCode":"ResponseInfo","RefName":"ResponseInfo","RefPath":null,"RefFileName":null,"ModelType":1,"In":"","IsRequired":true,"ListDeepth":0,"isCollection":false,"isRetVal":true,"isBasicType":false}],"ResourceOpId":"45e83f36-23ed-4136-aa29-b6cbd3cda404&^^&Extension_BatchDeletion","Transaction":false,"AssemblyInfo":null,"Extend1":"Basic","Extend2":null,"isDeprecated":false},{"Id":"45e83f36-23ed-4136-aa29-b6cbd3cda404&^^&Extend_Retrieve","Code":"Extend_Retrieve","Name":"检索商户","Description":"检索指定的商户，返回结果中包含商户的所有子表数据。也可通过变更集，在删除过程中修改其他数据，并返回删除过程中产生的其他变更。","HttpMethod":"PUT","Template":"/extension/retrieve/{dataId}","Parameters":[{"Id":"45e83f36-23ed-4136-aa29-b6cbd3cda404&^^&RequestInfo","Code":"requestInfo","Name":"请求信息","Description":"请求信息","ModelId":"45e83f36-23ed-4136-aa29-b6cbd3cda404&^^&RequestInfo","ModelCode":"RequestInfo","ModelName":"RequestInfo","RefId":"45e83f36-23ed-4136-aa29-b6cbd3cda404&^^&RequestInfo","RefCode":"RequestInfo","RefName":"RequestInfo","RefPath":null,"RefFileName":null,"ModelType":1,"In":"Body","IsRequired":false,"ListDeepth":0,"isCollection":false,"isRetVal":false,"isBasicType":false},{"Id":"45e83f36-23ed-4136-aa29-b6cbd3cda404&^^&RetrieveParam","Code":"dataId","Name":"单据内码","Description":"单据内码","ModelId":"string","ModelCode":null,"ModelName":"string","RefId":null,"RefCode":null,"RefName":null,"RefPath":null,"RefFileName":null,"ModelType":0,"In":"Path","IsRequired":true,"ListDeepth":0,"isCollection":false,"isRetVal":false,"isBasicType":true},{"Id":"45e83f36-23ed-4136-aa29-b6cbd3cda404&^^&ResponseInfo","Code":"responseInfo","Name":"响应信息","Description":"响应信息","ModelId":"45e83f36-23ed-4136-aa29-b6cbd3cda404&^^&ResponseInfo","ModelCode":"ResponseInfo","ModelName":"ResponseInfo","RefId":"45e83f36-23ed-4136-aa29-b6cbd3cda404&^^&ResponseInfo","RefCode":"ResponseInfo","RefName":"ResponseInfo","RefPath":null,"RefFileName":null,"ModelType":1,"In":"","IsRequired":true,"ListDeepth":0,"isCollection":false,"isRetVal":true,"isBasicType":false}],"ResourceOpId":"45e83f36-23ed-4136-aa29-b6cbd3cda404&^^&Extend_Retrieve","Transaction":false,"AssemblyInfo":null,"Extend1":"Basic","Extend2":null,"isDeprecated":false},{"Id":"45e83f36-23ed-4136-aa29-b6cbd3cda404&^^&Extend_Query","Code":"Extend_Query","Name":"查询商户","Description":"按照查询条件查询商户。如果查询条件较长，建议使用”查询商户“操作。","HttpMethod":"PUT","Template":"/extension/query","Parameters":[{"Id":"45e83f36-23ed-4136-aa29-b6cbd3cda404&^^&RequestInfo","Code":"requestInfo","Name":"请求信息","Description":"请求信息","ModelId":"45e83f36-23ed-4136-aa29-b6cbd3cda404&^^&RequestInfo","ModelCode":"RequestInfo","ModelName":"RequestInfo","RefId":"45e83f36-23ed-4136-aa29-b6cbd3cda404&^^&RequestInfo","RefCode":"RequestInfo","RefName":"RequestInfo","RefPath":null,"RefFileName":null,"ModelType":1,"In":"Body","IsRequired":false,"ListDeepth":0,"isCollection":false,"isRetVal":false,"isBasicType":false},{"Id":"45e83f36-23ed-4136-aa29-b6cbd3cda404&^^&EntityFilterParam","Code":"entityFilter","Name":"过滤条件","Description":"过滤条件","ModelId":"string","ModelCode":null,"ModelName":"string","RefId":null,"RefCode":null,"RefName":null,"RefPath":null,"RefFileName":null,"ModelType":0,"In":"Query","IsRequired":false,"ListDeepth":0,"isCollection":false,"isRetVal":false,"isBasicType":true},{"Id":"45e83f36-23ed-4136-aa29-b6cbd3cda404&^^&ResponseInfo","Code":"responseInfo","Name":"响应信息","Description":"响应信息","ModelId":"45e83f36-23ed-4136-aa29-b6cbd3cda404&^^&ResponseInfo","ModelCode":"ResponseInfo","ModelName":"ResponseInfo","RefId":"45e83f36-23ed-4136-aa29-b6cbd3cda404&^^&ResponseInfo","RefCode":"ResponseInfo","RefName":"ResponseInfo","RefPath":null,"RefFileName":null,"ModelType":1,"In":"","IsRequired":true,"ListDeepth":0,"isCollection":false,"isRetVal":true,"isBasicType":false}],"ResourceOpId":"45e83f36-23ed-4136-aa29-b6cbd3cda404&^^&Extend_Query","Transaction":false,"AssemblyInfo":null,"Extend1":"Basic","Extend2":null,"isDeprecated":true},{"Id":"45e83f36-23ed-4136-aa29-b6cbd3cda404&^^&Extension_Filter","Code":"Extension_Filter","Name":"查询商户","Description":"按照查询条件查询商户，可指定查询过滤条件、排序字段、设置分页。也可通过变更集，在删除过程中修改其他数据，并返回删除过程中产生的其他变更。","HttpMethod":"POST","Template":"/extension/filter","Parameters":[{"Id":"45e83f36-23ed-4136-aa29-b6cbd3cda404&^^&RequestInfo","Code":"requestInfo","Name":"请求信息","Description":"请求信息","ModelId":"45e83f36-23ed-4136-aa29-b6cbd3cda404&^^&RequestInfo","ModelCode":"RequestInfo","ModelName":"RequestInfo","RefId":"45e83f36-23ed-4136-aa29-b6cbd3cda404&^^&RequestInfo","RefCode":"RequestInfo","RefName":"RequestInfo","RefPath":null,"RefFileName":null,"ModelType":1,"In":"Body","IsRequired":false,"ListDeepth":0,"isCollection":false,"isRetVal":false,"isBasicType":false},{"Id":"45e83f36-23ed-4136-aa29-b6cbd3cda404&^^&EntityFilter","Code":"entityFilter","Name":"过滤条件","Description":"过滤条件","ModelId":"45e83f36-23ed-4136-aa29-b6cbd3cda404&^^&EntityFilter","ModelCode":"EntityFilter","ModelName":"EntityFilter","RefId":"45e83f36-23ed-4136-aa29-b6cbd3cda404&^^&EntityFilter","RefCode":"EntityFilter","RefName":"EntityFilter","RefPath":null,"RefFileName":null,"ModelType":1,"In":"Body","IsRequired":false,"ListDeepth":0,"isCollection":false,"isRetVal":false,"isBasicType":false},{"Id":"45e83f36-23ed-4136-aa29-b6cbd3cda404&^^&ResponseInfo","Code":"responseInfo","Name":"响应信息","Description":"响应信息","ModelId":"45e83f36-23ed-4136-aa29-b6cbd3cda404&^^&ResponseInfo","ModelCode":"ResponseInfo","ModelName":"ResponseInfo","RefId":"45e83f36-23ed-4136-aa29-b6cbd3cda404&^^&ResponseInfo","RefCode":"ResponseInfo","RefName":"ResponseInfo","RefPath":null,"RefFileName":null,"ModelType":1,"In":"","IsRequired":true,"ListDeepth":0,"isCollection":false,"isRetVal":true,"isBasicType":false}],"ResourceOpId":"45e83f36-23ed-4136-aa29-b6cbd3cda404&^^&Extension_Filter","Transaction":false,"AssemblyInfo":null,"Extend1":"Basic","Extend2":null,"isDeprecated":false},{"Id":"45e83f36-23ed-4136-aa29-b6cbd3cda404&^^&Extend_ElementHelp","Code":"Extend_GetElementHelp","Name":"获取字段帮助数据","Description":"获取指定帮助字段的帮助数据，支持商户及其子表的所有帮助字段的帮助数据。也可通过变更集，在删除过程中修改其他数据，并返回删除过程中产生的其他变更。","HttpMethod":"PUT","Template":"/extension/elementhelps","Parameters":[{"Id":"45e83f36-23ed-4136-aa29-b6cbd3cda404&^^&RequestInfo","Code":"requestInfo","Name":"请求信息","Description":"请求信息","ModelId":"45e83f36-23ed-4136-aa29-b6cbd3cda404&^^&RequestInfo","ModelCode":"RequestInfo","ModelName":"RequestInfo","RefId":"45e83f36-23ed-4136-aa29-b6cbd3cda404&^^&RequestInfo","RefCode":"RequestInfo","RefName":"RequestInfo","RefPath":null,"RefFileName":null,"ModelType":1,"In":"Body","IsRequired":false,"ListDeepth":0,"isCollection":false,"isRetVal":false,"isBasicType":false},{"Id":"45e83f36-23ed-4136-aa29-b6cbd3cda404&^^&labelIdParam","Code":"labelId","Name":"标签Id","Description":"标签内码","ModelId":"string","ModelCode":null,"ModelName":"string","RefId":null,"RefCode":null,"RefName":null,"RefPath":null,"RefFileName":null,"ModelType":0,"In":"Body","IsRequired":true,"ListDeepth":0,"isCollection":false,"isRetVal":false,"isBasicType":true},{"Id":"45e83f36-23ed-4136-aa29-b6cbd3cda404&^^&nodeCodeParam","Code":"nodeCode","Name":"节点编号","Description":"节点编号","ModelId":"string","ModelCode":null,"ModelName":"string","RefId":null,"RefCode":null,"RefName":null,"RefPath":null,"RefFileName":null,"ModelType":0,"In":"Body","IsRequired":true,"ListDeepth":0,"isCollection":false,"isRetVal":false,"isBasicType":true},{"Id":"45e83f36-23ed-4136-aa29-b6cbd3cda404&^^&queryParam","Code":"queryParam","Name":"查询参数","Description":"查询参数","ModelId":"45e83f36-23ed-4136-aa29-b6cbd3cda404&^^&LookupQueryParam","ModelCode":"LookupQueryParam","ModelName":"LookupQueryParam","RefId":"45e83f36-23ed-4136-aa29-b6cbd3cda404&^^&LookupQueryParam","RefCode":"LookupQueryParam","RefName":"LookupQueryParam","RefPath":null,"RefFileName":null,"ModelType":1,"In":"Body","IsRequired":true,"ListDeepth":0,"isCollection":false,"isRetVal":false,"isBasicType":true},{"Id":"45e83f36-23ed-4136-aa29-b6cbd3cda404&^^&ResponseInfo","Code":"responseInfo","Name":"响应信息","Description":"响应信息","ModelId":"45e83f36-23ed-4136-aa29-b6cbd3cda404&^^&ResponseInfo","ModelCode":"ResponseInfo","ModelName":"ResponseInfo","RefId":"45e83f36-23ed-4136-aa29-b6cbd3cda404&^^&ResponseInfo","RefCode":"ResponseInfo","RefName":"ResponseInfo","RefPath":null,"RefFileName":null,"ModelType":1,"In":"","IsRequired":true,"ListDeepth":0,"isCollection":false,"isRetVal":true,"isBasicType":false}],"ResourceOpId":"45e83f36-23ed-4136-aa29-b6cbd3cda404&^^&Extend_ElementHelp","Transaction":false,"AssemblyInfo":null,"Extend1":"Basic","Extend2":null,"isDeprecated":false},{"Id":"7e07d385-63cb-4b25-919c-40ff8674ad7f&^^&PathHierarchyCreateSibling","Code":"PathHierarchyCreateSibling","Name":"分级码分级方式新增同级","Description":"分级码分级方式新增同级","HttpMethod":"PUT","Template":"/service/pathhierarchycreatesibling","Parameters":[{"Id":"7e07d385-63cb-4b25-919c-40ff8674ad7f&^^&RequestInfo","Code":"requestInfo","Name":"请求信息","Description":"请求信息","ModelId":"7e07d385-63cb-4b25-919c-40ff8674ad7f&^^&RequestInfo","ModelCode":"RequestInfo","ModelName":"RequestInfo","RefId":"7e07d385-63cb-4b25-919c-40ff8674ad7f&^^&RequestInfo","RefCode":"RequestInfo","RefName":"RequestInfo","RefPath":null,"RefFileName":null,"ModelType":1,"In":"Body","IsRequired":false,"ListDeepth":0,"isCollection":false,"isRetVal":false,"isBasicType":false},{"Id":"8660646d-99a0-462c-b707-a3d9e3ad4c97&^^&dataID","Code":"dataID","Name":"dataID","Description":"当前焦点dataID","ModelId":"string","ModelCode":null,"ModelName":"string","RefId":null,"RefCode":null,"RefName":null,"RefPath":null,"RefFileName":null,"ModelType":0,"In":"Body","IsRequired":true,"ListDeepth":0,"isCollection":false,"isRetVal":false,"isBasicType":true},{"Id":"7e07d385-63cb-4b25-919c-40ff8674ad7f&^^&ResponseInfo","Code":"responseInfo","Name":"响应信息","Description":"响应信息","ModelId":"45e83f36-23ed-4136-aa29-b6cbd3cda404&^^&ResponseInfo","ModelCode":"ResponseInfo","ModelName":"ResponseInfo","RefId":"45e83f36-23ed-4136-aa29-b6cbd3cda404&^^&ResponseInfo","RefCode":"ResponseInfo","RefName":"ResponseInfo","RefPath":null,"RefFileName":null,"ModelType":1,"In":"","IsRequired":true,"ListDeepth":0,"isCollection":false,"isRetVal":true,"isBasicType":false}],"ResourceOpId":"7e07d385-63cb-4b25-919c-40ff8674ad7f&^^&PathHierarchyCreateSibling","Transaction":false,"AssemblyInfo":null,"Extend1":"Custom","Extend2":null,"isDeprecated":false},{"Id":"e0fe9a28-7f64-482c-b5e1-779e82b5f46b&^^&PathHierarchyCreateChildLayer","Code":"PathHierarchyCreateChildLayer","Name":"分级码分级方式新增子级","Description":"分级码分级方式新增子级","HttpMethod":"PUT","Template":"/service/pathhierarchycreatechildlayer","Parameters":[{"Id":"e0fe9a28-7f64-482c-b5e1-779e82b5f46b&^^&RequestInfo","Code":"requestInfo","Name":"请求信息","Description":"请求信息","ModelId":"e0fe9a28-7f64-482c-b5e1-779e82b5f46b&^^&RequestInfo","ModelCode":"RequestInfo","ModelName":"RequestInfo","RefId":"e0fe9a28-7f64-482c-b5e1-779e82b5f46b&^^&RequestInfo","RefCode":"RequestInfo","RefName":"RequestInfo","RefPath":null,"RefFileName":null,"ModelType":1,"In":"Body","IsRequired":false,"ListDeepth":0,"isCollection":false,"isRetVal":false,"isBasicType":false},{"Id":"9e89288d-5abc-45a6-80b7-9577a26d1eba&^^&dataID","Code":"dataID","Name":"dataID","Description":"要新增子级的父节点dataID","ModelId":"string","ModelCode":null,"ModelName":"string","RefId":null,"RefCode":null,"RefName":null,"RefPath":null,"RefFileName":null,"ModelType":0,"In":"Body","IsRequired":true,"ListDeepth":0,"isCollection":false,"isRetVal":false,"isBasicType":true},{"Id":"e0fe9a28-7f64-482c-b5e1-779e82b5f46b&^^&ResponseInfo","Code":"responseInfo","Name":"响应信息","Description":"响应信息","ModelId":"45e83f36-23ed-4136-aa29-b6cbd3cda404&^^&ResponseInfo","ModelCode":"ResponseInfo","ModelName":"ResponseInfo","RefId":"45e83f36-23ed-4136-aa29-b6cbd3cda404&^^&ResponseInfo","RefCode":"ResponseInfo","RefName":"ResponseInfo","RefPath":null,"RefFileName":null,"ModelType":1,"In":"","IsRequired":true,"ListDeepth":0,"isCollection":false,"isRetVal":true,"isBasicType":false}],"ResourceOpId":"e0fe9a28-7f64-482c-b5e1-779e82b5f46b&^^&PathHierarchyCreateChildLayer","Transaction":false,"AssemblyInfo":null,"Extend1":"Custom","Extend2":null,"isDeprecated":false}],"Extension":null},"Models":[{"Id":"45e83f36-23ed-4136-aa29-b6cbd3cda404&^^&RequestInfo","Code":"RequestInfo","Name":"RequestInfo","ModelId":"45e83f36-23ed-4136-aa29-b6cbd3cda404&^^&RequestInfo","ModelCode":"RequestInfo","ModelName":"RequestInfo","RelativePath":null,"FileName":null,"ModelType":1},{"Id":"45e83f36-23ed-4136-aa29-b6cbd3cda404&^^&DefaultValue","Code":"DefaultValue","Name":"DefaultValue","ModelId":"45e83f36-23ed-4136-aa29-b6cbd3cda404&^^&DefaultValue","ModelCode":"DefaultValue","ModelName":"DefaultValue","RelativePath":null,"FileName":null,"ModelType":1},{"Id":"45e83f36-23ed-4136-aa29-b6cbd3cda404&^^&ResponseInfo","Code":"ResponseInfo","Name":"ResponseInfo","ModelId":"45e83f36-23ed-4136-aa29-b6cbd3cda404&^^&ResponseInfo","ModelCode":"ResponseInfo","ModelName":"ResponseInfo","RelativePath":null,"FileName":null,"ModelType":1},{"Id":"45e83f36-23ed-4136-aa29-b6cbd3cda404&^^&RetrieveDefaultParam","Code":"RetrieveDefaultParam","Name":"RetrieveDefaultParam","ModelId":"45e83f36-23ed-4136-aa29-b6cbd3cda404&^^&RetrieveDefaultParam","ModelCode":"RetrieveDefaultParam","ModelName":"RetrieveDefaultParam","RelativePath":null,"FileName":null,"ModelType":1},{"Id":"45e83f36-23ed-4136-aa29-b6cbd3cda404&^^&ChangeDetail","Code":"ChangeDetail","Name":"ChangeDetail","ModelId":"45e83f36-23ed-4136-aa29-b6cbd3cda404&^^&ChangeDetail","ModelCode":"ChangeDetail","ModelName":"ChangeDetail","RelativePath":null,"FileName":null,"ModelType":1},{"Id":"48a3309d-fa77-4829-9fcb-143821479ebc","Code":"Merchant","Name":"商户","ModelId":"45e83f36-23ed-4136-aa29-b6cbd3cda404","ModelCode":"Merchat_frm","ModelName":"商户_frm","RelativePath":null,"FileName":null,"ModelType":0},{"Id":"45e83f36-23ed-4136-aa29-b6cbd3cda404&^^&RetrieveParam","Code":"RetrieveParam","Name":"RetrieveParam","ModelId":"45e83f36-23ed-4136-aa29-b6cbd3cda404&^^&RetrieveParam","ModelCode":"RetrieveParam","ModelName":"RetrieveParam","RelativePath":null,"FileName":null,"ModelType":1},{"Id":"45e83f36-23ed-4136-aa29-b6cbd3cda404&^^&Pagination","Code":"Pagination","Name":"Pagination","ModelId":"45e83f36-23ed-4136-aa29-b6cbd3cda404&^^&Pagination","ModelCode":"Pagination","ModelName":"Pagination","RelativePath":null,"FileName":null,"ModelType":1},{"Id":"45e83f36-23ed-4136-aa29-b6cbd3cda404&^^&LookupResult","Code":"LookupResult","Name":"LookupResult","ModelId":"45e83f36-23ed-4136-aa29-b6cbd3cda404&^^&LookupResult","ModelCode":"LookupResult","ModelName":"LookupResult","RelativePath":null,"FileName":null,"ModelType":1},{"Id":"45e83f36-23ed-4136-aa29-b6cbd3cda404&^^&EntityFilter","Code":"EntityFilter","Name":"EntityFilter","ModelId":"45e83f36-23ed-4136-aa29-b6cbd3cda404&^^&EntityFilter","ModelCode":"EntityFilter","ModelName":"EntityFilter","RelativePath":null,"FileName":null,"ModelType":1},{"Id":"7e07d385-63cb-4b25-919c-40ff8674ad7f&^^&RequestInfo","Code":"RequestInfo","Name":"RequestInfo","ModelId":"7e07d385-63cb-4b25-919c-40ff8674ad7f&^^&RequestInfo","ModelCode":"RequestInfo","ModelName":"RequestInfo","RelativePath":null,"FileName":null,"ModelType":1},{"Id":"e0fe9a28-7f64-482c-b5e1-779e82b5f46b&^^&RequestInfo","Code":"RequestInfo","Name":"RequestInfo","ModelId":"e0fe9a28-7f64-482c-b5e1-779e82b5f46b&^^&RequestInfo","ModelCode":"RequestInfo","ModelName":"RequestInfo","RelativePath":null,"FileName":null,"ModelType":1}],"Router":"/api/apporder/df/v1.0/merchat_frm","EndPoint":"/apporder/df/v1.0/merchat_frm"}]