{"root-component":{"name":""},"root-layout":{"name":""},"page-header":{"name":""},"header-nav":{"name":""},"header-title-container":{"name":""},"page-header-title":{"name":""},"title":{"name":"商户"},"page-header-toolbar":{"name":""},"button-add":{"name":"新增"},"button-edit":{"name":"编辑"},"button-save":{"name":"保存"},"button-cancel":{"name":"取消"},"button-delete":{"name":"删除"},"main-container":{"name":""},"content-splitter":{"name":""},"content-list":{"name":""},"data-grid-component-ref":{"name":""},"content-main":{"name":""},"detail-component-ref":{"name":""},"data-grid-component":{"name":""},"data-grid-section":{"name":""},"Section/data-grid-section/mainTitle":{"name":""},"Section/data-grid-section/subTitle":{"name":""},"dataGrid":{"name":""},"DataGrid/dataGrid/lineNumberTitle":{"name":""},"DataGrid/dataGrid/OperateEditButton":{"name":"编辑"},"DataGrid/dataGrid/OperateDeleteButton":{"name":"删除"},"DataGrid/dataGrid/OperateColumn":{"name":"操作"},"merchantName_18dfd3c7_3ql6":{"name":"供货商名称"},"merchantType_66413d1f_cinb":{"name":"供货商类型"},"GridField/merchantType_66413d1f_cinb/enumData/individual":{"name":"个人"},"GridField/merchantType_66413d1f_cinb/enumData/enterprise":{"name":"企业"},"remark_755c8e46_qyyl":{"name":"备注"},"detail-form-component":{"name":""},"detail-form-section":{"name":""},"Section/detail-form-section/mainTitle":{"name":"基本信息"},"Section/detail-form-section/subTitle":{"name":""},"detail-form-layout":{"name":""},"merchantName_18dfd3c7_41rb":{"name":"供货商名称"},"TextBox/merchantName_18dfd3c7_41rb/placeHolder":{"name":""},"merchantType_66413d1f_oewx":{"name":"供货商类型"},"EnumField/merchantType_66413d1f_oewx/placeHolder":{"name":""},"EnumField/merchantType_66413d1f_oewx/enumData/individual":{"name":"个人"},"EnumField/merchantType_66413d1f_oewx/enumData/enterprise":{"name":"企业"},"remark_755c8e46_xc4s":{"name":"备注"},"TextBox/remark_755c8e46_xc4s/placeHolder":{"name":""},"770aa60a-f5f3-4cd1-9974-796fd83cd826":{"name":"负责人信息"},"FieldSet/770aa60a-f5f3-4cd1-9974-796fd83cd826/collapseText":{"name":""},"FieldSet/770aa60a-f5f3-4cd1-9974-796fd83cd826/expandText":{"name":""},"name_c0bd885f_2fj5":{"name":"负责人姓名"},"TextBox/name_c0bd885f_2fj5/placeHolder":{"name":""},"email_da5e2824_7pod":{"name":"邮箱"},"TextBox/email_da5e2824_7pod/placeHolder":{"name":""},"telephone_51dc64ef_b1um":{"name":"联系电话"},"TextBox/telephone_51dc64ef_b1um/placeHolder":{"name":""}}