[{"Code":"MerchantForm_frm","Name":"商户表单_frm","Id":"5f88f4a7-ee63-4e00-8cd3-8c5f90c85355","Version":"1.0","Description":"MerchantForm_frm服务","BizObject":"f8f7bbf8-b84e-fbc9-9cf8-b9945a03a13d","CriticalApplication":"apporder","ServiceUnit":"df","RouteUrl":"merchantform_frm","Service":{"Id":"ffd0d62e-9980-4db0-9727-b2f007bb2018","ResourceId":"c1cdeb8e-0bb0-4a98-bddc-ec5af62306e0","ResourceType":"VO","ResourceCode":"com.inspur.gs.apporder.df.merchant.merchant.front.vo.MerchantForm_frm","ResourceName":"商户表单_frm","ResourceNameSpace":null,"ResourcePath":null,"ResourceFileName":null,"Operations":[{"Id":"c1cdeb8e-0bb0-4a98-bddc-ec5af62306e0&^^&CreateSession","Code":"CreateSession","Name":"创建Session","Description":null,"HttpMethod":"POST","Template":"service/createsession","Parameters":[{"Id":"c1cdeb8e-0bb0-4a98-bddc-ec5af62306e0&^^&CreateSessionParam","Code":"sessionId","Name":"sessionId","Description":"功能sessionId","ModelId":"string","ModelCode":null,"ModelName":"string","RefId":null,"RefCode":null,"RefName":null,"RefPath":null,"RefFileName":null,"ModelType":0,"In":"","IsRequired":true,"ListDeepth":0,"isCollection":false,"isRetVal":true,"isBasicType":true}],"ResourceOpId":"c1cdeb8e-0bb0-4a98-bddc-ec5af62306e0&^^&CreateSession","Transaction":false,"AssemblyInfo":null,"Extend1":"Basic","Extend2":null,"isDeprecated":false},{"Id":"c1cdeb8e-0bb0-4a98-bddc-ec5af62306e0&^^&CloseSession","Code":"CloseSession","Name":"关闭Session","Description":null,"HttpMethod":"POST","Template":"service/closesession","Parameters":null,"ResourceOpId":"c1cdeb8e-0bb0-4a98-bddc-ec5af62306e0&^^&CloseSession","Transaction":false,"AssemblyInfo":null,"Extend1":"Basic","Extend2":null,"isDeprecated":false},{"Id":"c1cdeb8e-0bb0-4a98-bddc-ec5af62306e0&^^&Create","Code":"Create","Name":"新增","Description":"新增主表数据","HttpMethod":"POST","Template":"","Parameters":[{"Id":"c1cdeb8e-0bb0-4a98-bddc-ec5af62306e0&^^&RequestInfo","Code":"requestInfo","Name":"请求信息","Description":"请求信息","ModelId":"c1cdeb8e-0bb0-4a98-bddc-ec5af62306e0&^^&RequestInfo","ModelCode":"RequestInfo","ModelName":"RequestInfo","RefId":"c1cdeb8e-0bb0-4a98-bddc-ec5af62306e0&^^&RequestInfo","RefCode":"RequestInfo","RefName":"RequestInfo","RefPath":null,"RefFileName":null,"ModelType":1,"In":"Body","IsRequired":false,"ListDeepth":0,"isCollection":false,"isRetVal":false,"isBasicType":false},{"Id":"c1cdeb8e-0bb0-4a98-bddc-ec5af62306e0&^^&defaultValue","Code":"defaultValue","Name":"默认值","Description":"默认值","ModelId":"c1cdeb8e-0bb0-4a98-bddc-ec5af62306e0&^^&DefaultValue","ModelCode":"DefaultValue","ModelName":"DefaultValue","RefId":"c1cdeb8e-0bb0-4a98-bddc-ec5af62306e0&^^&DefaultValue","RefCode":"DefaultValue","RefName":"DefaultValue","RefPath":null,"RefFileName":null,"ModelType":1,"In":"Body","IsRequired":false,"ListDeepth":0,"isCollection":false,"isRetVal":false,"isBasicType":false},{"Id":"c1cdeb8e-0bb0-4a98-bddc-ec5af62306e0&^^&ResponseInfo","Code":"responseInfo","Name":"响应信息","Description":"响应信息","ModelId":"c1cdeb8e-0bb0-4a98-bddc-ec5af62306e0&^^&ResponseInfo","ModelCode":"ResponseInfo","ModelName":"ResponseInfo","RefId":"c1cdeb8e-0bb0-4a98-bddc-ec5af62306e0&^^&ResponseInfo","RefCode":"ResponseInfo","RefName":"ResponseInfo","RefPath":null,"RefFileName":null,"ModelType":1,"In":"","IsRequired":true,"ListDeepth":0,"isCollection":false,"isRetVal":true,"isBasicType":false}],"ResourceOpId":"c1cdeb8e-0bb0-4a98-bddc-ec5af62306e0&^^&Create","Transaction":false,"AssemblyInfo":null,"Extend1":"Basic","Extend2":null,"isDeprecated":false},{"Id":"c1cdeb8e-0bb0-4a98-bddc-ec5af62306e0&^^&BatchCreate","Code":"BatchCreate","Name":"批量新增主表数据","Description":"根据默认值批量新增主表数据","HttpMethod":"POST","Template":"/batch","Parameters":[{"Id":"c1cdeb8e-0bb0-4a98-bddc-ec5af62306e0&^^&RequestInfo","Code":"requestInfo","Name":"请求信息","Description":"请求信息","ModelId":"c1cdeb8e-0bb0-4a98-bddc-ec5af62306e0&^^&RequestInfo","ModelCode":"RequestInfo","ModelName":"RequestInfo","RefId":"c1cdeb8e-0bb0-4a98-bddc-ec5af62306e0&^^&RequestInfo","RefCode":"RequestInfo","RefName":"RequestInfo","RefPath":null,"RefFileName":null,"ModelType":1,"In":"Body","IsRequired":true,"ListDeepth":0,"isCollection":false,"isRetVal":false,"isBasicType":false},{"Id":"c1cdeb8e-0bb0-4a98-bddc-ec5af62306e0&^^&retrieveDefaultParam","Code":"retrieveDefaultParam","Name":"默认值","Description":"默认值","ModelId":"c1cdeb8e-0bb0-4a98-bddc-ec5af62306e0&^^&RetrieveDefaultParam","ModelCode":"RetrieveDefaultParam","ModelName":"RetrieveDefaultParam","RefId":"c1cdeb8e-0bb0-4a98-bddc-ec5af62306e0&^^&RetrieveDefaultParam","RefCode":"RetrieveDefaultParam","RefName":"RetrieveDefaultParam","RefPath":null,"RefFileName":null,"ModelType":1,"In":"Body","IsRequired":false,"ListDeepth":0,"isCollection":false,"isRetVal":false,"isBasicType":false},{"Id":"c1cdeb8e-0bb0-4a98-bddc-ec5af62306e0&^^&ResponseInfo","Code":"responseInfo","Name":"响应信息","Description":"响应信息","ModelId":"c1cdeb8e-0bb0-4a98-bddc-ec5af62306e0&^^&ResponseInfo","ModelCode":"ResponseInfo","ModelName":"ResponseInfo","RefId":"c1cdeb8e-0bb0-4a98-bddc-ec5af62306e0&^^&ResponseInfo","RefCode":"ResponseInfo","RefName":"ResponseInfo","RefPath":null,"RefFileName":null,"ModelType":1,"In":"","IsRequired":true,"ListDeepth":0,"isCollection":false,"isRetVal":true,"isBasicType":false}],"ResourceOpId":"c1cdeb8e-0bb0-4a98-bddc-ec5af62306e0&^^&BatchCreate","Transaction":false,"AssemblyInfo":null,"Extend1":"Basic","Extend2":null,"isDeprecated":false},{"Id":"c1cdeb8e-0bb0-4a98-bddc-ec5af62306e0&^^&Edit","Code":"Edit","Name":"编辑","Description":"编辑","HttpMethod":"PUT","Template":"/service/edit/{dataId}","Parameters":[{"Id":"c1cdeb8e-0bb0-4a98-bddc-ec5af62306e0&^^&RequestInfo","Code":"requestInfo","Name":"请求信息","Description":"请求信息","ModelId":"c1cdeb8e-0bb0-4a98-bddc-ec5af62306e0&^^&RequestInfo","ModelCode":"RequestInfo","ModelName":"RequestInfo","RefId":"c1cdeb8e-0bb0-4a98-bddc-ec5af62306e0&^^&RequestInfo","RefCode":"RequestInfo","RefName":"RequestInfo","RefPath":null,"RefFileName":null,"ModelType":1,"In":"Body","IsRequired":false,"ListDeepth":0,"isCollection":false,"isRetVal":false,"isBasicType":false},{"Id":"c1cdeb8e-0bb0-4a98-bddc-ec5af62306e0&^^&RetrieveParam","Code":"dataId","Name":"单据内码","Description":"单据内码","ModelId":"string","ModelCode":null,"ModelName":"string","RefId":null,"RefCode":null,"RefName":null,"RefPath":null,"RefFileName":null,"ModelType":0,"In":"Path","IsRequired":true,"ListDeepth":0,"isCollection":false,"isRetVal":false,"isBasicType":true},{"Id":"c1cdeb8e-0bb0-4a98-bddc-ec5af62306e0&^^&ResponseInfo","Code":"responseInfo","Name":"响应信息","Description":"响应信息","ModelId":"c1cdeb8e-0bb0-4a98-bddc-ec5af62306e0&^^&ResponseInfo","ModelCode":"ResponseInfo","ModelName":"ResponseInfo","RefId":"c1cdeb8e-0bb0-4a98-bddc-ec5af62306e0&^^&ResponseInfo","RefCode":"ResponseInfo","RefName":"ResponseInfo","RefPath":null,"RefFileName":null,"ModelType":1,"In":"","IsRequired":true,"ListDeepth":0,"isCollection":false,"isRetVal":true,"isBasicType":false}],"ResourceOpId":"c1cdeb8e-0bb0-4a98-bddc-ec5af62306e0&^^&Edit","Transaction":false,"AssemblyInfo":null,"Extend1":"Basic","Extend2":null,"isDeprecated":false},{"Id":"c1cdeb8e-0bb0-4a98-bddc-ec5af62306e0&^^&Delete","Code":"Delete","Name":"删除","Description":"删除","HttpMethod":"DELETE","Template":"/{dataId}","Parameters":[{"Id":"c1cdeb8e-0bb0-4a98-bddc-ec5af62306e0&^^&DeleteParam","Code":"dataId","Name":"单据内码","Description":"单据内码","ModelId":"string","ModelCode":null,"ModelName":"string","RefId":null,"RefCode":null,"RefName":null,"RefPath":null,"RefFileName":null,"ModelType":0,"In":"Path","IsRequired":true,"ListDeepth":0,"isCollection":false,"isRetVal":false,"isBasicType":true}],"ResourceOpId":"c1cdeb8e-0bb0-4a98-bddc-ec5af62306e0&^^&Delete","Transaction":false,"AssemblyInfo":null,"Extend1":"Basic","Extend2":null,"isDeprecated":false},{"Id":"c1cdeb8e-0bb0-4a98-bddc-ec5af62306e0&^^&DeleteAndSave","Code":"DeleteAndSave","Name":"删除并保存","Description":"删除并保存","HttpMethod":"PUT","Template":"/service/delete/{dataId}","Parameters":[{"Id":"c1cdeb8e-0bb0-4a98-bddc-ec5af62306e0&^^&RequestInfo","Code":"requestInfo","Name":"请求信息","Description":"请求信息","ModelId":"c1cdeb8e-0bb0-4a98-bddc-ec5af62306e0&^^&RequestInfo","ModelCode":"RequestInfo","ModelName":"RequestInfo","RefId":"c1cdeb8e-0bb0-4a98-bddc-ec5af62306e0&^^&RequestInfo","RefCode":"RequestInfo","RefName":"RequestInfo","RefPath":null,"RefFileName":null,"ModelType":1,"In":"Body","IsRequired":false,"ListDeepth":0,"isCollection":false,"isRetVal":false,"isBasicType":false},{"Id":"c1cdeb8e-0bb0-4a98-bddc-ec5af62306e0&^^&DeleteParam","Code":"dataId","Name":"单据内码","Description":"单据内码","ModelId":"string","ModelCode":null,"ModelName":"string","RefId":null,"RefCode":null,"RefName":null,"RefPath":null,"RefFileName":null,"ModelType":0,"In":"Path","IsRequired":true,"ListDeepth":0,"isCollection":false,"isRetVal":false,"isBasicType":true},{"Id":"c1cdeb8e-0bb0-4a98-bddc-ec5af62306e0&^^&ResponseInfo","Code":"responseInfo","Name":"响应信息","Description":"响应信息","ModelId":"c1cdeb8e-0bb0-4a98-bddc-ec5af62306e0&^^&ResponseInfo","ModelCode":"ResponseInfo","ModelName":"ResponseInfo","RefId":"c1cdeb8e-0bb0-4a98-bddc-ec5af62306e0&^^&ResponseInfo","RefCode":"ResponseInfo","RefName":"ResponseInfo","RefPath":null,"RefFileName":null,"ModelType":1,"In":"","IsRequired":true,"ListDeepth":0,"isCollection":false,"isRetVal":true,"isBasicType":false}],"ResourceOpId":"c1cdeb8e-0bb0-4a98-bddc-ec5af62306e0&^^&DeleteAndSave","Transaction":false,"AssemblyInfo":null,"Extend1":"Basic","Extend2":null,"isDeprecated":false},{"Id":"c1cdeb8e-0bb0-4a98-bddc-ec5af62306e0&^^&BatchDelete","Code":"BatchDelete","Name":"批量删除","Description":"批量删除","HttpMethod":"DELETE","Template":"","Parameters":[{"Id":"c1cdeb8e-0bb0-4a98-bddc-ec5af62306e0&^^&BatchDeleteParam","Code":"ids","Name":"单据内码列表","Description":"单据内码列表","ModelId":"string","ModelCode":null,"ModelName":"string","RefId":null,"RefCode":null,"RefName":null,"RefPath":null,"RefFileName":null,"ModelType":0,"In":"Query","IsRequired":true,"ListDeepth":0,"isCollection":false,"isRetVal":false,"isBasicType":true}],"ResourceOpId":"c1cdeb8e-0bb0-4a98-bddc-ec5af62306e0&^^&BatchDelete","Transaction":false,"AssemblyInfo":null,"Extend1":"Basic","Extend2":null,"isDeprecated":false},{"Id":"c1cdeb8e-0bb0-4a98-bddc-ec5af62306e0&^^&BatchDeleteAndSave","Code":"BatchDeleteAndSave","Name":"批量删除并保存","Description":"批量删除并保存","HttpMethod":"POST","Template":"/batchdeleteandsave","Parameters":[{"Id":"c1cdeb8e-0bb0-4a98-bddc-ec5af62306e0&^^&RequestInfo","Code":"requestInfo","Name":"请求信息","Description":"请求信息","ModelId":"c1cdeb8e-0bb0-4a98-bddc-ec5af62306e0&^^&RequestInfo","ModelCode":"RequestInfo","ModelName":"RequestInfo","RefId":"c1cdeb8e-0bb0-4a98-bddc-ec5af62306e0&^^&RequestInfo","RefCode":"RequestInfo","RefName":"RequestInfo","RefPath":null,"RefFileName":null,"ModelType":1,"In":"Body","IsRequired":false,"ListDeepth":0,"isCollection":false,"isRetVal":false,"isBasicType":false},{"Id":"c1cdeb8e-0bb0-4a98-bddc-ec5af62306e0&^^&IdsParam","Code":"ids","Name":"单据内码列表","Description":"批量删除的单据内码列表","ModelId":"string","ModelCode":null,"ModelName":"string","RefId":null,"RefCode":null,"RefName":null,"RefPath":null,"RefFileName":null,"ModelType":0,"In":"Body","IsRequired":true,"ListDeepth":1,"isCollection":true,"isRetVal":false,"isBasicType":true},{"Id":"c1cdeb8e-0bb0-4a98-bddc-ec5af62306e0&^^&ResponseInfo","Code":"responseInfo","Name":"响应信息","Description":"响应信息","ModelId":"c1cdeb8e-0bb0-4a98-bddc-ec5af62306e0&^^&ResponseInfo","ModelCode":"ResponseInfo","ModelName":"ResponseInfo","RefId":"c1cdeb8e-0bb0-4a98-bddc-ec5af62306e0&^^&ResponseInfo","RefCode":"ResponseInfo","RefName":"ResponseInfo","RefPath":null,"RefFileName":null,"ModelType":1,"In":"","IsRequired":true,"ListDeepth":0,"isCollection":false,"isRetVal":true,"isBasicType":false}],"ResourceOpId":"c1cdeb8e-0bb0-4a98-bddc-ec5af62306e0&^^&BatchDeleteAndSave","Transaction":false,"AssemblyInfo":null,"Extend1":"Basic","Extend2":null,"isDeprecated":false},{"Id":"c1cdeb8e-0bb0-4a98-bddc-ec5af62306e0&^^&Update","Code":"Update","Name":"修改","Description":"修改","HttpMethod":"PATCH","Template":"","Parameters":[{"Id":"c1cdeb8e-0bb0-4a98-bddc-ec5af62306e0&^^&RequestInfo","Code":"requestInfo","Name":"请求信息","Description":"请求信息","ModelId":"c1cdeb8e-0bb0-4a98-bddc-ec5af62306e0&^^&RequestInfo","ModelCode":"RequestInfo","ModelName":"RequestInfo","RefId":"c1cdeb8e-0bb0-4a98-bddc-ec5af62306e0&^^&RequestInfo","RefCode":"RequestInfo","RefName":"RequestInfo","RefPath":null,"RefFileName":null,"ModelType":1,"In":"Body","IsRequired":false,"ListDeepth":0,"isCollection":false,"isRetVal":false,"isBasicType":false},{"Id":"c1cdeb8e-0bb0-4a98-bddc-ec5af62306e0&^^&UpdateParam","Code":"changeDetail","Name":"数据变更集","Description":"数据变更集","ModelId":"c1cdeb8e-0bb0-4a98-bddc-ec5af62306e0&^^&ChangeDetail","ModelCode":"ChangeDetail","ModelName":"ChangeDetail","RefId":"c1cdeb8e-0bb0-4a98-bddc-ec5af62306e0&^^&ChangeDetail","RefCode":"ChangeDetail","RefName":"ChangeDetail","RefPath":null,"RefFileName":null,"ModelType":1,"In":"Body","IsRequired":true,"ListDeepth":0,"isCollection":false,"isRetVal":false,"isBasicType":false},{"Id":"c1cdeb8e-0bb0-4a98-bddc-ec5af62306e0&^^&ResponseInfo","Code":"responseInfo","Name":"响应信息","Description":"响应信息","ModelId":"c1cdeb8e-0bb0-4a98-bddc-ec5af62306e0&^^&ResponseInfo","ModelCode":"ResponseInfo","ModelName":"ResponseInfo","RefId":"c1cdeb8e-0bb0-4a98-bddc-ec5af62306e0&^^&ResponseInfo","RefCode":"ResponseInfo","RefName":"ResponseInfo","RefPath":null,"RefFileName":null,"ModelType":1,"In":"","IsRequired":true,"ListDeepth":0,"isCollection":false,"isRetVal":true,"isBasicType":false}],"ResourceOpId":"c1cdeb8e-0bb0-4a98-bddc-ec5af62306e0&^^&Update","Transaction":false,"AssemblyInfo":null,"Extend1":"Basic","Extend2":null,"isDeprecated":false},{"Id":"c1cdeb8e-0bb0-4a98-bddc-ec5af62306e0&^^&Retrieve","Code":"Retrieve","Name":"数据检索","Description":"数据检索","HttpMethod":"GET","Template":"/{dataId}","Parameters":[{"Id":"c1cdeb8e-0bb0-4a98-bddc-ec5af62306e0&^^&RetrieveParam","Code":"dataId","Name":"单据内码","Description":"单据内码","ModelId":"string","ModelCode":null,"ModelName":"string","RefId":null,"RefCode":null,"RefName":null,"RefPath":null,"RefFileName":null,"ModelType":0,"In":"Path","IsRequired":true,"ListDeepth":0,"isCollection":false,"isRetVal":false,"isBasicType":true},{"Id":"c1cdeb8e-0bb0-4a98-bddc-ec5af62306e0&^^&RetrieveParam1","Code":"Merchant","Name":"商户","Description":"实体模型","ModelId":"c1cdeb8e-0bb0-4a98-bddc-ec5af62306e0","ModelCode":"MerchantForm_frm","ModelName":"商户表单_frm","RefId":"5fbeb1a3-2b91-4103-9639-c2f14815f869","RefCode":"Merchant","RefName":"商户","RefPath":null,"RefFileName":null,"ModelType":0,"In":"","IsRequired":true,"ListDeepth":0,"isCollection":false,"isRetVal":true,"isBasicType":false}],"ResourceOpId":"c1cdeb8e-0bb0-4a98-bddc-ec5af62306e0&^^&Retrieve","Transaction":false,"AssemblyInfo":null,"Extend1":"Basic","Extend2":null,"isDeprecated":false},{"Id":"c1cdeb8e-0bb0-4a98-bddc-ec5af62306e0&^^&RetrieveWithChildPagination","Code":"RetrieveWithChildPagination","Name":"数据检索","Description":"数据检索(包含子表数据)","HttpMethod":"PUT","Template":"/service/retrieve/{dataId}","Parameters":[{"Id":"c1cdeb8e-0bb0-4a98-bddc-ec5af62306e0&^^&RequestInfo","Code":"requestInfo","Name":"请求信息","Description":"请求信息","ModelId":"c1cdeb8e-0bb0-4a98-bddc-ec5af62306e0&^^&RequestInfo","ModelCode":"RequestInfo","ModelName":"RequestInfo","RefId":"c1cdeb8e-0bb0-4a98-bddc-ec5af62306e0&^^&RequestInfo","RefCode":"RequestInfo","RefName":"RequestInfo","RefPath":null,"RefFileName":null,"ModelType":1,"In":"Body","IsRequired":false,"ListDeepth":0,"isCollection":false,"isRetVal":false,"isBasicType":false},{"Id":"c1cdeb8e-0bb0-4a98-bddc-ec5af62306e0&^^&dataId","Code":"dataId","Name":"单据内码","Description":"单据内码","ModelId":"string","ModelCode":null,"ModelName":"string","RefId":null,"RefCode":null,"RefName":null,"RefPath":null,"RefFileName":null,"ModelType":0,"In":"Path","IsRequired":true,"ListDeepth":0,"isCollection":false,"isRetVal":false,"isBasicType":true},{"Id":"c1cdeb8e-0bb0-4a98-bddc-ec5af62306e0&^^&retrieveParam","Code":"retrieveParam","Name":"查询参数","Description":"查询参数","ModelId":"c1cdeb8e-0bb0-4a98-bddc-ec5af62306e0&^^&RetrieveParam","ModelCode":"RetrieveParam","ModelName":"RetrieveParam","RefId":"c1cdeb8e-0bb0-4a98-bddc-ec5af62306e0&^^&RetrieveParam","RefCode":"RetrieveParam","RefName":"RetrieveParam","RefPath":null,"RefFileName":null,"ModelType":1,"In":"Body","IsRequired":true,"ListDeepth":0,"isCollection":false,"isRetVal":false,"isBasicType":false},{"Id":"c1cdeb8e-0bb0-4a98-bddc-ec5af62306e0&^^&ResponseInfo","Code":"responseInfo","Name":"响应信息","Description":"响应信息","ModelId":"c1cdeb8e-0bb0-4a98-bddc-ec5af62306e0&^^&ResponseInfo","ModelCode":"ResponseInfo","ModelName":"ResponseInfo","RefId":"c1cdeb8e-0bb0-4a98-bddc-ec5af62306e0&^^&ResponseInfo","RefCode":"ResponseInfo","RefName":"ResponseInfo","RefPath":null,"RefFileName":null,"ModelType":1,"In":"","IsRequired":true,"ListDeepth":0,"isCollection":false,"isRetVal":true,"isBasicType":false}],"ResourceOpId":"c1cdeb8e-0bb0-4a98-bddc-ec5af62306e0&^^&RetrieveWithChildPagination","Transaction":false,"AssemblyInfo":null,"Extend1":"Basic","Extend2":null,"isDeprecated":false},{"Id":"c1cdeb8e-0bb0-4a98-bddc-ec5af62306e0&^^&QueryChild","Code":"QueryChild","Name":"子表查询","Description":"子表数据查询","HttpMethod":"PUT","Template":"/service/querychild","Parameters":[{"Id":"c1cdeb8e-0bb0-4a98-bddc-ec5af62306e0&^^&RequestInfo","Code":"requestInfo","Name":"请求信息","Description":"请求信息","ModelId":"c1cdeb8e-0bb0-4a98-bddc-ec5af62306e0&^^&RequestInfo","ModelCode":"RequestInfo","ModelName":"RequestInfo","RefId":"c1cdeb8e-0bb0-4a98-bddc-ec5af62306e0&^^&RequestInfo","RefCode":"RequestInfo","RefName":"RequestInfo","RefPath":null,"RefFileName":null,"ModelType":1,"In":"Body","IsRequired":false,"ListDeepth":0,"isCollection":false,"isRetVal":false,"isBasicType":false},{"Id":"c1cdeb8e-0bb0-4a98-bddc-ec5af62306e0&^^&nodeCodes","Code":"nodeCodes","Name":"节点编号列表","Description":"节点编号列表","ModelId":"string","ModelCode":null,"ModelName":"string","RefId":null,"RefCode":null,"RefName":null,"RefPath":null,"RefFileName":null,"ModelType":0,"In":"Body","IsRequired":true,"ListDeepth":1,"isCollection":true,"isRetVal":false,"isBasicType":true},{"Id":"c1cdeb8e-0bb0-4a98-bddc-ec5af62306e0&^^&ids","Code":"ids","Name":"内码列表","Description":"内码列表","ModelId":"string","ModelCode":null,"ModelName":"string","RefId":null,"RefCode":null,"RefName":null,"RefPath":null,"RefFileName":null,"ModelType":0,"In":"Body","IsRequired":true,"ListDeepth":1,"isCollection":true,"isRetVal":false,"isBasicType":true},{"Id":"c1cdeb8e-0bb0-4a98-bddc-ec5af62306e0&^^&pagination","Code":"pagination","Name":"分页信息","Description":"分页信息","ModelId":"c1cdeb8e-0bb0-4a98-bddc-ec5af62306e0&^^&Pagination","ModelCode":"Pagination","ModelName":"Pagination","RefId":"c1cdeb8e-0bb0-4a98-bddc-ec5af62306e0&^^&Pagination","RefCode":"Pagination","RefName":"Pagination","RefPath":null,"RefFileName":null,"ModelType":1,"In":"Body","IsRequired":true,"ListDeepth":0,"isCollection":false,"isRetVal":false,"isBasicType":false},{"Id":"c1cdeb8e-0bb0-4a98-bddc-ec5af62306e0&^^&ResponseInfo","Code":"responseInfo","Name":"响应信息","Description":"响应信息","ModelId":"c1cdeb8e-0bb0-4a98-bddc-ec5af62306e0&^^&ResponseInfo","ModelCode":"ResponseInfo","ModelName":"ResponseInfo","RefId":"c1cdeb8e-0bb0-4a98-bddc-ec5af62306e0&^^&ResponseInfo","RefCode":"ResponseInfo","RefName":"ResponseInfo","RefPath":null,"RefFileName":null,"ModelType":1,"In":"","IsRequired":true,"ListDeepth":0,"isCollection":false,"isRetVal":true,"isBasicType":false}],"ResourceOpId":"c1cdeb8e-0bb0-4a98-bddc-ec5af62306e0&^^&QueryChild","Transaction":false,"AssemblyInfo":null,"Extend1":"Basic","Extend2":null,"isDeprecated":false},{"Id":"c1cdeb8e-0bb0-4a98-bddc-ec5af62306e0&^^&Query","Code":"Query","Name":"过滤查询","Description":"过滤查询","HttpMethod":"GET","Template":"","Parameters":[{"Id":"c1cdeb8e-0bb0-4a98-bddc-ec5af62306e0&^^&EntityFilterParam","Code":"entityFilter","Name":"过滤条件","Description":"过滤条件","ModelId":"string","ModelCode":null,"ModelName":"string","RefId":null,"RefCode":null,"RefName":null,"RefPath":null,"RefFileName":null,"ModelType":0,"In":"Query","IsRequired":true,"ListDeepth":0,"isCollection":false,"isRetVal":false,"isBasicType":true},{"Id":"c1cdeb8e-0bb0-4a98-bddc-ec5af62306e0&^^&QueryParam","Code":"Merchant","Name":"商户","Description":"实体模型","ModelId":"c1cdeb8e-0bb0-4a98-bddc-ec5af62306e0","ModelCode":"MerchantForm_frm","ModelName":"商户表单_frm","RefId":"5fbeb1a3-2b91-4103-9639-c2f14815f869","RefCode":"Merchant","RefName":"商户","RefPath":null,"RefFileName":null,"ModelType":0,"In":"","IsRequired":true,"ListDeepth":1,"isCollection":true,"isRetVal":true,"isBasicType":false}],"ResourceOpId":"c1cdeb8e-0bb0-4a98-bddc-ec5af62306e0&^^&Query","Transaction":false,"AssemblyInfo":null,"Extend1":"Basic","Extend2":null,"isDeprecated":false},{"Id":"c1cdeb8e-0bb0-4a98-bddc-ec5af62306e0&^^&Save","Code":"Save","Name":"保存","Description":"保存","HttpMethod":"PUT","Template":"","Parameters":[{"Id":"c1cdeb8e-0bb0-4a98-bddc-ec5af62306e0&^^&RequestInfo","Code":"requestInfo","Name":"请求信息","Description":"请求信息","ModelId":"c1cdeb8e-0bb0-4a98-bddc-ec5af62306e0&^^&RequestInfo","ModelCode":"RequestInfo","ModelName":"RequestInfo","RefId":"c1cdeb8e-0bb0-4a98-bddc-ec5af62306e0&^^&RequestInfo","RefCode":"RequestInfo","RefName":"RequestInfo","RefPath":null,"RefFileName":null,"ModelType":1,"In":"Body","IsRequired":false,"ListDeepth":0,"isCollection":false,"isRetVal":false,"isBasicType":false},{"Id":"c1cdeb8e-0bb0-4a98-bddc-ec5af62306e0&^^&ResponseInfo","Code":"responseInfo","Name":"响应信息","Description":"响应信息","ModelId":"c1cdeb8e-0bb0-4a98-bddc-ec5af62306e0&^^&ResponseInfo","ModelCode":"ResponseInfo","ModelName":"ResponseInfo","RefId":"c1cdeb8e-0bb0-4a98-bddc-ec5af62306e0&^^&ResponseInfo","RefCode":"ResponseInfo","RefName":"ResponseInfo","RefPath":null,"RefFileName":null,"ModelType":1,"In":"","IsRequired":true,"ListDeepth":0,"isCollection":false,"isRetVal":true,"isBasicType":false}],"ResourceOpId":"c1cdeb8e-0bb0-4a98-bddc-ec5af62306e0&^^&Save","Transaction":false,"AssemblyInfo":null,"Extend1":"Basic","Extend2":null,"isDeprecated":false},{"Id":"c1cdeb8e-0bb0-4a98-bddc-ec5af62306e0&^^&Cancel","Code":"Cancel","Name":"取消","Description":"取消","HttpMethod":"POST","Template":"service/cancel","Parameters":null,"ResourceOpId":"c1cdeb8e-0bb0-4a98-bddc-ec5af62306e0&^^&Cancel","Transaction":false,"AssemblyInfo":null,"Extend1":"Basic","Extend2":null,"isDeprecated":false},{"Id":"c1cdeb8e-0bb0-4a98-bddc-ec5af62306e0&^^&ElementHelp","Code":"GetElementHelp","Name":"获取字段帮助","Description":"根据labelId获取字段帮助","HttpMethod":"GET","Template":"elementhelps/{labelId}","Parameters":[{"Id":"c1cdeb8e-0bb0-4a98-bddc-ec5af62306e0&^^&labelIdParam","Code":"labelId","Name":"标签Id","Description":"标签内码","ModelId":"string","ModelCode":null,"ModelName":"string","RefId":null,"RefCode":null,"RefName":null,"RefPath":null,"RefFileName":null,"ModelType":0,"In":"Path","IsRequired":true,"ListDeepth":0,"isCollection":false,"isRetVal":false,"isBasicType":true},{"Id":"c1cdeb8e-0bb0-4a98-bddc-ec5af62306e0&^^&nodeCodeParam","Code":"nodeCode","Name":"节点编号","Description":"节点编号","ModelId":"string","ModelCode":null,"ModelName":"string","RefId":null,"RefCode":null,"RefName":null,"RefPath":null,"RefFileName":null,"ModelType":0,"In":"Query","IsRequired":true,"ListDeepth":0,"isCollection":false,"isRetVal":false,"isBasicType":true},{"Id":"c1cdeb8e-0bb0-4a98-bddc-ec5af62306e0&^^&queryParam","Code":"queryParam","Name":"查询参数","Description":"查询参数","ModelId":"string","ModelCode":null,"ModelName":"string","RefId":null,"RefCode":null,"RefName":null,"RefPath":null,"RefFileName":null,"ModelType":0,"In":"Query","IsRequired":true,"ListDeepth":0,"isCollection":false,"isRetVal":false,"isBasicType":true},{"Id":"c1cdeb8e-0bb0-4a98-bddc-ec5af62306e0&^^&ElementHelpRetParam","Code":"return","Name":"返回值","Description":"返回值","ModelId":"c1cdeb8e-0bb0-4a98-bddc-ec5af62306e0&^^&LookupResult","ModelCode":"LookupResult","ModelName":"LookupResult","RefId":"c1cdeb8e-0bb0-4a98-bddc-ec5af62306e0&^^&LookupResult","RefCode":"LookupResult","RefName":"LookupResult","RefPath":null,"RefFileName":null,"ModelType":1,"In":"","IsRequired":true,"ListDeepth":0,"isCollection":false,"isRetVal":true,"isBasicType":false}],"ResourceOpId":"c1cdeb8e-0bb0-4a98-bddc-ec5af62306e0&^^&ElementHelp","Transaction":false,"AssemblyInfo":null,"Extend1":"Basic","Extend2":null,"isDeprecated":false},{"Id":"c1cdeb8e-0bb0-4a98-bddc-ec5af62306e0&^^&Extend_Delete","Code":"Extend_Delete","Name":"扩展删除","Description":"扩展删除","HttpMethod":"PUT","Template":"/extension/delete/{dataId}","Parameters":[{"Id":"c1cdeb8e-0bb0-4a98-bddc-ec5af62306e0&^^&RequestInfo","Code":"requestInfo","Name":"请求信息","Description":"请求信息","ModelId":"c1cdeb8e-0bb0-4a98-bddc-ec5af62306e0&^^&RequestInfo","ModelCode":"RequestInfo","ModelName":"RequestInfo","RefId":"c1cdeb8e-0bb0-4a98-bddc-ec5af62306e0&^^&RequestInfo","RefCode":"RequestInfo","RefName":"RequestInfo","RefPath":null,"RefFileName":null,"ModelType":1,"In":"Body","IsRequired":false,"ListDeepth":0,"isCollection":false,"isRetVal":false,"isBasicType":false},{"Id":"c1cdeb8e-0bb0-4a98-bddc-ec5af62306e0&^^&DeleteParam","Code":"dataId","Name":"单据内码","Description":"单据内码","ModelId":"string","ModelCode":null,"ModelName":"string","RefId":null,"RefCode":null,"RefName":null,"RefPath":null,"RefFileName":null,"ModelType":0,"In":"Path","IsRequired":false,"ListDeepth":0,"isCollection":false,"isRetVal":false,"isBasicType":true},{"Id":"c1cdeb8e-0bb0-4a98-bddc-ec5af62306e0&^^&ResponseInfo","Code":"responseInfo","Name":"响应信息","Description":"响应信息","ModelId":"c1cdeb8e-0bb0-4a98-bddc-ec5af62306e0&^^&ResponseInfo","ModelCode":"ResponseInfo","ModelName":"ResponseInfo","RefId":"c1cdeb8e-0bb0-4a98-bddc-ec5af62306e0&^^&ResponseInfo","RefCode":"ResponseInfo","RefName":"ResponseInfo","RefPath":null,"RefFileName":null,"ModelType":1,"In":"","IsRequired":true,"ListDeepth":0,"isCollection":false,"isRetVal":true,"isBasicType":false}],"ResourceOpId":"c1cdeb8e-0bb0-4a98-bddc-ec5af62306e0&^^&Extend_Delete","Transaction":false,"AssemblyInfo":null,"Extend1":"Basic","Extend2":null,"isDeprecated":false},{"Id":"c1cdeb8e-0bb0-4a98-bddc-ec5af62306e0&^^&Extend_BatchDelete","Code":"Extend_BatchDelete","Name":"扩展批量删除","Description":"扩展批量删除","HttpMethod":"PUT","Template":"/extension/batchdelete","Parameters":[{"Id":"c1cdeb8e-0bb0-4a98-bddc-ec5af62306e0&^^&RequestInfo","Code":"requestInfo","Name":"请求信息","Description":"请求信息","ModelId":"c1cdeb8e-0bb0-4a98-bddc-ec5af62306e0&^^&RequestInfo","ModelCode":"RequestInfo","ModelName":"RequestInfo","RefId":"c1cdeb8e-0bb0-4a98-bddc-ec5af62306e0&^^&RequestInfo","RefCode":"RequestInfo","RefName":"RequestInfo","RefPath":null,"RefFileName":null,"ModelType":1,"In":"Body","IsRequired":false,"ListDeepth":0,"isCollection":false,"isRetVal":false,"isBasicType":false},{"Id":"c1cdeb8e-0bb0-4a98-bddc-ec5af62306e0&^^&BatchDeleteParam","Code":"ids","Name":"单据内码列表","Description":"单据内码列表","ModelId":"string","ModelCode":null,"ModelName":"string","RefId":null,"RefCode":null,"RefName":null,"RefPath":null,"RefFileName":null,"ModelType":0,"In":"Query","IsRequired":true,"ListDeepth":0,"isCollection":false,"isRetVal":false,"isBasicType":true},{"Id":"c1cdeb8e-0bb0-4a98-bddc-ec5af62306e0&^^&ResponseInfo","Code":"responseInfo","Name":"响应信息","Description":"响应信息","ModelId":"c1cdeb8e-0bb0-4a98-bddc-ec5af62306e0&^^&ResponseInfo","ModelCode":"ResponseInfo","ModelName":"ResponseInfo","RefId":"c1cdeb8e-0bb0-4a98-bddc-ec5af62306e0&^^&ResponseInfo","RefCode":"ResponseInfo","RefName":"ResponseInfo","RefPath":null,"RefFileName":null,"ModelType":1,"In":"","IsRequired":true,"ListDeepth":0,"isCollection":false,"isRetVal":true,"isBasicType":false}],"ResourceOpId":"c1cdeb8e-0bb0-4a98-bddc-ec5af62306e0&^^&Extend_BatchDelete","Transaction":false,"AssemblyInfo":null,"Extend1":"Basic","Extend2":null,"isDeprecated":false},{"Id":"c1cdeb8e-0bb0-4a98-bddc-ec5af62306e0&^^&Extension_BatchDeletion","Code":"Extension_BatchDeletion","Name":"扩展批量删除","Description":"扩展批量删除","HttpMethod":"PUT","Template":"/extension/batchdeletion","Parameters":[{"Id":"c1cdeb8e-0bb0-4a98-bddc-ec5af62306e0&^^&RequestInfo","Code":"requestInfo","Name":"请求信息","Description":"请求信息","ModelId":"c1cdeb8e-0bb0-4a98-bddc-ec5af62306e0&^^&RequestInfo","ModelCode":"RequestInfo","ModelName":"RequestInfo","RefId":"c1cdeb8e-0bb0-4a98-bddc-ec5af62306e0&^^&RequestInfo","RefCode":"RequestInfo","RefName":"RequestInfo","RefPath":null,"RefFileName":null,"ModelType":1,"In":"Body","IsRequired":false,"ListDeepth":0,"isCollection":false,"isRetVal":false,"isBasicType":false},{"Id":"c1cdeb8e-0bb0-4a98-bddc-ec5af62306e0&^^&Ids","Code":"ids","Name":"单据内码集合","Description":"批量删除的内码集合","ModelId":"string","ModelCode":null,"ModelName":"string","RefId":null,"RefCode":null,"RefName":null,"RefPath":null,"RefFileName":null,"ModelType":0,"In":"Body","IsRequired":true,"ListDeepth":1,"isCollection":true,"isRetVal":false,"isBasicType":true},{"Id":"c1cdeb8e-0bb0-4a98-bddc-ec5af62306e0&^^&ResponseInfo","Code":"responseInfo","Name":"响应信息","Description":"响应信息","ModelId":"c1cdeb8e-0bb0-4a98-bddc-ec5af62306e0&^^&ResponseInfo","ModelCode":"ResponseInfo","ModelName":"ResponseInfo","RefId":"c1cdeb8e-0bb0-4a98-bddc-ec5af62306e0&^^&ResponseInfo","RefCode":"ResponseInfo","RefName":"ResponseInfo","RefPath":null,"RefFileName":null,"ModelType":1,"In":"","IsRequired":true,"ListDeepth":0,"isCollection":false,"isRetVal":true,"isBasicType":false}],"ResourceOpId":"c1cdeb8e-0bb0-4a98-bddc-ec5af62306e0&^^&Extension_BatchDeletion","Transaction":false,"AssemblyInfo":null,"Extend1":"Basic","Extend2":null,"isDeprecated":false},{"Id":"c1cdeb8e-0bb0-4a98-bddc-ec5af62306e0&^^&Extend_Retrieve","Code":"Extend_Retrieve","Name":"扩展数据检索","Description":"扩展数据检索","HttpMethod":"PUT","Template":"/extension/retrieve/{dataId}","Parameters":[{"Id":"c1cdeb8e-0bb0-4a98-bddc-ec5af62306e0&^^&RequestInfo","Code":"requestInfo","Name":"请求信息","Description":"请求信息","ModelId":"c1cdeb8e-0bb0-4a98-bddc-ec5af62306e0&^^&RequestInfo","ModelCode":"RequestInfo","ModelName":"RequestInfo","RefId":"c1cdeb8e-0bb0-4a98-bddc-ec5af62306e0&^^&RequestInfo","RefCode":"RequestInfo","RefName":"RequestInfo","RefPath":null,"RefFileName":null,"ModelType":1,"In":"Body","IsRequired":false,"ListDeepth":0,"isCollection":false,"isRetVal":false,"isBasicType":false},{"Id":"c1cdeb8e-0bb0-4a98-bddc-ec5af62306e0&^^&RetrieveParam","Code":"dataId","Name":"单据内码","Description":"单据内码","ModelId":"string","ModelCode":null,"ModelName":"string","RefId":null,"RefCode":null,"RefName":null,"RefPath":null,"RefFileName":null,"ModelType":0,"In":"Path","IsRequired":true,"ListDeepth":0,"isCollection":false,"isRetVal":false,"isBasicType":true},{"Id":"c1cdeb8e-0bb0-4a98-bddc-ec5af62306e0&^^&ResponseInfo","Code":"responseInfo","Name":"响应信息","Description":"响应信息","ModelId":"c1cdeb8e-0bb0-4a98-bddc-ec5af62306e0&^^&ResponseInfo","ModelCode":"ResponseInfo","ModelName":"ResponseInfo","RefId":"c1cdeb8e-0bb0-4a98-bddc-ec5af62306e0&^^&ResponseInfo","RefCode":"ResponseInfo","RefName":"ResponseInfo","RefPath":null,"RefFileName":null,"ModelType":1,"In":"","IsRequired":true,"ListDeepth":0,"isCollection":false,"isRetVal":true,"isBasicType":false}],"ResourceOpId":"c1cdeb8e-0bb0-4a98-bddc-ec5af62306e0&^^&Extend_Retrieve","Transaction":false,"AssemblyInfo":null,"Extend1":"Basic","Extend2":null,"isDeprecated":false},{"Id":"c1cdeb8e-0bb0-4a98-bddc-ec5af62306e0&^^&Extend_Query","Code":"Extend_Query","Name":"扩展过滤查询","Description":"扩展过滤查询","HttpMethod":"PUT","Template":"/extension/query","Parameters":[{"Id":"c1cdeb8e-0bb0-4a98-bddc-ec5af62306e0&^^&RequestInfo","Code":"requestInfo","Name":"请求信息","Description":"请求信息","ModelId":"c1cdeb8e-0bb0-4a98-bddc-ec5af62306e0&^^&RequestInfo","ModelCode":"RequestInfo","ModelName":"RequestInfo","RefId":"c1cdeb8e-0bb0-4a98-bddc-ec5af62306e0&^^&RequestInfo","RefCode":"RequestInfo","RefName":"RequestInfo","RefPath":null,"RefFileName":null,"ModelType":1,"In":"Body","IsRequired":false,"ListDeepth":0,"isCollection":false,"isRetVal":false,"isBasicType":false},{"Id":"c1cdeb8e-0bb0-4a98-bddc-ec5af62306e0&^^&EntityFilterParam","Code":"entityFilter","Name":"过滤条件","Description":"过滤条件","ModelId":"string","ModelCode":null,"ModelName":"string","RefId":null,"RefCode":null,"RefName":null,"RefPath":null,"RefFileName":null,"ModelType":0,"In":"Query","IsRequired":false,"ListDeepth":0,"isCollection":false,"isRetVal":false,"isBasicType":true},{"Id":"c1cdeb8e-0bb0-4a98-bddc-ec5af62306e0&^^&ResponseInfo","Code":"responseInfo","Name":"响应信息","Description":"响应信息","ModelId":"c1cdeb8e-0bb0-4a98-bddc-ec5af62306e0&^^&ResponseInfo","ModelCode":"ResponseInfo","ModelName":"ResponseInfo","RefId":"c1cdeb8e-0bb0-4a98-bddc-ec5af62306e0&^^&ResponseInfo","RefCode":"ResponseInfo","RefName":"ResponseInfo","RefPath":null,"RefFileName":null,"ModelType":1,"In":"","IsRequired":true,"ListDeepth":0,"isCollection":false,"isRetVal":true,"isBasicType":false}],"ResourceOpId":"c1cdeb8e-0bb0-4a98-bddc-ec5af62306e0&^^&Extend_Query","Transaction":false,"AssemblyInfo":null,"Extend1":"Basic","Extend2":null,"isDeprecated":false},{"Id":"c1cdeb8e-0bb0-4a98-bddc-ec5af62306e0&^^&Extension_Filter","Code":"Extension_Filter","Name":"查询数据","Description":"查询数据带过滤条件","HttpMethod":"POST","Template":"/extension/filter","Parameters":[{"Id":"c1cdeb8e-0bb0-4a98-bddc-ec5af62306e0&^^&RequestInfo","Code":"requestInfo","Name":"请求信息","Description":"请求信息","ModelId":"c1cdeb8e-0bb0-4a98-bddc-ec5af62306e0&^^&RequestInfo","ModelCode":"RequestInfo","ModelName":"RequestInfo","RefId":"c1cdeb8e-0bb0-4a98-bddc-ec5af62306e0&^^&RequestInfo","RefCode":"RequestInfo","RefName":"RequestInfo","RefPath":null,"RefFileName":null,"ModelType":1,"In":"Body","IsRequired":false,"ListDeepth":0,"isCollection":false,"isRetVal":false,"isBasicType":false},{"Id":"c1cdeb8e-0bb0-4a98-bddc-ec5af62306e0&^^&EntityFilter","Code":"entityFilter","Name":"过滤条件","Description":"过滤条件","ModelId":"c1cdeb8e-0bb0-4a98-bddc-ec5af62306e0&^^&EntityFilter","ModelCode":"EntityFilter","ModelName":"EntityFilter","RefId":"c1cdeb8e-0bb0-4a98-bddc-ec5af62306e0&^^&EntityFilter","RefCode":"EntityFilter","RefName":"EntityFilter","RefPath":null,"RefFileName":null,"ModelType":1,"In":"Body","IsRequired":false,"ListDeepth":0,"isCollection":false,"isRetVal":false,"isBasicType":false},{"Id":"c1cdeb8e-0bb0-4a98-bddc-ec5af62306e0&^^&ResponseInfo","Code":"responseInfo","Name":"响应信息","Description":"响应信息","ModelId":"c1cdeb8e-0bb0-4a98-bddc-ec5af62306e0&^^&ResponseInfo","ModelCode":"ResponseInfo","ModelName":"ResponseInfo","RefId":"c1cdeb8e-0bb0-4a98-bddc-ec5af62306e0&^^&ResponseInfo","RefCode":"ResponseInfo","RefName":"ResponseInfo","RefPath":null,"RefFileName":null,"ModelType":1,"In":"","IsRequired":true,"ListDeepth":0,"isCollection":false,"isRetVal":true,"isBasicType":false}],"ResourceOpId":"c1cdeb8e-0bb0-4a98-bddc-ec5af62306e0&^^&Extension_Filter","Transaction":false,"AssemblyInfo":null,"Extend1":"Basic","Extend2":null,"isDeprecated":false},{"Id":"c1cdeb8e-0bb0-4a98-bddc-ec5af62306e0&^^&Extend_ElementHelp","Code":"Extend_GetElementHelp","Name":"扩展获取字段帮助","Description":"根据labelId获取字段帮助扩展方法","HttpMethod":"PUT","Template":"/extension/elementhelps","Parameters":[{"Id":"c1cdeb8e-0bb0-4a98-bddc-ec5af62306e0&^^&RequestInfo","Code":"requestInfo","Name":"请求信息","Description":"请求信息","ModelId":"c1cdeb8e-0bb0-4a98-bddc-ec5af62306e0&^^&RequestInfo","ModelCode":"RequestInfo","ModelName":"RequestInfo","RefId":"c1cdeb8e-0bb0-4a98-bddc-ec5af62306e0&^^&RequestInfo","RefCode":"RequestInfo","RefName":"RequestInfo","RefPath":null,"RefFileName":null,"ModelType":1,"In":"Body","IsRequired":false,"ListDeepth":0,"isCollection":false,"isRetVal":false,"isBasicType":false},{"Id":"c1cdeb8e-0bb0-4a98-bddc-ec5af62306e0&^^&labelIdParam","Code":"labelId","Name":"标签Id","Description":"标签内码","ModelId":"string","ModelCode":null,"ModelName":"string","RefId":null,"RefCode":null,"RefName":null,"RefPath":null,"RefFileName":null,"ModelType":0,"In":"Body","IsRequired":true,"ListDeepth":0,"isCollection":false,"isRetVal":false,"isBasicType":true},{"Id":"c1cdeb8e-0bb0-4a98-bddc-ec5af62306e0&^^&nodeCodeParam","Code":"nodeCode","Name":"节点编号","Description":"节点编号","ModelId":"string","ModelCode":null,"ModelName":"string","RefId":null,"RefCode":null,"RefName":null,"RefPath":null,"RefFileName":null,"ModelType":0,"In":"Body","IsRequired":true,"ListDeepth":0,"isCollection":false,"isRetVal":false,"isBasicType":true},{"Id":"c1cdeb8e-0bb0-4a98-bddc-ec5af62306e0&^^&queryParam","Code":"queryParam","Name":"查询参数","Description":"查询参数","ModelId":"c1cdeb8e-0bb0-4a98-bddc-ec5af62306e0&^^&LookupQueryParam","ModelCode":"LookupQueryParam","ModelName":"LookupQueryParam","RefId":"c1cdeb8e-0bb0-4a98-bddc-ec5af62306e0&^^&LookupQueryParam","RefCode":"LookupQueryParam","RefName":"LookupQueryParam","RefPath":null,"RefFileName":null,"ModelType":1,"In":"Body","IsRequired":true,"ListDeepth":0,"isCollection":false,"isRetVal":false,"isBasicType":true},{"Id":"c1cdeb8e-0bb0-4a98-bddc-ec5af62306e0&^^&ResponseInfo","Code":"responseInfo","Name":"响应信息","Description":"响应信息","ModelId":"c1cdeb8e-0bb0-4a98-bddc-ec5af62306e0&^^&ResponseInfo","ModelCode":"ResponseInfo","ModelName":"ResponseInfo","RefId":"c1cdeb8e-0bb0-4a98-bddc-ec5af62306e0&^^&ResponseInfo","RefCode":"ResponseInfo","RefName":"ResponseInfo","RefPath":null,"RefFileName":null,"ModelType":1,"In":"","IsRequired":true,"ListDeepth":0,"isCollection":false,"isRetVal":true,"isBasicType":false}],"ResourceOpId":"c1cdeb8e-0bb0-4a98-bddc-ec5af62306e0&^^&Extend_ElementHelp","Transaction":false,"AssemblyInfo":null,"Extend1":"Basic","Extend2":null,"isDeprecated":false},{"Id":"0c61d07b-895e-4c1b-8f23-ed6acf43e6e8&^^&PathHierarchyCreateSibling","Code":"PathHierarchyCreateSibling","Name":"分级码分级方式新增同级","Description":"分级码分级方式新增同级","HttpMethod":"PUT","Template":"/service/pathhierarchycreatesibling","Parameters":[{"Id":"0c61d07b-895e-4c1b-8f23-ed6acf43e6e8&^^&RequestInfo","Code":"requestInfo","Name":"请求信息","Description":"请求信息","ModelId":"0c61d07b-895e-4c1b-8f23-ed6acf43e6e8&^^&RequestInfo","ModelCode":"RequestInfo","ModelName":"RequestInfo","RefId":"0c61d07b-895e-4c1b-8f23-ed6acf43e6e8&^^&RequestInfo","RefCode":"RequestInfo","RefName":"RequestInfo","RefPath":null,"RefFileName":null,"ModelType":1,"In":"Body","IsRequired":false,"ListDeepth":0,"isCollection":false,"isRetVal":false,"isBasicType":false},{"Id":"0d20f688-35d4-4b5f-9000-bc014c6a022d&^^&dataID","Code":"dataID","Name":"dataID","Description":"当前焦点dataID","ModelId":"string","ModelCode":null,"ModelName":"string","RefId":null,"RefCode":null,"RefName":null,"RefPath":null,"RefFileName":null,"ModelType":0,"In":"Body","IsRequired":true,"ListDeepth":0,"isCollection":false,"isRetVal":false,"isBasicType":true},{"Id":"0c61d07b-895e-4c1b-8f23-ed6acf43e6e8&^^&ResponseInfo","Code":"responseInfo","Name":"响应信息","Description":"响应信息","ModelId":"c1cdeb8e-0bb0-4a98-bddc-ec5af62306e0&^^&ResponseInfo","ModelCode":"ResponseInfo","ModelName":"ResponseInfo","RefId":"c1cdeb8e-0bb0-4a98-bddc-ec5af62306e0&^^&ResponseInfo","RefCode":"ResponseInfo","RefName":"ResponseInfo","RefPath":null,"RefFileName":null,"ModelType":1,"In":"","IsRequired":true,"ListDeepth":0,"isCollection":false,"isRetVal":true,"isBasicType":false}],"ResourceOpId":"0c61d07b-895e-4c1b-8f23-ed6acf43e6e8&^^&PathHierarchyCreateSibling","Transaction":false,"AssemblyInfo":null,"Extend1":"Custom","Extend2":null,"isDeprecated":false},{"Id":"be46d11e-f119-4aeb-b5e2-e692cb893a97&^^&PathHierarchyCreateChildLayer","Code":"PathHierarchyCreateChildLayer","Name":"分级码分级方式新增子级","Description":"分级码分级方式新增子级","HttpMethod":"PUT","Template":"/service/pathhierarchycreatechildlayer","Parameters":[{"Id":"be46d11e-f119-4aeb-b5e2-e692cb893a97&^^&RequestInfo","Code":"requestInfo","Name":"请求信息","Description":"请求信息","ModelId":"be46d11e-f119-4aeb-b5e2-e692cb893a97&^^&RequestInfo","ModelCode":"RequestInfo","ModelName":"RequestInfo","RefId":"be46d11e-f119-4aeb-b5e2-e692cb893a97&^^&RequestInfo","RefCode":"RequestInfo","RefName":"RequestInfo","RefPath":null,"RefFileName":null,"ModelType":1,"In":"Body","IsRequired":false,"ListDeepth":0,"isCollection":false,"isRetVal":false,"isBasicType":false},{"Id":"9dceb6d2-55cc-44e9-b80b-9db1786fc564&^^&dataID","Code":"dataID","Name":"dataID","Description":"要新增子级的父节点dataID","ModelId":"string","ModelCode":null,"ModelName":"string","RefId":null,"RefCode":null,"RefName":null,"RefPath":null,"RefFileName":null,"ModelType":0,"In":"Body","IsRequired":true,"ListDeepth":0,"isCollection":false,"isRetVal":false,"isBasicType":true},{"Id":"be46d11e-f119-4aeb-b5e2-e692cb893a97&^^&ResponseInfo","Code":"responseInfo","Name":"响应信息","Description":"响应信息","ModelId":"c1cdeb8e-0bb0-4a98-bddc-ec5af62306e0&^^&ResponseInfo","ModelCode":"ResponseInfo","ModelName":"ResponseInfo","RefId":"c1cdeb8e-0bb0-4a98-bddc-ec5af62306e0&^^&ResponseInfo","RefCode":"ResponseInfo","RefName":"ResponseInfo","RefPath":null,"RefFileName":null,"ModelType":1,"In":"","IsRequired":true,"ListDeepth":0,"isCollection":false,"isRetVal":true,"isBasicType":false}],"ResourceOpId":"be46d11e-f119-4aeb-b5e2-e692cb893a97&^^&PathHierarchyCreateChildLayer","Transaction":false,"AssemblyInfo":null,"Extend1":"Custom","Extend2":null,"isDeprecated":false}],"Extension":null},"Models":[{"Id":"c1cdeb8e-0bb0-4a98-bddc-ec5af62306e0&^^&RequestInfo","Code":"RequestInfo","Name":"RequestInfo","ModelId":"c1cdeb8e-0bb0-4a98-bddc-ec5af62306e0&^^&RequestInfo","ModelCode":"RequestInfo","ModelName":"RequestInfo","RelativePath":null,"FileName":null,"ModelType":1},{"Id":"c1cdeb8e-0bb0-4a98-bddc-ec5af62306e0&^^&DefaultValue","Code":"DefaultValue","Name":"DefaultValue","ModelId":"c1cdeb8e-0bb0-4a98-bddc-ec5af62306e0&^^&DefaultValue","ModelCode":"DefaultValue","ModelName":"DefaultValue","RelativePath":null,"FileName":null,"ModelType":1},{"Id":"c1cdeb8e-0bb0-4a98-bddc-ec5af62306e0&^^&ResponseInfo","Code":"ResponseInfo","Name":"ResponseInfo","ModelId":"c1cdeb8e-0bb0-4a98-bddc-ec5af62306e0&^^&ResponseInfo","ModelCode":"ResponseInfo","ModelName":"ResponseInfo","RelativePath":null,"FileName":null,"ModelType":1},{"Id":"c1cdeb8e-0bb0-4a98-bddc-ec5af62306e0&^^&RetrieveDefaultParam","Code":"RetrieveDefaultParam","Name":"RetrieveDefaultParam","ModelId":"c1cdeb8e-0bb0-4a98-bddc-ec5af62306e0&^^&RetrieveDefaultParam","ModelCode":"RetrieveDefaultParam","ModelName":"RetrieveDefaultParam","RelativePath":null,"FileName":null,"ModelType":1},{"Id":"c1cdeb8e-0bb0-4a98-bddc-ec5af62306e0&^^&ChangeDetail","Code":"ChangeDetail","Name":"ChangeDetail","ModelId":"c1cdeb8e-0bb0-4a98-bddc-ec5af62306e0&^^&ChangeDetail","ModelCode":"ChangeDetail","ModelName":"ChangeDetail","RelativePath":null,"FileName":null,"ModelType":1},{"Id":"5fbeb1a3-2b91-4103-9639-c2f14815f869","Code":"Merchant","Name":"商户","ModelId":"c1cdeb8e-0bb0-4a98-bddc-ec5af62306e0","ModelCode":"MerchantForm_frm","ModelName":"商户表单_frm","RelativePath":null,"FileName":null,"ModelType":0},{"Id":"c1cdeb8e-0bb0-4a98-bddc-ec5af62306e0&^^&RetrieveParam","Code":"RetrieveParam","Name":"RetrieveParam","ModelId":"c1cdeb8e-0bb0-4a98-bddc-ec5af62306e0&^^&RetrieveParam","ModelCode":"RetrieveParam","ModelName":"RetrieveParam","RelativePath":null,"FileName":null,"ModelType":1},{"Id":"c1cdeb8e-0bb0-4a98-bddc-ec5af62306e0&^^&Pagination","Code":"Pagination","Name":"Pagination","ModelId":"c1cdeb8e-0bb0-4a98-bddc-ec5af62306e0&^^&Pagination","ModelCode":"Pagination","ModelName":"Pagination","RelativePath":null,"FileName":null,"ModelType":1},{"Id":"c1cdeb8e-0bb0-4a98-bddc-ec5af62306e0&^^&LookupResult","Code":"LookupResult","Name":"LookupResult","ModelId":"c1cdeb8e-0bb0-4a98-bddc-ec5af62306e0&^^&LookupResult","ModelCode":"LookupResult","ModelName":"LookupResult","RelativePath":null,"FileName":null,"ModelType":1},{"Id":"c1cdeb8e-0bb0-4a98-bddc-ec5af62306e0&^^&EntityFilter","Code":"EntityFilter","Name":"EntityFilter","ModelId":"c1cdeb8e-0bb0-4a98-bddc-ec5af62306e0&^^&EntityFilter","ModelCode":"EntityFilter","ModelName":"EntityFilter","RelativePath":null,"FileName":null,"ModelType":1},{"Id":"0c61d07b-895e-4c1b-8f23-ed6acf43e6e8&^^&RequestInfo","Code":"RequestInfo","Name":"RequestInfo","ModelId":"0c61d07b-895e-4c1b-8f23-ed6acf43e6e8&^^&RequestInfo","ModelCode":"RequestInfo","ModelName":"RequestInfo","RelativePath":null,"FileName":null,"ModelType":1},{"Id":"be46d11e-f119-4aeb-b5e2-e692cb893a97&^^&RequestInfo","Code":"RequestInfo","Name":"RequestInfo","ModelId":"be46d11e-f119-4aeb-b5e2-e692cb893a97&^^&RequestInfo","ModelCode":"RequestInfo","ModelName":"RequestInfo","RelativePath":null,"FileName":null,"ModelType":1}],"Router":"/api/apporder/df/v1.0/merchantform_frm","EndPoint":"/apporder/df/v1.0/merchantform_frm"}]