{"moduleName":null,"summaries":[{"symbol":{"__symbol":0,"members":[]},"metadata":{"__symbolic":"class","extends":{"__symbol":1,"members":[]},"members":{"Edit1":[{"__symbolic":"method","decorators":[{"__symbolic":"call","expression":{"__symbol":2,"members":[]},"arguments":[{"name":"Edit1","params":{}}]}]}],"Save1":[{"__symbolic":"method","decorators":[{"__symbolic":"call","expression":{"__symbol":2,"members":[]},"arguments":[{"name":"Save1","params":{}}]}]}],"Cancel1":[{"__symbolic":"method","decorators":[{"__symbolic":"call","expression":{"__symbol":2,"members":[]},"arguments":[{"name":"Cancel1","params":{}}]}]}]}},"type":{"summaryKind":3,"type":{"reference":{"__symbol":0,"members":[]},"diDeps":[],"lifecycleHooks":[1]}}}],"symbols":[{"__symbol":0,"name":"DetailFormComponentViewmodel","filePath":"./detailformcomponentviewmodel"},{"__symbol":1,"name":"ViewModel","filePath":"@farris/devkit"},{"__symbol":2,"name":"NgCommand","filePath":"@farris/devkit"}]}