{"moduleName":null,"summaries":[{"symbol":{"__symbol":0,"members":[]},"metadata":{"__symbolic":"class","extends":{"__symbol":1,"members":[]},"members":{"id":[{"__symbolic":"property","decorators":[{"__symbolic":"call","expression":{"__symbol":2,"members":[]},"arguments":[{"originalDataField":"ID","dataField":"id","primary":true,"originalDataFieldType":"String","initValue":"","path":"ID","validRules":[{"type":"required","constraints":[true]},{"type":"maxLength","constraints":[36],"message":"最大长度为36"}]}]}]}],"version":[{"__symbolic":"property","decorators":[{"__symbolic":"call","expression":{"__symbol":2,"members":[]},"arguments":[{"originalDataField":"Version","dataField":"version","originalDataFieldType":"DateTime","initValue":"0001-01-01T00:00:00","path":"Version","enableTimeZone":true}]}]}],"remark":[{"__symbolic":"property","decorators":[{"__symbolic":"call","expression":{"__symbol":2,"members":[]},"arguments":[{"originalDataField":"Remark","dataField":"remark","originalDataFieldType":"String","initValue":"","path":"Remark","validRules":[{"type":"maxLength","constraints":[1000],"message":"最大长度为1000"}]}]}]}],"state":[{"__symbolic":"property","decorators":[{"__symbolic":"call","expression":{"__symbol":2,"members":[]},"arguments":[{"originalDataField":"State","dataField":"state","originalDataFieldType":"Enum","defaultValue":"","initValue":"zz","path":"State"}]}]}],"gender":[{"__symbolic":"property","decorators":[{"__symbolic":"call","expression":{"__symbol":2,"members":[]},"arguments":[{"originalDataField":"Gender","dataField":"gender","originalDataFieldType":"Enum","defaultValue":"","initValue":"men","path":"Gender"}]}]}],"category":[{"__symbolic":"property","decorators":[{"__symbolic":"call","expression":{"__symbol":2,"members":[]},"arguments":[{"originalDataField":"Category","dataField":"category","originalDataFieldType":"Enum","defaultValue":"","initValue":"01","path":"Category"}]}]}],"name":[{"__symbolic":"property","decorators":[{"__symbolic":"call","expression":{"__symbol":2,"members":[]},"arguments":[{"originalDataField":"Name","dataField":"name","originalDataFieldType":"String","initValue":"","path":"Name","validRules":[{"type":"maxLength","constraints":[36],"message":"最大长度为36"}]}]}]}],"telephone":[{"__symbolic":"property","decorators":[{"__symbolic":"call","expression":{"__symbol":3,"members":[]},"arguments":[{"dataField":"telephone","originalDataField":"Telephone","type":{"__symbol":4,"members":[]}}]}]}],"mailbox":[{"__symbolic":"property","decorators":[{"__symbolic":"call","expression":{"__symbol":3,"members":[]},"arguments":[{"dataField":"mailbox","originalDataField":"Mailbox","type":{"__symbol":5,"members":[]}}]}]}]}}}],"symbols":[{"__symbol":0,"name":"EmployeeEntity","filePath":"./employeeentity"},{"__symbol":1,"name":"Entity","filePath":"@farris/devkit"},{"__symbol":2,"name":"NgField","filePath":"@farris/devkit"},{"__symbol":3,"name":"NgObject","filePath":"@farris/devkit"},{"__symbol":4,"name":"PhoneNumber1ea2Entity","filePath":"./phonenumber1ea2entity"},{"__symbol":5,"name":"EmailD542Entity","filePath":"./emaild542entity"}]}